ISO-10303-21;
HEADER;
/* Generated by software containing ST-Developer
 * from STEP Tools, Inc. (www.steptools.com) 
 */
/* OPTION: using custom renumber hook */

FILE_DESCRIPTION(
/* description */ ('STEP AP242 Edition 2',
'CAx-IF Rec.Pracs.---Representation and Presentation of Product Manufa
cturing Information (PMI)---4.0---2014-10-13',
'CAx-IF Rec.Pracs.---3D Tessellated Geometry---0.4---2014-09-14','2;1',
'CAx-IF Rec.Pracs.---User Defined Attributes---1.5---2016-08-15'),
/* implementation_level */ '2;1');

FILE_NAME(
/* name */ 'Plates - mirror plate',
/* time_stamp */ '2026-10-08T20:28:51Z',
/* author */ (''),
/* organization */ (''),
/* preprocessor_version */ 'ST-DEVELOPER v20',
/* originating_system */ 'ONSHAPE BY PTC INC, 1.221',
/* authorisation */ '  ');

FILE_SCHEMA (('AP242_MANAGED_MODEL_BASED_3D_ENGINEERING_MIM_LF { 1 0 10303 442 3 1 4 }'));
ENDSEC;

DATA;
#10=SHAPE_REPRESENTATION_RELATIONSHIP('','',#8008,#11);
#11=ADVANCED_BREP_SHAPE_REPRESENTATION('',(#8006),#14186);
#12=CYLINDRICAL_SURFACE('',#8445,0.0924355694709392);
#13=CYLINDRICAL_SURFACE('',#8446,0.294639999996308);
#14=CYLINDRICAL_SURFACE('',#8447,0.096454140728388);
#15=CYLINDRICAL_SURFACE('',#8448,0.0964541407281148);
#16=CYLINDRICAL_SURFACE('',#8449,0.294639999998669);
#17=CYLINDRICAL_SURFACE('',#8450,0.0964541407279031);
#18=CYLINDRICAL_SURFACE('',#8451,0.0964541407280488);
#19=CYLINDRICAL_SURFACE('',#8452,0.294639999998562);
#20=CYLINDRICAL_SURFACE('',#8453,0.0964541407273956);
#21=CYLINDRICAL_SURFACE('',#8454,0.0964541407282906);
#22=CYLINDRICAL_SURFACE('',#8455,0.29463999999297);
#23=CYLINDRICAL_SURFACE('',#8456,0.0964541407284394);
#24=CYLINDRICAL_SURFACE('',#8457,0.0964541407281774);
#25=CYLINDRICAL_SURFACE('',#8458,0.294639999998405);
#26=CYLINDRICAL_SURFACE('',#8459,0.0964541407279735);
#27=CYLINDRICAL_SURFACE('',#8460,0.0964541407186461);
#28=CYLINDRICAL_SURFACE('',#8461,0.294639999996021);
#29=CYLINDRICAL_SURFACE('',#8462,0.0964541407184369);
#30=CYLINDRICAL_SURFACE('',#8463,0.0964541407281788);
#31=CYLINDRICAL_SURFACE('',#8464,0.29463999999467);
#32=CYLINDRICAL_SURFACE('',#8465,0.0964541407217044);
#33=CYLINDRICAL_SURFACE('',#8466,0.0964541407283121);
#34=CYLINDRICAL_SURFACE('',#8467,0.294639999994828);
#35=CYLINDRICAL_SURFACE('',#8468,0.0964541407190765);
#36=CYLINDRICAL_SURFACE('',#8469,0.096454140728156);
#37=CYLINDRICAL_SURFACE('',#8470,0.294639999996014);
#38=CYLINDRICAL_SURFACE('',#8471,0.0964541407281113);
#39=CYLINDRICAL_SURFACE('',#8472,0.0964541407281294);
#40=CYLINDRICAL_SURFACE('',#8473,0.29463999999747);
#41=CYLINDRICAL_SURFACE('',#8474,0.0964541407284202);
#42=CYLINDRICAL_SURFACE('',#8475,0.0964541407194082);
#43=CYLINDRICAL_SURFACE('',#8476,0.294639999994653);
#44=CYLINDRICAL_SURFACE('',#8477,0.096454140727992);
#45=CYLINDRICAL_SURFACE('',#8478,0.0964541407281077);
#46=CYLINDRICAL_SURFACE('',#8479,0.294639999997719);
#47=CYLINDRICAL_SURFACE('',#8480,0.096454140728424);
#48=CYLINDRICAL_SURFACE('',#8481,0.0964541407184868);
#49=CYLINDRICAL_SURFACE('',#8482,0.294639999997787);
#50=CYLINDRICAL_SURFACE('',#8483,0.0964541407195187);
#51=CYLINDRICAL_SURFACE('',#8484,0.0964541407183535);
#52=CYLINDRICAL_SURFACE('',#8485,0.294640000001403);
#53=CYLINDRICAL_SURFACE('',#8486,0.0964541407279284);
#54=CYLINDRICAL_SURFACE('',#8487,0.0964541407212192);
#55=CYLINDRICAL_SURFACE('',#8488,0.294639999995928);
#56=CYLINDRICAL_SURFACE('',#8489,0.0964541407284109);
#57=CYLINDRICAL_SURFACE('',#8490,0.0964541407282122);
#58=CYLINDRICAL_SURFACE('',#8491,0.294640000000204);
#59=CYLINDRICAL_SURFACE('',#8492,0.0964541407182887);
#60=CYLINDRICAL_SURFACE('',#8493,0.0964541407280783);
#61=CYLINDRICAL_SURFACE('',#8494,0.294639999994887);
#62=CYLINDRICAL_SURFACE('',#8495,0.0964541407279164);
#63=CYLINDRICAL_SURFACE('',#8496,0.0964541407281982);
#64=CYLINDRICAL_SURFACE('',#8497,0.294639999995963);
#65=CYLINDRICAL_SURFACE('',#8498,0.0964541407280154);
#66=CYLINDRICAL_SURFACE('',#8499,0.0964541407280945);
#67=CYLINDRICAL_SURFACE('',#8500,0.294639999992307);
#68=CYLINDRICAL_SURFACE('',#8501,0.0964541407192318);
#69=CYLINDRICAL_SURFACE('',#8502,0.0964541407282081);
#70=CYLINDRICAL_SURFACE('',#8503,0.294639999997707);
#71=CYLINDRICAL_SURFACE('',#8504,0.096454140728335);
#72=CYLINDRICAL_SURFACE('',#8505,0.0964541407282138);
#73=CYLINDRICAL_SURFACE('',#8506,0.294639999996359);
#74=CYLINDRICAL_SURFACE('',#8507,0.0964541407182181);
#75=CYLINDRICAL_SURFACE('',#8508,0.096454140727973);
#76=CYLINDRICAL_SURFACE('',#8509,0.294639999996359);
#77=CYLINDRICAL_SURFACE('',#8510,0.0964541407280981);
#78=CYLINDRICAL_SURFACE('',#8511,0.0964541407282226);
#79=CYLINDRICAL_SURFACE('',#8512,0.29463999999778);
#80=CYLINDRICAL_SURFACE('',#8513,0.0964541407281035);
#81=CYLINDRICAL_SURFACE('',#8514,0.0964541407283642);
#82=CYLINDRICAL_SURFACE('',#8515,0.294639999992234);
#83=CYLINDRICAL_SURFACE('',#8516,0.0964541407280559);
#84=CYLINDRICAL_SURFACE('',#8517,0.0964541407280755);
#85=CYLINDRICAL_SURFACE('',#8518,0.0025527);
#86=CYLINDRICAL_SURFACE('',#8519,0.01430655);
#87=CYLINDRICAL_SURFACE('',#8520,0.01430655);
#88=CYLINDRICAL_SURFACE('',#8521,0.01430655);
#89=CYLINDRICAL_SURFACE('',#8522,0.02954655);
#90=CYLINDRICAL_SURFACE('',#8523,0.0025527);
#91=CYLINDRICAL_SURFACE('',#8524,0.0020193);
#92=CYLINDRICAL_SURFACE('',#8526,0.0015875);
#93=CYLINDRICAL_SURFACE('',#8529,0.0015875);
#94=CYLINDRICAL_SURFACE('',#8532,0.0015875);
#95=CYLINDRICAL_SURFACE('',#8535,0.0015875);
#96=CYLINDRICAL_SURFACE('',#8538,0.0015875);
#97=CYLINDRICAL_SURFACE('',#8541,0.0015875);
#98=CYLINDRICAL_SURFACE('',#8544,0.0015875);
#99=CYLINDRICAL_SURFACE('',#8547,0.0015875);
#100=CYLINDRICAL_SURFACE('',#8550,0.0015875);
#101=CYLINDRICAL_SURFACE('',#8553,0.0015875);
#102=CYLINDRICAL_SURFACE('',#8556,0.0015875);
#103=CYLINDRICAL_SURFACE('',#8559,0.0015875);
#104=CYLINDRICAL_SURFACE('',#8562,0.0015875);
#105=CYLINDRICAL_SURFACE('',#8565,0.0015875);
#106=CYLINDRICAL_SURFACE('',#8568,0.0015875);
#107=CYLINDRICAL_SURFACE('',#8571,0.0015875);
#108=CYLINDRICAL_SURFACE('',#8574,0.0015875);
#109=CYLINDRICAL_SURFACE('',#8577,0.0015875);
#110=CYLINDRICAL_SURFACE('',#8580,0.0015875);
#111=CYLINDRICAL_SURFACE('',#8583,0.0015875);
#112=CYLINDRICAL_SURFACE('',#8586,0.0015875);
#113=CYLINDRICAL_SURFACE('',#8589,0.0015875);
#114=CYLINDRICAL_SURFACE('',#8592,0.0015875);
#115=CYLINDRICAL_SURFACE('',#8595,0.0015875);
#116=CYLINDRICAL_SURFACE('',#8597,0.0020193);
#117=CYLINDRICAL_SURFACE('',#8598,0.0020193);
#118=CYLINDRICAL_SURFACE('',#8599,0.0051943);
#119=CYLINDRICAL_SURFACE('',#8600,0.0254);
#120=CYLINDRICAL_SURFACE('',#8602,0.281510748377808);
#121=CYLINDRICAL_SURFACE('',#8605,0.281510748377808);
#122=CYLINDRICAL_SURFACE('',#8606,0.003175);
#123=CYLINDRICAL_SURFACE('',#8607,0.003175);
#124=CYLINDRICAL_SURFACE('',#8608,0.003175);
#125=CYLINDRICAL_SURFACE('',#8609,0.003175);
#126=CYLINDRICAL_SURFACE('',#8610,0.003175);
#127=CYLINDRICAL_SURFACE('',#8611,0.003175);
#128=CYLINDRICAL_SURFACE('',#8612,0.003175);
#129=CYLINDRICAL_SURFACE('',#8617,0.281510748377809);
#130=CYLINDRICAL_SURFACE('',#8619,0.003175);
#131=CYLINDRICAL_SURFACE('',#8620,0.003175);
#132=CYLINDRICAL_SURFACE('',#8621,0.003175);
#133=CYLINDRICAL_SURFACE('',#8622,0.003175);
#134=CYLINDRICAL_SURFACE('',#8623,0.003175);
#135=CYLINDRICAL_SURFACE('',#8624,0.003175);
#136=CYLINDRICAL_SURFACE('',#8627,0.142126);
#137=CYLINDRICAL_SURFACE('',#8629,0.003175);
#138=CYLINDRICAL_SURFACE('',#8630,0.003175);
#139=CYLINDRICAL_SURFACE('',#8631,0.003175);
#140=CYLINDRICAL_SURFACE('',#8632,0.186195);
#141=CYLINDRICAL_SURFACE('',#8637,0.0051943);
#142=CYLINDRICAL_SURFACE('',#8639,0.003175);
#143=CYLINDRICAL_SURFACE('',#8640,0.003175);
#144=CYLINDRICAL_SURFACE('',#8641,0.003175);
#145=CYLINDRICAL_SURFACE('',#8642,0.003175);
#146=CYLINDRICAL_SURFACE('',#8643,0.003175);
#147=CYLINDRICAL_SURFACE('',#8644,0.003175);
#148=CYLINDRICAL_SURFACE('',#8647,0.179845);
#149=CYLINDRICAL_SURFACE('',#8649,0.003175);
#150=CYLINDRICAL_SURFACE('',#8650,0.003175);
#151=CYLINDRICAL_SURFACE('',#8651,0.003175);
#152=CYLINDRICAL_SURFACE('',#8656,0.053975);
#153=CYLINDRICAL_SURFACE('',#8657,0.003175);
#154=CYLINDRICAL_SURFACE('',#8658,0.003175);
#155=CYLINDRICAL_SURFACE('',#8659,0.003175);
#156=CYLINDRICAL_SURFACE('',#8660,0.179845);
#157=CYLINDRICAL_SURFACE('',#8661,0.0254);
#158=CYLINDRICAL_SURFACE('',#8666,0.003175);
#159=CYLINDRICAL_SURFACE('',#8667,0.003175);
#160=CYLINDRICAL_SURFACE('',#8668,0.003175);
#161=CYLINDRICAL_SURFACE('',#8669,0.003175);
#162=CYLINDRICAL_SURFACE('',#8670,0.003175);
#163=CYLINDRICAL_SURFACE('',#8671,0.003175);
#164=CYLINDRICAL_SURFACE('',#8674,0.0254);
#165=CYLINDRICAL_SURFACE('',#8678,0.047625);
#166=CYLINDRICAL_SURFACE('',#8680,0.003175);
#167=CYLINDRICAL_SURFACE('',#8681,0.003175);
#168=CYLINDRICAL_SURFACE('',#8682,0.003175);
#169=CYLINDRICAL_SURFACE('',#8683,0.003175);
#170=CYLINDRICAL_SURFACE('',#8684,0.003175);
#171=CYLINDRICAL_SURFACE('',#8685,0.003175);
#172=CYLINDRICAL_SURFACE('',#8688,0.091694);
#173=CYLINDRICAL_SURFACE('',#8690,0.003175);
#174=CYLINDRICAL_SURFACE('',#8691,0.003175);
#175=CYLINDRICAL_SURFACE('',#8692,0.003175);
#176=CYLINDRICAL_SURFACE('',#8695,0.091694);
#177=CYLINDRICAL_SURFACE('',#8697,0.003175);
#178=CYLINDRICAL_SURFACE('',#8698,0.003175);
#179=CYLINDRICAL_SURFACE('',#8699,0.003175);
#180=CYLINDRICAL_SURFACE('',#8700,0.0254);
#181=CYLINDRICAL_SURFACE('',#8702,0.008255);
#182=CYLINDRICAL_SURFACE('',#8705,0.003175);
#183=CYLINDRICAL_SURFACE('',#8706,0.003175);
#184=CYLINDRICAL_SURFACE('',#8707,0.003175);
#185=CYLINDRICAL_SURFACE('',#8708,0.003175);
#186=CYLINDRICAL_SURFACE('',#8709,0.003175);
#187=CYLINDRICAL_SURFACE('',#8711,0.0254);
#188=CYLINDRICAL_SURFACE('',#8712,0.0254);
#189=CYLINDRICAL_SURFACE('',#8715,0.003175);
#190=CYLINDRICAL_SURFACE('',#8716,0.003175);
#191=CYLINDRICAL_SURFACE('',#8717,0.003175);
#192=CYLINDRICAL_SURFACE('',#8718,0.003175);
#193=CYLINDRICAL_SURFACE('',#8719,0.003175);
#194=CYLINDRICAL_SURFACE('',#8721,0.00150246681846498);
#195=CYLINDRICAL_SURFACE('',#8724,0.00762);
#196=CYLINDRICAL_SURFACE('',#8725,0.00820571369975674);
#197=CYLINDRICAL_SURFACE('',#8727,0.00643710248562301);
#198=CYLINDRICAL_SURFACE('',#8729,0.00641953923804726);
#199=CYLINDRICAL_SURFACE('',#8731,0.00820571369975678);
#200=CYLINDRICAL_SURFACE('',#8733,0.00647553737967543);
#201=CYLINDRICAL_SURFACE('',#8735,0.00647553737967585);
#202=CYLINDRICAL_SURFACE('',#8745,0.0112106053161466);
#203=CYLINDRICAL_SURFACE('',#8746,0.0399976054566317);
#204=CYLINDRICAL_SURFACE('',#8748,0.0257736985886387);
#205=CYLINDRICAL_SURFACE('',#8750,0.00853775810220262);
#206=CYLINDRICAL_SURFACE('',#8752,0.0427388556389589);
#207=CYLINDRICAL_SURFACE('',#8754,0.0438244831968087);
#208=CYLINDRICAL_SURFACE('',#8756,0.0399651189557252);
#209=CYLINDRICAL_SURFACE('',#8758,0.0598781384939116);
#210=CYLINDRICAL_SURFACE('',#8762,0.0109758328320167);
#211=CYLINDRICAL_SURFACE('',#8764,0.00644434325345976);
#212=CYLINDRICAL_SURFACE('',#8765,0.00644434325345976);
#213=CYLINDRICAL_SURFACE('',#8767,0.00541245239515659);
#214=CYLINDRICAL_SURFACE('',#8768,0.00122222998428984);
#215=CYLINDRICAL_SURFACE('',#8769,0.0114453231205621);
#216=CYLINDRICAL_SURFACE('',#8770,0.001016);
#217=CYLINDRICAL_SURFACE('',#8771,0.001016);
#218=CYLINDRICAL_SURFACE('',#8772,0.0101405494340162);
#219=CYLINDRICAL_SURFACE('',#8773,0.0015875);
#220=CYLINDRICAL_SURFACE('',#8774,0.0015875);
#221=CYLINDRICAL_SURFACE('',#8775,0.0015875);
#222=CYLINDRICAL_SURFACE('',#8776,0.0015875);
#223=CYLINDRICAL_SURFACE('',#8777,0.0015875);
#224=CYLINDRICAL_SURFACE('',#8778,0.0015875);
#225=CYLINDRICAL_SURFACE('',#8779,0.0015875);
#226=CYLINDRICAL_SURFACE('',#8780,0.0015875);
#227=CYLINDRICAL_SURFACE('',#8781,0.0015875);
#228=CYLINDRICAL_SURFACE('',#8782,0.0015875);
#229=CYLINDRICAL_SURFACE('',#8783,0.0015875);
#230=CIRCLE('',#8017,0.0015875);
#231=CIRCLE('',#8018,0.00122222998428984);
#232=CIRCLE('',#8019,0.0015875);
#233=CIRCLE('',#8020,0.0015875);
#234=CIRCLE('',#8021,0.0015875);
#235=CIRCLE('',#8022,0.0112106053161466);
#236=CIRCLE('',#8023,0.0015875);
#237=CIRCLE('',#8024,0.0015875);
#238=CIRCLE('',#8025,0.0015875);
#239=CIRCLE('',#8030,0.0109758328320167);
#240=CIRCLE('',#8031,0.0015875);
#241=CIRCLE('',#8032,0.0015875);
#242=CIRCLE('',#8033,0.0015875);
#243=CIRCLE('',#8034,0.0015875);
#244=CIRCLE('',#8036,0.0015875);
#245=CIRCLE('',#8037,0.00122222998428984);
#246=CIRCLE('',#8038,0.0015875);
#247=CIRCLE('',#8039,0.0015875);
#248=CIRCLE('',#8040,0.0015875);
#249=CIRCLE('',#8041,0.0015875);
#250=CIRCLE('',#8042,0.0112106053161466);
#251=CIRCLE('',#8043,0.0015875);
#252=CIRCLE('',#8044,0.0015875);
#253=CIRCLE('',#8045,0.00762);
#254=CIRCLE('',#8046,0.00150246681846498);
#255=CIRCLE('',#8047,0.0964541407280755);
#256=CIRCLE('',#8048,0.0015875);
#257=CIRCLE('',#8049,0.0964541407280559);
#258=CIRCLE('',#8050,0.294639999992234);
#259=CIRCLE('',#8051,0.0964541407283642);
#260=CIRCLE('',#8052,0.0015875);
#261=CIRCLE('',#8053,0.0964541407281035);
#262=CIRCLE('',#8054,0.29463999999778);
#263=CIRCLE('',#8055,0.0964541407282226);
#264=CIRCLE('',#8056,0.0015875);
#265=CIRCLE('',#8057,0.0964541407280981);
#266=CIRCLE('',#8058,0.294639999996359);
#267=CIRCLE('',#8059,0.096454140727973);
#268=CIRCLE('',#8060,0.0015875);
#269=CIRCLE('',#8061,0.0964541407182181);
#270=CIRCLE('',#8062,0.294639999996359);
#271=CIRCLE('',#8063,0.0964541407282138);
#272=CIRCLE('',#8064,0.0015875);
#273=CIRCLE('',#8065,0.096454140728335);
#274=CIRCLE('',#8066,0.294639999997707);
#275=CIRCLE('',#8067,0.0964541407282081);
#276=CIRCLE('',#8068,0.0015875);
#277=CIRCLE('',#8069,0.0964541407192318);
#278=CIRCLE('',#8070,0.294639999992307);
#279=CIRCLE('',#8071,0.0964541407280945);
#280=CIRCLE('',#8072,0.0015875);
#281=CIRCLE('',#8073,0.0964541407280154);
#282=CIRCLE('',#8074,0.294639999995963);
#283=CIRCLE('',#8075,0.0964541407281982);
#284=CIRCLE('',#8076,0.0015875);
#285=CIRCLE('',#8077,0.0964541407279164);
#286=CIRCLE('',#8078,0.294639999994887);
#287=CIRCLE('',#8079,0.0964541407280783);
#288=CIRCLE('',#8080,0.0015875);
#289=CIRCLE('',#8081,0.0964541407182887);
#290=CIRCLE('',#8082,0.294640000000204);
#291=CIRCLE('',#8083,0.0964541407282122);
#292=CIRCLE('',#8084,0.0015875);
#293=CIRCLE('',#8085,0.0964541407284109);
#294=CIRCLE('',#8086,0.294639999995928);
#295=CIRCLE('',#8087,0.0964541407212192);
#296=CIRCLE('',#8088,0.0015875);
#297=CIRCLE('',#8089,0.0964541407279284);
#298=CIRCLE('',#8090,0.294640000001403);
#299=CIRCLE('',#8091,0.0964541407183535);
#300=CIRCLE('',#8092,0.0015875);
#301=CIRCLE('',#8093,0.0964541407195187);
#302=CIRCLE('',#8094,0.294639999997787);
#303=CIRCLE('',#8095,0.0964541407184868);
#304=CIRCLE('',#8096,0.0015875);
#305=CIRCLE('',#8097,0.096454140728424);
#306=CIRCLE('',#8098,0.294639999997719);
#307=CIRCLE('',#8099,0.0964541407281077);
#308=CIRCLE('',#8100,0.0015875);
#309=CIRCLE('',#8101,0.096454140727992);
#310=CIRCLE('',#8102,0.294639999994653);
#311=CIRCLE('',#8103,0.0964541407194082);
#312=CIRCLE('',#8104,0.0015875);
#313=CIRCLE('',#8105,0.0964541407284202);
#314=CIRCLE('',#8106,0.29463999999747);
#315=CIRCLE('',#8107,0.0964541407281294);
#316=CIRCLE('',#8108,0.0015875);
#317=CIRCLE('',#8109,0.0964541407281113);
#318=CIRCLE('',#8110,0.294639999996014);
#319=CIRCLE('',#8111,0.096454140728156);
#320=CIRCLE('',#8112,0.0015875);
#321=CIRCLE('',#8113,0.0964541407190765);
#322=CIRCLE('',#8114,0.294639999994828);
#323=CIRCLE('',#8115,0.0964541407283121);
#324=CIRCLE('',#8116,0.0015875);
#325=CIRCLE('',#8117,0.0964541407217044);
#326=CIRCLE('',#8118,0.29463999999467);
#327=CIRCLE('',#8119,0.0964541407281788);
#328=CIRCLE('',#8120,0.0015875);
#329=CIRCLE('',#8121,0.0964541407184369);
#330=CIRCLE('',#8122,0.294639999996021);
#331=CIRCLE('',#8123,0.0964541407186461);
#332=CIRCLE('',#8124,0.0015875);
#333=CIRCLE('',#8125,0.0964541407279735);
#334=CIRCLE('',#8126,0.294639999998405);
#335=CIRCLE('',#8127,0.0964541407281774);
#336=CIRCLE('',#8128,0.0015875);
#337=CIRCLE('',#8129,0.0964541407284394);
#338=CIRCLE('',#8130,0.29463999999297);
#339=CIRCLE('',#8131,0.0964541407282906);
#340=CIRCLE('',#8132,0.0015875);
#341=CIRCLE('',#8133,0.0964541407273956);
#342=CIRCLE('',#8134,0.294639999998562);
#343=CIRCLE('',#8135,0.0964541407280488);
#344=CIRCLE('',#8136,0.0015875);
#345=CIRCLE('',#8137,0.0964541407279031);
#346=CIRCLE('',#8138,0.294639999998669);
#347=CIRCLE('',#8139,0.0964541407281148);
#348=CIRCLE('',#8140,0.0015875);
#349=CIRCLE('',#8141,0.096454140728388);
#350=CIRCLE('',#8142,0.294639999996308);
#351=CIRCLE('',#8143,0.0924355694709392);
#352=CIRCLE('',#8144,0.02954655);
#353=CIRCLE('',#8145,0.003175);
#354=CIRCLE('',#8146,0.003175);
#355=CIRCLE('',#8147,0.091694);
#356=CIRCLE('',#8148,0.003175);
#357=CIRCLE('',#8149,0.003175);
#358=CIRCLE('',#8150,0.003175);
#359=CIRCLE('',#8151,0.0254);
#360=CIRCLE('',#8152,0.003175);
#361=CIRCLE('',#8153,0.003175);
#362=CIRCLE('',#8154,0.003175);
#363=CIRCLE('',#8155,0.047625);
#364=CIRCLE('',#8156,0.003175);
#365=CIRCLE('',#8157,0.003175);
#366=CIRCLE('',#8158,0.179845);
#367=CIRCLE('',#8159,0.003175);
#368=CIRCLE('',#8160,0.003175);
#369=CIRCLE('',#8161,0.003175);
#370=CIRCLE('',#8162,0.003175);
#371=CIRCLE('',#8163,0.003175);
#372=CIRCLE('',#8164,0.0254);
#373=CIRCLE('',#8165,0.003175);
#374=CIRCLE('',#8166,0.003175);
#375=CIRCLE('',#8167,0.179845);
#376=CIRCLE('',#8168,0.003175);
#377=CIRCLE('',#8169,0.003175);
#378=CIRCLE('',#8170,0.003175);
#379=CIRCLE('',#8171,0.281510748377809);
#380=CIRCLE('',#8172,0.003175);
#381=CIRCLE('',#8173,0.003175);
#382=CIRCLE('',#8174,0.003175);
#383=CIRCLE('',#8175,0.003175);
#384=CIRCLE('',#8176,0.0020193);
#385=CIRCLE('',#8177,0.0020193);
#386=CIRCLE('',#8178,0.0020193);
#387=CIRCLE('',#8179,0.01430655);
#388=CIRCLE('',#8180,0.01430655);
#389=CIRCLE('',#8181,0.01430655);
#390=CIRCLE('',#8182,0.0025527);
#391=CIRCLE('',#8183,0.0025527);
#392=CIRCLE('',#8184,0.003175);
#393=CIRCLE('',#8185,0.281510748377808);
#394=CIRCLE('',#8186,0.003175);
#395=CIRCLE('',#8187,0.003175);
#396=CIRCLE('',#8188,0.0254);
#397=CIRCLE('',#8189,0.003175);
#398=CIRCLE('',#8190,0.003175);
#399=CIRCLE('',#8191,0.003175);
#400=CIRCLE('',#8192,0.281510748377808);
#401=CIRCLE('',#8193,0.003175);
#402=CIRCLE('',#8194,0.0051943);
#403=CIRCLE('',#8195,0.142126);
#404=CIRCLE('',#8196,0.003175);
#405=CIRCLE('',#8197,0.003175);
#406=CIRCLE('',#8198,0.003175);
#407=CIRCLE('',#8199,0.003175);
#408=CIRCLE('',#8200,0.003175);
#409=CIRCLE('',#8201,0.186195);
#410=CIRCLE('',#8202,0.003175);
#411=CIRCLE('',#8203,0.003175);
#412=CIRCLE('',#8204,0.0051943);
#413=CIRCLE('',#8205,0.003175);
#414=CIRCLE('',#8206,0.003175);
#415=CIRCLE('',#8207,0.053975);
#416=CIRCLE('',#8208,0.003175);
#417=CIRCLE('',#8209,0.003175);
#418=CIRCLE('',#8210,0.003175);
#419=CIRCLE('',#8211,0.003175);
#420=CIRCLE('',#8212,0.091694);
#421=CIRCLE('',#8213,0.003175);
#422=CIRCLE('',#8214,0.003175);
#423=CIRCLE('',#8215,0.003175);
#424=CIRCLE('',#8216,0.003175);
#425=CIRCLE('',#8217,0.003175);
#426=CIRCLE('',#8218,0.008255);
#427=CIRCLE('',#8219,0.003175);
#428=CIRCLE('',#8220,0.003175);
#429=CIRCLE('',#8221,0.0254);
#430=CIRCLE('',#8222,0.003175);
#431=CIRCLE('',#8223,0.0254);
#432=CIRCLE('',#8224,0.003175);
#433=CIRCLE('',#8225,0.003175);
#434=CIRCLE('',#8226,0.003175);
#435=CIRCLE('',#8227,0.003175);
#436=CIRCLE('',#8228,0.0254);
#437=CIRCLE('',#8229,0.0257736985886387);
#438=CIRCLE('',#8230,0.0399976054566317);
#439=CIRCLE('',#8231,0.0598781384939116);
#440=CIRCLE('',#8232,0.0399651189557252);
#441=CIRCLE('',#8233,0.0438244831968087);
#442=CIRCLE('',#8234,0.0427388556389589);
#443=CIRCLE('',#8235,0.00853775810220262);
#444=CIRCLE('',#8236,0.0015875);
#445=CIRCLE('',#8237,0.0015875);
#446=CIRCLE('',#8238,0.0109758328320167);
#447=CIRCLE('',#8239,0.0015875);
#448=CIRCLE('',#8240,0.0015875);
#449=CIRCLE('',#8241,0.001016);
#450=CIRCLE('',#8242,0.00820571369975678);
#451=CIRCLE('',#8243,0.00641953923804726);
#452=CIRCLE('',#8244,0.00644434325345976);
#453=CIRCLE('',#8245,0.00644434325345976);
#454=CIRCLE('',#8246,0.00643710248562301);
#455=CIRCLE('',#8247,0.00820571369975674);
#456=CIRCLE('',#8248,0.001016);
#457=CIRCLE('',#8249,0.00647553737967585);
#458=CIRCLE('',#8250,0.0101405494340162);
#459=CIRCLE('',#8251,0.00647553737967543);
#460=CIRCLE('',#8253,0.0114453231205621);
#461=CIRCLE('',#8255,0.00541245239515659);
#462=CIRCLE('',#8258,0.053975);
#463=CIRCLE('',#8259,0.003175);
#464=CIRCLE('',#8260,0.003175);
#465=CIRCLE('',#8261,0.003175);
#466=CIRCLE('',#8262,0.003175);
#467=CIRCLE('',#8263,0.179845);
#468=CIRCLE('',#8264,0.003175);
#469=CIRCLE('',#8265,0.003175);
#470=CIRCLE('',#8266,0.142126);
#471=CIRCLE('',#8267,0.003175);
#472=CIRCLE('',#8268,0.003175);
#473=CIRCLE('',#8269,0.003175);
#474=CIRCLE('',#8270,0.003175);
#475=CIRCLE('',#8271,0.003175);
#476=CIRCLE('',#8272,0.281510748377809);
#477=CIRCLE('',#8273,0.003175);
#478=CIRCLE('',#8274,0.003175);
#479=CIRCLE('',#8275,0.003175);
#480=CIRCLE('',#8276,0.003175);
#481=CIRCLE('',#8277,0.003175);
#482=CIRCLE('',#8278,0.003175);
#483=CIRCLE('',#8279,0.0254);
#484=CIRCLE('',#8280,0.003175);
#485=CIRCLE('',#8281,0.003175);
#486=CIRCLE('',#8282,0.281510748377808);
#487=CIRCLE('',#8283,0.003175);
#488=CIRCLE('',#8284,0.0051943);
#489=CIRCLE('',#8285,0.003175);
#490=CIRCLE('',#8286,0.281510748377808);
#491=CIRCLE('',#8287,0.003175);
#492=CIRCLE('',#8288,0.0020193);
#493=CIRCLE('',#8289,0.0020193);
#494=CIRCLE('',#8290,0.0020193);
#495=CIRCLE('',#8291,0.01430655);
#496=CIRCLE('',#8292,0.01430655);
#497=CIRCLE('',#8293,0.01430655);
#498=CIRCLE('',#8294,0.0025527);
#499=CIRCLE('',#8295,0.0025527);
#500=CIRCLE('',#8296,0.003175);
#501=CIRCLE('',#8297,0.003175);
#502=CIRCLE('',#8298,0.0051943);
#503=CIRCLE('',#8299,0.003175);
#504=CIRCLE('',#8300,0.003175);
#505=CIRCLE('',#8301,0.186195);
#506=CIRCLE('',#8302,0.003175);
#507=CIRCLE('',#8303,0.003175);
#508=CIRCLE('',#8304,0.003175);
#509=CIRCLE('',#8305,0.003175);
#510=CIRCLE('',#8306,0.003175);
#511=CIRCLE('',#8307,0.179845);
#512=CIRCLE('',#8308,0.003175);
#513=CIRCLE('',#8309,0.0254);
#514=CIRCLE('',#8310,0.003175);
#515=CIRCLE('',#8311,0.003175);
#516=CIRCLE('',#8312,0.003175);
#517=CIRCLE('',#8313,0.003175);
#518=CIRCLE('',#8314,0.047625);
#519=CIRCLE('',#8315,0.003175);
#520=CIRCLE('',#8316,0.003175);
#521=CIRCLE('',#8317,0.003175);
#522=CIRCLE('',#8318,0.0254);
#523=CIRCLE('',#8319,0.003175);
#524=CIRCLE('',#8320,0.003175);
#525=CIRCLE('',#8321,0.091694);
#526=CIRCLE('',#8322,0.003175);
#527=CIRCLE('',#8323,0.003175);
#528=CIRCLE('',#8324,0.003175);
#529=CIRCLE('',#8325,0.003175);
#530=CIRCLE('',#8326,0.091694);
#531=CIRCLE('',#8327,0.003175);
#532=CIRCLE('',#8328,0.003175);
#533=CIRCLE('',#8329,0.008255);
#534=CIRCLE('',#8330,0.003175);
#535=CIRCLE('',#8331,0.003175);
#536=CIRCLE('',#8332,0.003175);
#537=CIRCLE('',#8333,0.0254);
#538=CIRCLE('',#8334,0.003175);
#539=CIRCLE('',#8335,0.0254);
#540=CIRCLE('',#8336,0.003175);
#541=CIRCLE('',#8337,0.0254);
#542=CIRCLE('',#8338,0.003175);
#543=CIRCLE('',#8339,0.003175);
#544=CIRCLE('',#8340,0.003175);
#545=CIRCLE('',#8341,0.003175);
#546=CIRCLE('',#8342,0.00762);
#547=CIRCLE('',#8343,0.02954655);
#548=CIRCLE('',#8344,0.0924355694709392);
#549=CIRCLE('',#8345,0.294639999996308);
#550=CIRCLE('',#8346,0.096454140728388);
#551=CIRCLE('',#8347,0.0015875);
#552=CIRCLE('',#8348,0.0964541407281148);
#553=CIRCLE('',#8349,0.294639999998669);
#554=CIRCLE('',#8350,0.0964541407279031);
#555=CIRCLE('',#8351,0.0015875);
#556=CIRCLE('',#8352,0.0964541407280488);
#557=CIRCLE('',#8353,0.294639999998562);
#558=CIRCLE('',#8354,0.0964541407273956);
#559=CIRCLE('',#8355,0.0015875);
#560=CIRCLE('',#8356,0.0964541407282906);
#561=CIRCLE('',#8357,0.29463999999297);
#562=CIRCLE('',#8358,0.0964541407284394);
#563=CIRCLE('',#8359,0.0015875);
#564=CIRCLE('',#8360,0.0964541407281774);
#565=CIRCLE('',#8361,0.294639999998405);
#566=CIRCLE('',#8362,0.0964541407279735);
#567=CIRCLE('',#8363,0.0015875);
#568=CIRCLE('',#8364,0.0964541407186461);
#569=CIRCLE('',#8365,0.294639999996021);
#570=CIRCLE('',#8366,0.0964541407184369);
#571=CIRCLE('',#8367,0.0015875);
#572=CIRCLE('',#8368,0.0964541407281788);
#573=CIRCLE('',#8369,0.29463999999467);
#574=CIRCLE('',#8370,0.0964541407217044);
#575=CIRCLE('',#8371,0.0015875);
#576=CIRCLE('',#8372,0.0964541407283121);
#577=CIRCLE('',#8373,0.294639999994828);
#578=CIRCLE('',#8374,0.0964541407190765);
#579=CIRCLE('',#8375,0.0015875);
#580=CIRCLE('',#8376,0.096454140728156);
#581=CIRCLE('',#8377,0.294639999996014);
#582=CIRCLE('',#8378,0.0964541407281113);
#583=CIRCLE('',#8379,0.0015875);
#584=CIRCLE('',#8380,0.0964541407281294);
#585=CIRCLE('',#8381,0.29463999999747);
#586=CIRCLE('',#8382,0.0964541407284202);
#587=CIRCLE('',#8383,0.0015875);
#588=CIRCLE('',#8384,0.0964541407194082);
#589=CIRCLE('',#8385,0.294639999994653);
#590=CIRCLE('',#8386,0.096454140727992);
#591=CIRCLE('',#8387,0.0015875);
#592=CIRCLE('',#8388,0.0964541407281077);
#593=CIRCLE('',#8389,0.294639999997719);
#594=CIRCLE('',#8390,0.096454140728424);
#595=CIRCLE('',#8391,0.0015875);
#596=CIRCLE('',#8392,0.0964541407184868);
#597=CIRCLE('',#8393,0.294639999997787);
#598=CIRCLE('',#8394,0.0964541407195187);
#599=CIRCLE('',#8395,0.0015875);
#600=CIRCLE('',#8396,0.0964541407183535);
#601=CIRCLE('',#8397,0.294640000001403);
#602=CIRCLE('',#8398,0.0964541407279284);
#603=CIRCLE('',#8399,0.0015875);
#604=CIRCLE('',#8400,0.0964541407212192);
#605=CIRCLE('',#8401,0.294639999995928);
#606=CIRCLE('',#8402,0.0964541407284109);
#607=CIRCLE('',#8403,0.0015875);
#608=CIRCLE('',#8404,0.0964541407282122);
#609=CIRCLE('',#8405,0.294640000000204);
#610=CIRCLE('',#8406,0.0964541407182887);
#611=CIRCLE('',#8407,0.0015875);
#612=CIRCLE('',#8408,0.0964541407280783);
#613=CIRCLE('',#8409,0.294639999994887);
#614=CIRCLE('',#8410,0.0964541407279164);
#615=CIRCLE('',#8411,0.0015875);
#616=CIRCLE('',#8412,0.0964541407281982);
#617=CIRCLE('',#8413,0.294639999995963);
#618=CIRCLE('',#8414,0.0964541407280154);
#619=CIRCLE('',#8415,0.0015875);
#620=CIRCLE('',#8416,0.0964541407280945);
#621=CIRCLE('',#8417,0.294639999992307);
#622=CIRCLE('',#8418,0.0964541407192318);
#623=CIRCLE('',#8419,0.0015875);
#624=CIRCLE('',#8420,0.0964541407282081);
#625=CIRCLE('',#8421,0.294639999997707);
#626=CIRCLE('',#8422,0.096454140728335);
#627=CIRCLE('',#8423,0.0015875);
#628=CIRCLE('',#8424,0.0964541407282138);
#629=CIRCLE('',#8425,0.294639999996359);
#630=CIRCLE('',#8426,0.0964541407182181);
#631=CIRCLE('',#8427,0.0015875);
#632=CIRCLE('',#8428,0.096454140727973);
#633=CIRCLE('',#8429,0.294639999996359);
#634=CIRCLE('',#8430,0.0964541407280981);
#635=CIRCLE('',#8431,0.0015875);
#636=CIRCLE('',#8432,0.0964541407282226);
#637=CIRCLE('',#8433,0.29463999999778);
#638=CIRCLE('',#8434,0.0964541407281035);
#639=CIRCLE('',#8435,0.0015875);
#640=CIRCLE('',#8436,0.0964541407283642);
#641=CIRCLE('',#8437,0.294639999992234);
#642=CIRCLE('',#8438,0.0964541407280559);
#643=CIRCLE('',#8439,0.0015875);
#644=CIRCLE('',#8440,0.0964541407280755);
#645=CIRCLE('',#8441,0.00150246681846498);
#646=CIRCLE('',#8726,0.00820571369975674);
#647=CIRCLE('',#8728,0.00643710248562301);
#648=CIRCLE('',#8730,0.00641953923804726);
#649=CIRCLE('',#8732,0.00820571369975678);
#650=CIRCLE('',#8734,0.00647553737967543);
#651=CIRCLE('',#8736,0.00647553737967585);
#652=CIRCLE('',#8738,0.0114453231205621);
#653=CIRCLE('',#8739,0.00644434325345976);
#654=CIRCLE('',#8740,0.00644434325345976);
#655=CIRCLE('',#8741,0.001016);
#656=CIRCLE('',#8742,0.0101405494340162);
#657=CIRCLE('',#8743,0.001016);
#658=CIRCLE('',#8744,0.00541245239515659);
#659=CIRCLE('',#8747,0.0399976054566317);
#660=CIRCLE('',#8749,0.0257736985886387);
#661=CIRCLE('',#8751,0.00853775810220262);
#662=CIRCLE('',#8753,0.0427388556389589);
#663=CIRCLE('',#8755,0.0438244831968087);
#664=CIRCLE('',#8757,0.0399651189557252);
#665=CIRCLE('',#8759,0.0598781384939116);
#666=B_SPLINE_CURVE_WITH_KNOTS('',2,(#11014,#11015,#11016),
 .UNSPECIFIED.,.F.,.F.,(3,3),(0.,1.),.PIECEWISE_BEZIER_KNOTS.);
#667=B_SPLINE_CURVE_WITH_KNOTS('',2,(#11021,#11022,#11023),
 .UNSPECIFIED.,.F.,.F.,(3,3),(0.,1.),.PIECEWISE_BEZIER_KNOTS.);
#668=B_SPLINE_CURVE_WITH_KNOTS('',2,(#11028,#11029,#11030),
 .UNSPECIFIED.,.F.,.F.,(3,3),(0.,1.),.PIECEWISE_BEZIER_KNOTS.);
#669=B_SPLINE_CURVE_WITH_KNOTS('',2,(#11032,#11033,#11034),
 .UNSPECIFIED.,.F.,.F.,(3,3),(0.,1.),.PIECEWISE_BEZIER_KNOTS.);
#670=B_SPLINE_CURVE_WITH_KNOTS('',2,(#11036,#11037,#11038),
 .UNSPECIFIED.,.F.,.F.,(3,3),(0.,1.),.PIECEWISE_BEZIER_KNOTS.);
#671=B_SPLINE_CURVE_WITH_KNOTS('',2,(#11040,#11041,#11042),
 .UNSPECIFIED.,.F.,.F.,(3,3),(0.,1.),.PIECEWISE_BEZIER_KNOTS.);
#672=B_SPLINE_CURVE_WITH_KNOTS('',2,(#11044,#11045,#11046),
 .UNSPECIFIED.,.F.,.F.,(3,3),(0.,1.),.PIECEWISE_BEZIER_KNOTS.);
#673=B_SPLINE_CURVE_WITH_KNOTS('',2,(#11050,#11051,#11052),
 .UNSPECIFIED.,.F.,.F.,(3,3),(0.,1.),.PIECEWISE_BEZIER_KNOTS.);
#674=B_SPLINE_CURVE_WITH_KNOTS('',2,(#11057,#11058,#11059),
 .UNSPECIFIED.,.F.,.F.,(3,3),(0.,1.),.PIECEWISE_BEZIER_KNOTS.);
#675=B_SPLINE_CURVE_WITH_KNOTS('',2,(#11065,#11066,#11067),
 .UNSPECIFIED.,.F.,.F.,(3,3),(0.,1.),.PIECEWISE_BEZIER_KNOTS.);
#676=B_SPLINE_CURVE_WITH_KNOTS('',2,(#11069,#11070,#11071),
 .UNSPECIFIED.,.F.,.F.,(3,3),(0.,1.),.PIECEWISE_BEZIER_KNOTS.);
#677=B_SPLINE_CURVE_WITH_KNOTS('',2,(#11073,#11074,#11075),
 .UNSPECIFIED.,.F.,.F.,(3,3),(0.,1.),.PIECEWISE_BEZIER_KNOTS.);
#678=B_SPLINE_CURVE_WITH_KNOTS('',2,(#11077,#11078,#11079),
 .UNSPECIFIED.,.F.,.F.,(3,3),(0.,1.),.PIECEWISE_BEZIER_KNOTS.);
#679=B_SPLINE_CURVE_WITH_KNOTS('',2,(#11117,#11118,#11119),
 .UNSPECIFIED.,.F.,.F.,(3,3),(0.,1.),.PIECEWISE_BEZIER_KNOTS.);
#680=B_SPLINE_CURVE_WITH_KNOTS('',2,(#11124,#11125,#11126),
 .UNSPECIFIED.,.F.,.F.,(3,3),(0.,1.),.PIECEWISE_BEZIER_KNOTS.);
#681=B_SPLINE_CURVE_WITH_KNOTS('',2,(#11135,#11136,#11137),
 .UNSPECIFIED.,.F.,.F.,(3,3),(0.,1.),.PIECEWISE_BEZIER_KNOTS.);
#682=B_SPLINE_CURVE_WITH_KNOTS('',2,(#11139,#11140,#11141),
 .UNSPECIFIED.,.F.,.F.,(3,3),(0.,1.),.PIECEWISE_BEZIER_KNOTS.);
#683=B_SPLINE_CURVE_WITH_KNOTS('',2,(#11143,#11144,#11145),
 .UNSPECIFIED.,.F.,.F.,(3,3),(0.,1.),.PIECEWISE_BEZIER_KNOTS.);
#684=B_SPLINE_CURVE_WITH_KNOTS('',2,(#11147,#11148,#11149),
 .UNSPECIFIED.,.F.,.F.,(3,3),(0.,1.),.PIECEWISE_BEZIER_KNOTS.);
#685=B_SPLINE_CURVE_WITH_KNOTS('',2,(#11151,#11152,#11153),
 .UNSPECIFIED.,.F.,.F.,(3,3),(0.,1.),.PIECEWISE_BEZIER_KNOTS.);
#686=B_SPLINE_CURVE_WITH_KNOTS('',2,(#11155,#11156,#11157),
 .UNSPECIFIED.,.F.,.F.,(3,3),(0.,1.),.PIECEWISE_BEZIER_KNOTS.);
#687=B_SPLINE_CURVE_WITH_KNOTS('',2,(#11159,#11160,#11161),
 .UNSPECIFIED.,.F.,.F.,(3,3),(0.,1.),.PIECEWISE_BEZIER_KNOTS.);
#688=B_SPLINE_CURVE_WITH_KNOTS('',2,(#11167,#11168,#11169),
 .UNSPECIFIED.,.F.,.F.,(3,3),(0.,1.),.PIECEWISE_BEZIER_KNOTS.);
#689=B_SPLINE_CURVE_WITH_KNOTS('',2,(#11171,#11172,#11173),
 .UNSPECIFIED.,.F.,.F.,(3,3),(0.,1.),.PIECEWISE_BEZIER_KNOTS.);
#690=B_SPLINE_CURVE_WITH_KNOTS('',2,(#11175,#11176,#11177),
 .UNSPECIFIED.,.F.,.F.,(3,3),(0.,1.),.PIECEWISE_BEZIER_KNOTS.);
#691=B_SPLINE_CURVE_WITH_KNOTS('',2,(#11179,#11180,#11181),
 .UNSPECIFIED.,.F.,.F.,(3,3),(0.,1.),.PIECEWISE_BEZIER_KNOTS.);
#692=B_SPLINE_CURVE_WITH_KNOTS('',2,(#11183,#11184,#11185),
 .UNSPECIFIED.,.F.,.F.,(3,3),(0.,1.),.PIECEWISE_BEZIER_KNOTS.);
#693=B_SPLINE_CURVE_WITH_KNOTS('',2,(#11187,#11188,#11189),
 .UNSPECIFIED.,.F.,.F.,(3,3),(0.,1.),.PIECEWISE_BEZIER_KNOTS.);
#694=B_SPLINE_CURVE_WITH_KNOTS('',2,(#11191,#11192,#11193),
 .UNSPECIFIED.,.F.,.F.,(3,3),(0.,1.),.PIECEWISE_BEZIER_KNOTS.);
#695=B_SPLINE_CURVE_WITH_KNOTS('',2,(#11195,#11196,#11197),
 .UNSPECIFIED.,.F.,.F.,(3,3),(0.,1.),.PIECEWISE_BEZIER_KNOTS.);
#696=B_SPLINE_CURVE_WITH_KNOTS('',2,(#11201,#11202,#11203),
 .UNSPECIFIED.,.F.,.F.,(3,3),(0.,1.),.PIECEWISE_BEZIER_KNOTS.);
#697=B_SPLINE_CURVE_WITH_KNOTS('',2,(#11207,#11208,#11209),
 .UNSPECIFIED.,.F.,.F.,(3,3),(0.,1.),.PIECEWISE_BEZIER_KNOTS.);
#698=B_SPLINE_CURVE_WITH_KNOTS('',2,(#11211,#11212,#11213),
 .UNSPECIFIED.,.F.,.F.,(3,3),(0.,1.),.PIECEWISE_BEZIER_KNOTS.);
#699=B_SPLINE_CURVE_WITH_KNOTS('',2,(#11215,#11216,#11217),
 .UNSPECIFIED.,.F.,.F.,(3,3),(0.,1.),.PIECEWISE_BEZIER_KNOTS.);
#700=B_SPLINE_CURVE_WITH_KNOTS('',2,(#11219,#11220,#11221),
 .UNSPECIFIED.,.F.,.F.,(3,3),(0.,1.),.PIECEWISE_BEZIER_KNOTS.);
#701=B_SPLINE_CURVE_WITH_KNOTS('',2,(#11223,#11224,#11225),
 .UNSPECIFIED.,.F.,.F.,(3,3),(0.,1.),.PIECEWISE_BEZIER_KNOTS.);
#702=B_SPLINE_CURVE_WITH_KNOTS('',2,(#11229,#11230,#11231),
 .UNSPECIFIED.,.F.,.F.,(3,3),(0.,1.),.PIECEWISE_BEZIER_KNOTS.);
#703=B_SPLINE_CURVE_WITH_KNOTS('',2,(#11233,#11234,#11235),
 .UNSPECIFIED.,.F.,.F.,(3,3),(0.,1.),.PIECEWISE_BEZIER_KNOTS.);
#704=B_SPLINE_CURVE_WITH_KNOTS('',2,(#11237,#11238,#11239),
 .UNSPECIFIED.,.F.,.F.,(3,3),(0.,1.),.PIECEWISE_BEZIER_KNOTS.);
#705=B_SPLINE_CURVE_WITH_KNOTS('',2,(#11241,#11242,#11243),
 .UNSPECIFIED.,.F.,.F.,(3,3),(0.,1.),.PIECEWISE_BEZIER_KNOTS.);
#706=B_SPLINE_CURVE_WITH_KNOTS('',2,(#11249,#11250,#11251),
 .UNSPECIFIED.,.F.,.F.,(3,3),(0.,1.),.PIECEWISE_BEZIER_KNOTS.);
#707=B_SPLINE_CURVE_WITH_KNOTS('',2,(#11831,#11832,#11833),
 .UNSPECIFIED.,.F.,.F.,(3,3),(0.,1.),.PIECEWISE_BEZIER_KNOTS.);
#708=B_SPLINE_CURVE_WITH_KNOTS('',2,(#11835,#11836,#11837),
 .UNSPECIFIED.,.F.,.F.,(3,3),(0.,1.),.PIECEWISE_BEZIER_KNOTS.);
#709=B_SPLINE_CURVE_WITH_KNOTS('',2,(#11839,#11840,#11841),
 .UNSPECIFIED.,.F.,.F.,(3,3),(0.,1.),.PIECEWISE_BEZIER_KNOTS.);
#710=B_SPLINE_CURVE_WITH_KNOTS('',2,(#11843,#11844,#11845),
 .UNSPECIFIED.,.F.,.F.,(3,3),(0.,1.),.PIECEWISE_BEZIER_KNOTS.);
#711=B_SPLINE_CURVE_WITH_KNOTS('',2,(#11847,#11848,#11849),
 .UNSPECIFIED.,.F.,.F.,(3,3),(0.,1.),.PIECEWISE_BEZIER_KNOTS.);
#712=B_SPLINE_CURVE_WITH_KNOTS('',2,(#11851,#11852,#11853),
 .UNSPECIFIED.,.F.,.F.,(3,3),(0.,1.),.PIECEWISE_BEZIER_KNOTS.);
#713=B_SPLINE_CURVE_WITH_KNOTS('',2,(#11859,#11860,#11861),
 .UNSPECIFIED.,.F.,.F.,(3,3),(0.,1.),.PIECEWISE_BEZIER_KNOTS.);
#714=B_SPLINE_CURVE_WITH_KNOTS('',2,(#11865,#11866,#11867),
 .UNSPECIFIED.,.F.,.F.,(3,3),(0.,1.),.PIECEWISE_BEZIER_KNOTS.);
#715=B_SPLINE_CURVE_WITH_KNOTS('',2,(#11869,#11870,#11871),
 .UNSPECIFIED.,.F.,.F.,(3,3),(0.,1.),.PIECEWISE_BEZIER_KNOTS.);
#716=B_SPLINE_CURVE_WITH_KNOTS('',2,(#11873,#11874,#11875),
 .UNSPECIFIED.,.F.,.F.,(3,3),(0.,1.),.PIECEWISE_BEZIER_KNOTS.);
#717=B_SPLINE_CURVE_WITH_KNOTS('',2,(#11877,#11878,#11879),
 .UNSPECIFIED.,.F.,.F.,(3,3),(0.,1.),.PIECEWISE_BEZIER_KNOTS.);
#718=B_SPLINE_CURVE_WITH_KNOTS('',2,(#11880,#11881,#11882),
 .UNSPECIFIED.,.F.,.F.,(3,3),(0.,1.),.PIECEWISE_BEZIER_KNOTS.);
#719=B_SPLINE_CURVE_WITH_KNOTS('',2,(#11885,#11886,#11887),
 .UNSPECIFIED.,.F.,.F.,(3,3),(0.,1.),.PIECEWISE_BEZIER_KNOTS.);
#720=B_SPLINE_CURVE_WITH_KNOTS('',2,(#11893,#11894,#11895),
 .UNSPECIFIED.,.F.,.F.,(3,3),(0.,1.),.PIECEWISE_BEZIER_KNOTS.);
#721=B_SPLINE_CURVE_WITH_KNOTS('',2,(#11897,#11898,#11899),
 .UNSPECIFIED.,.F.,.F.,(3,3),(0.,1.),.PIECEWISE_BEZIER_KNOTS.);
#722=B_SPLINE_CURVE_WITH_KNOTS('',2,(#11901,#11902,#11903),
 .UNSPECIFIED.,.F.,.F.,(3,3),(0.,1.),.PIECEWISE_BEZIER_KNOTS.);
#723=B_SPLINE_CURVE_WITH_KNOTS('',2,(#11905,#11906,#11907),
 .UNSPECIFIED.,.F.,.F.,(3,3),(0.,1.),.PIECEWISE_BEZIER_KNOTS.);
#724=B_SPLINE_CURVE_WITH_KNOTS('',2,(#11909,#11910,#11911),
 .UNSPECIFIED.,.F.,.F.,(3,3),(0.,1.),.PIECEWISE_BEZIER_KNOTS.);
#725=B_SPLINE_CURVE_WITH_KNOTS('',2,(#11913,#11914,#11915),
 .UNSPECIFIED.,.F.,.F.,(3,3),(0.,1.),.PIECEWISE_BEZIER_KNOTS.);
#726=B_SPLINE_CURVE_WITH_KNOTS('',2,(#11917,#11918,#11919),
 .UNSPECIFIED.,.F.,.F.,(3,3),(0.,1.),.PIECEWISE_BEZIER_KNOTS.);
#727=B_SPLINE_CURVE_WITH_KNOTS('',2,(#11921,#11922,#11923),
 .UNSPECIFIED.,.F.,.F.,(3,3),(0.,1.),.PIECEWISE_BEZIER_KNOTS.);
#728=B_SPLINE_CURVE_WITH_KNOTS('',2,(#11929,#11930,#11931),
 .UNSPECIFIED.,.F.,.F.,(3,3),(0.,1.),.PIECEWISE_BEZIER_KNOTS.);
#729=B_SPLINE_CURVE_WITH_KNOTS('',2,(#11933,#11934,#11935),
 .UNSPECIFIED.,.F.,.F.,(3,3),(0.,1.),.PIECEWISE_BEZIER_KNOTS.);
#730=B_SPLINE_CURVE_WITH_KNOTS('',2,(#11937,#11938,#11939),
 .UNSPECIFIED.,.F.,.F.,(3,3),(0.,1.),.PIECEWISE_BEZIER_KNOTS.);
#731=B_SPLINE_CURVE_WITH_KNOTS('',2,(#11941,#11942,#11943),
 .UNSPECIFIED.,.F.,.F.,(3,3),(0.,1.),.PIECEWISE_BEZIER_KNOTS.);
#732=B_SPLINE_CURVE_WITH_KNOTS('',2,(#11945,#11946,#11947),
 .UNSPECIFIED.,.F.,.F.,(3,3),(0.,1.),.PIECEWISE_BEZIER_KNOTS.);
#733=B_SPLINE_CURVE_WITH_KNOTS('',2,(#11948,#11949,#11950),
 .UNSPECIFIED.,.F.,.F.,(3,3),(0.,1.),.PIECEWISE_BEZIER_KNOTS.);
#734=B_SPLINE_CURVE_WITH_KNOTS('',2,(#11955,#11956,#11957),
 .UNSPECIFIED.,.F.,.F.,(3,3),(0.,1.),.PIECEWISE_BEZIER_KNOTS.);
#735=B_SPLINE_CURVE_WITH_KNOTS('',2,(#11963,#11964,#11965),
 .UNSPECIFIED.,.F.,.F.,(3,3),(0.,1.),.PIECEWISE_BEZIER_KNOTS.);
#736=B_SPLINE_CURVE_WITH_KNOTS('',2,(#11973,#11974,#11975),
 .UNSPECIFIED.,.F.,.F.,(3,3),(0.,1.),.PIECEWISE_BEZIER_KNOTS.);
#737=B_SPLINE_CURVE_WITH_KNOTS('',2,(#11981,#11982,#11983),
 .UNSPECIFIED.,.F.,.F.,(3,3),(0.,1.),.PIECEWISE_BEZIER_KNOTS.);
#738=B_SPLINE_CURVE_WITH_KNOTS('',2,(#11987,#11988,#11989),
 .UNSPECIFIED.,.F.,.F.,(3,3),(0.,1.),.PIECEWISE_BEZIER_KNOTS.);
#739=B_SPLINE_CURVE_WITH_KNOTS('',2,(#11991,#11992,#11993),
 .UNSPECIFIED.,.F.,.F.,(3,3),(0.,1.),.PIECEWISE_BEZIER_KNOTS.);
#740=B_SPLINE_CURVE_WITH_KNOTS('',2,(#11997,#11998,#11999),
 .UNSPECIFIED.,.F.,.F.,(3,3),(0.,1.),.PIECEWISE_BEZIER_KNOTS.);
#741=B_SPLINE_CURVE_WITH_KNOTS('',2,(#12003,#12004,#12005),
 .UNSPECIFIED.,.F.,.F.,(3,3),(0.,1.),.PIECEWISE_BEZIER_KNOTS.);
#742=B_SPLINE_CURVE_WITH_KNOTS('',2,(#12009,#12010,#12011),
 .UNSPECIFIED.,.F.,.F.,(3,3),(0.,1.),.PIECEWISE_BEZIER_KNOTS.);
#743=B_SPLINE_CURVE_WITH_KNOTS('',2,(#12020,#12021,#12022),
 .UNSPECIFIED.,.F.,.F.,(3,3),(0.,1.),.PIECEWISE_BEZIER_KNOTS.);
#744=B_SPLINE_CURVE_WITH_KNOTS('',2,(#12027,#12028,#12029),
 .UNSPECIFIED.,.F.,.F.,(3,3),(0.,1.),.PIECEWISE_BEZIER_KNOTS.);
#745=B_SPLINE_CURVE_WITH_KNOTS('',2,(#12040,#12041,#12042),
 .UNSPECIFIED.,.F.,.F.,(3,3),(0.,1.),.PIECEWISE_BEZIER_KNOTS.);
#746=B_SPLINE_CURVE_WITH_KNOTS('',2,(#12055,#12056,#12057),
 .UNSPECIFIED.,.F.,.F.,(3,3),(0.,1.),.PIECEWISE_BEZIER_KNOTS.);
#747=B_SPLINE_CURVE_WITH_KNOTS('',2,(#12063,#12064,#12065),
 .UNSPECIFIED.,.F.,.F.,(3,3),(0.,1.),.PIECEWISE_BEZIER_KNOTS.);
#748=B_SPLINE_CURVE_WITH_KNOTS('',2,(#12070,#12071,#12072),
 .UNSPECIFIED.,.F.,.F.,(3,3),(0.,1.),.PIECEWISE_BEZIER_KNOTS.);
#749=B_SPLINE_CURVE_WITH_KNOTS('',2,(#12074,#12075,#12076),
 .UNSPECIFIED.,.F.,.F.,(3,3),(0.,1.),.PIECEWISE_BEZIER_KNOTS.);
#750=B_SPLINE_CURVE_WITH_KNOTS('',2,(#12078,#12079,#12080),
 .UNSPECIFIED.,.F.,.F.,(3,3),(0.,1.),.PIECEWISE_BEZIER_KNOTS.);
#751=B_SPLINE_CURVE_WITH_KNOTS('',2,(#12082,#12083,#12084),
 .UNSPECIFIED.,.F.,.F.,(3,3),(0.,1.),.PIECEWISE_BEZIER_KNOTS.);
#752=B_SPLINE_CURVE_WITH_KNOTS('',2,(#12086,#12087,#12088),
 .UNSPECIFIED.,.F.,.F.,(3,3),(0.,1.),.PIECEWISE_BEZIER_KNOTS.);
#753=B_SPLINE_CURVE_WITH_KNOTS('',2,(#12102,#12103,#12104),
 .UNSPECIFIED.,.F.,.F.,(3,3),(0.,1.),.PIECEWISE_BEZIER_KNOTS.);
#754=B_SPLINE_CURVE_WITH_KNOTS('',2,(#12106,#12107,#12108),
 .UNSPECIFIED.,.F.,.F.,(3,3),(0.,1.),.PIECEWISE_BEZIER_KNOTS.);
#755=B_SPLINE_CURVE_WITH_KNOTS('',2,(#12110,#12111,#12112),
 .UNSPECIFIED.,.F.,.F.,(3,3),(0.,1.),.PIECEWISE_BEZIER_KNOTS.);
#756=B_SPLINE_CURVE_WITH_KNOTS('',2,(#12114,#12115,#12116),
 .UNSPECIFIED.,.F.,.F.,(3,3),(0.,1.),.PIECEWISE_BEZIER_KNOTS.);
#757=B_SPLINE_CURVE_WITH_KNOTS('',2,(#13256,#13257,#13258),
 .UNSPECIFIED.,.F.,.F.,(3,3),(0.,1.),.PIECEWISE_BEZIER_KNOTS.);
#758=B_SPLINE_CURVE_WITH_KNOTS('',2,(#13269,#13270,#13271),
 .UNSPECIFIED.,.F.,.F.,(3,3),(0.,1.),.PIECEWISE_BEZIER_KNOTS.);
#759=B_SPLINE_CURVE_WITH_KNOTS('',2,(#13282,#13283,#13284),
 .UNSPECIFIED.,.F.,.F.,(3,3),(0.,1.),.PIECEWISE_BEZIER_KNOTS.);
#760=B_SPLINE_CURVE_WITH_KNOTS('',2,(#13295,#13296,#13297),
 .UNSPECIFIED.,.F.,.F.,(3,3),(0.,1.),.PIECEWISE_BEZIER_KNOTS.);
#761=B_SPLINE_CURVE_WITH_KNOTS('',2,(#13310,#13311,#13312),
 .UNSPECIFIED.,.F.,.F.,(3,3),(0.,1.),.PIECEWISE_BEZIER_KNOTS.);
#762=B_SPLINE_CURVE_WITH_KNOTS('',2,(#13323,#13324,#13325),
 .UNSPECIFIED.,.F.,.F.,(3,3),(0.,1.),.PIECEWISE_BEZIER_KNOTS.);
#763=B_SPLINE_CURVE_WITH_KNOTS('',2,(#13336,#13337,#13338),
 .UNSPECIFIED.,.F.,.F.,(3,3),(0.,1.),.PIECEWISE_BEZIER_KNOTS.);
#764=B_SPLINE_CURVE_WITH_KNOTS('',2,(#13349,#13350,#13351),
 .UNSPECIFIED.,.F.,.F.,(3,3),(0.,1.),.PIECEWISE_BEZIER_KNOTS.);
#765=B_SPLINE_CURVE_WITH_KNOTS('',2,(#13362,#13363,#13364),
 .UNSPECIFIED.,.F.,.F.,(3,3),(0.,1.),.PIECEWISE_BEZIER_KNOTS.);
#766=B_SPLINE_CURVE_WITH_KNOTS('',2,(#13383,#13384,#13385),
 .UNSPECIFIED.,.F.,.F.,(3,3),(0.,1.),.PIECEWISE_BEZIER_KNOTS.);
#767=B_SPLINE_CURVE_WITH_KNOTS('',2,(#13396,#13397,#13398),
 .UNSPECIFIED.,.F.,.F.,(3,3),(0.,1.),.PIECEWISE_BEZIER_KNOTS.);
#768=B_SPLINE_CURVE_WITH_KNOTS('',2,(#13419,#13420,#13421),
 .UNSPECIFIED.,.F.,.F.,(3,3),(0.,1.),.PIECEWISE_BEZIER_KNOTS.);
#769=B_SPLINE_CURVE_WITH_KNOTS('',2,(#13432,#13433,#13434),
 .UNSPECIFIED.,.F.,.F.,(3,3),(0.,1.),.PIECEWISE_BEZIER_KNOTS.);
#770=B_SPLINE_CURVE_WITH_KNOTS('',2,(#13449,#13450,#13451),
 .UNSPECIFIED.,.F.,.F.,(3,3),(0.,1.),.PIECEWISE_BEZIER_KNOTS.);
#771=B_SPLINE_CURVE_WITH_KNOTS('',2,(#13462,#13463,#13464),
 .UNSPECIFIED.,.F.,.F.,(3,3),(0.,1.),.PIECEWISE_BEZIER_KNOTS.);
#772=B_SPLINE_CURVE_WITH_KNOTS('',2,(#13481,#13482,#13483),
 .UNSPECIFIED.,.F.,.F.,(3,3),(0.,1.),.PIECEWISE_BEZIER_KNOTS.);
#773=B_SPLINE_CURVE_WITH_KNOTS('',2,(#13494,#13495,#13496),
 .UNSPECIFIED.,.F.,.F.,(3,3),(0.,1.),.PIECEWISE_BEZIER_KNOTS.);
#774=B_SPLINE_CURVE_WITH_KNOTS('',2,(#13507,#13508,#13509),
 .UNSPECIFIED.,.F.,.F.,(3,3),(0.,1.),.PIECEWISE_BEZIER_KNOTS.);
#775=B_SPLINE_CURVE_WITH_KNOTS('',2,(#13621,#13622,#13623),
 .UNSPECIFIED.,.F.,.F.,(3,3),(0.,1.),.PIECEWISE_BEZIER_KNOTS.);
#776=B_SPLINE_CURVE_WITH_KNOTS('',2,(#13628,#13629,#13630),
 .UNSPECIFIED.,.F.,.F.,(3,3),(0.,1.),.PIECEWISE_BEZIER_KNOTS.);
#777=B_SPLINE_CURVE_WITH_KNOTS('',2,(#13641,#13642,#13643),
 .UNSPECIFIED.,.F.,.F.,(3,3),(0.,1.),.PIECEWISE_BEZIER_KNOTS.);
#778=B_SPLINE_CURVE_WITH_KNOTS('',2,(#13647,#13648,#13649),
 .UNSPECIFIED.,.F.,.F.,(3,3),(0.,1.),.PIECEWISE_BEZIER_KNOTS.);
#779=B_SPLINE_CURVE_WITH_KNOTS('',2,(#13658,#13659,#13660),
 .UNSPECIFIED.,.F.,.F.,(3,3),(0.,1.),.PIECEWISE_BEZIER_KNOTS.);
#780=B_SPLINE_CURVE_WITH_KNOTS('',2,(#13664,#13665,#13666),
 .UNSPECIFIED.,.F.,.F.,(3,3),(0.,1.),.PIECEWISE_BEZIER_KNOTS.);
#781=B_SPLINE_CURVE_WITH_KNOTS('',2,(#13675,#13676,#13677),
 .UNSPECIFIED.,.F.,.F.,(3,3),(0.,1.),.PIECEWISE_BEZIER_KNOTS.);
#782=B_SPLINE_CURVE_WITH_KNOTS('',2,(#13681,#13682,#13683),
 .UNSPECIFIED.,.F.,.F.,(3,3),(0.,1.),.PIECEWISE_BEZIER_KNOTS.);
#783=B_SPLINE_CURVE_WITH_KNOTS('',2,(#13692,#13693,#13694),
 .UNSPECIFIED.,.F.,.F.,(3,3),(0.,1.),.PIECEWISE_BEZIER_KNOTS.);
#784=B_SPLINE_CURVE_WITH_KNOTS('',2,(#13698,#13699,#13700),
 .UNSPECIFIED.,.F.,.F.,(3,3),(0.,1.),.PIECEWISE_BEZIER_KNOTS.);
#785=B_SPLINE_CURVE_WITH_KNOTS('',2,(#13709,#13710,#13711),
 .UNSPECIFIED.,.F.,.F.,(3,3),(0.,1.),.PIECEWISE_BEZIER_KNOTS.);
#786=B_SPLINE_CURVE_WITH_KNOTS('',2,(#13715,#13716,#13717),
 .UNSPECIFIED.,.F.,.F.,(3,3),(0.,1.),.PIECEWISE_BEZIER_KNOTS.);
#787=B_SPLINE_CURVE_WITH_KNOTS('',2,(#13726,#13727,#13728),
 .UNSPECIFIED.,.F.,.F.,(3,3),(0.,1.),.PIECEWISE_BEZIER_KNOTS.);
#788=B_SPLINE_CURVE_WITH_KNOTS('',2,(#13732,#13733,#13734),
 .UNSPECIFIED.,.F.,.F.,(3,3),(0.,1.),.PIECEWISE_BEZIER_KNOTS.);
#789=B_SPLINE_CURVE_WITH_KNOTS('',2,(#13743,#13744,#13745),
 .UNSPECIFIED.,.F.,.F.,(3,3),(0.,1.),.PIECEWISE_BEZIER_KNOTS.);
#790=B_SPLINE_CURVE_WITH_KNOTS('',2,(#13749,#13750,#13751),
 .UNSPECIFIED.,.F.,.F.,(3,3),(0.,1.),.PIECEWISE_BEZIER_KNOTS.);
#791=B_SPLINE_CURVE_WITH_KNOTS('',2,(#13760,#13761,#13762),
 .UNSPECIFIED.,.F.,.F.,(3,3),(0.,1.),.PIECEWISE_BEZIER_KNOTS.);
#792=B_SPLINE_CURVE_WITH_KNOTS('',2,(#13766,#13767,#13768),
 .UNSPECIFIED.,.F.,.F.,(3,3),(0.,1.),.PIECEWISE_BEZIER_KNOTS.);
#793=B_SPLINE_CURVE_WITH_KNOTS('',2,(#13777,#13778,#13779),
 .UNSPECIFIED.,.F.,.F.,(3,3),(0.,1.),.PIECEWISE_BEZIER_KNOTS.);
#794=B_SPLINE_CURVE_WITH_KNOTS('',2,(#13783,#13784,#13785),
 .UNSPECIFIED.,.F.,.F.,(3,3),(0.,1.),.PIECEWISE_BEZIER_KNOTS.);
#795=B_SPLINE_CURVE_WITH_KNOTS('',2,(#13794,#13795,#13796),
 .UNSPECIFIED.,.F.,.F.,(3,3),(0.,1.),.PIECEWISE_BEZIER_KNOTS.);
#796=B_SPLINE_CURVE_WITH_KNOTS('',2,(#13800,#13801,#13802),
 .UNSPECIFIED.,.F.,.F.,(3,3),(0.,1.),.PIECEWISE_BEZIER_KNOTS.);
#797=B_SPLINE_CURVE_WITH_KNOTS('',2,(#13811,#13812,#13813),
 .UNSPECIFIED.,.F.,.F.,(3,3),(0.,1.),.PIECEWISE_BEZIER_KNOTS.);
#798=B_SPLINE_CURVE_WITH_KNOTS('',2,(#13817,#13818,#13819),
 .UNSPECIFIED.,.F.,.F.,(3,3),(0.,1.),.PIECEWISE_BEZIER_KNOTS.);
#799=B_SPLINE_CURVE_WITH_KNOTS('',2,(#13828,#13829,#13830),
 .UNSPECIFIED.,.F.,.F.,(3,3),(0.,1.),.PIECEWISE_BEZIER_KNOTS.);
#800=B_SPLINE_CURVE_WITH_KNOTS('',2,(#13834,#13835,#13836),
 .UNSPECIFIED.,.F.,.F.,(3,3),(0.,1.),.PIECEWISE_BEZIER_KNOTS.);
#801=B_SPLINE_CURVE_WITH_KNOTS('',2,(#13857,#13858,#13859),
 .UNSPECIFIED.,.F.,.F.,(3,3),(0.,1.),.PIECEWISE_BEZIER_KNOTS.);
#802=B_SPLINE_CURVE_WITH_KNOTS('',2,(#13870,#13871,#13872),
 .UNSPECIFIED.,.F.,.F.,(3,3),(0.,1.),.PIECEWISE_BEZIER_KNOTS.);
#803=B_SPLINE_CURVE_WITH_KNOTS('',2,(#13883,#13884,#13885),
 .UNSPECIFIED.,.F.,.F.,(3,3),(0.,1.),.PIECEWISE_BEZIER_KNOTS.);
#804=B_SPLINE_CURVE_WITH_KNOTS('',2,(#13896,#13897,#13898),
 .UNSPECIFIED.,.F.,.F.,(3,3),(0.,1.),.PIECEWISE_BEZIER_KNOTS.);
#805=B_SPLINE_CURVE_WITH_KNOTS('',2,(#13913,#13914,#13915),
 .UNSPECIFIED.,.F.,.F.,(3,3),(0.,1.),.PIECEWISE_BEZIER_KNOTS.);
#806=B_SPLINE_CURVE_WITH_KNOTS('',2,(#13934,#13935,#13936),
 .UNSPECIFIED.,.F.,.F.,(3,3),(0.,1.),.PIECEWISE_BEZIER_KNOTS.);
#807=B_SPLINE_CURVE_WITH_KNOTS('',2,(#13947,#13948,#13949),
 .UNSPECIFIED.,.F.,.F.,(3,3),(0.,1.),.PIECEWISE_BEZIER_KNOTS.);
#808=B_SPLINE_CURVE_WITH_KNOTS('',2,(#13960,#13961,#13962),
 .UNSPECIFIED.,.F.,.F.,(3,3),(0.,1.),.PIECEWISE_BEZIER_KNOTS.);
#809=B_SPLINE_CURVE_WITH_KNOTS('',2,(#13973,#13974,#13975),
 .UNSPECIFIED.,.F.,.F.,(3,3),(0.,1.),.PIECEWISE_BEZIER_KNOTS.);
#810=B_SPLINE_CURVE_WITH_KNOTS('',2,(#13986,#13987,#13988),
 .UNSPECIFIED.,.F.,.F.,(3,3),(0.,1.),.PIECEWISE_BEZIER_KNOTS.);
#811=B_SPLINE_CURVE_WITH_KNOTS('',2,(#13999,#14000,#14001),
 .UNSPECIFIED.,.F.,.F.,(3,3),(0.,1.),.PIECEWISE_BEZIER_KNOTS.);
#812=B_SPLINE_CURVE_WITH_KNOTS('',2,(#14016,#14017,#14018),
 .UNSPECIFIED.,.F.,.F.,(3,3),(0.,1.),.PIECEWISE_BEZIER_KNOTS.);
#813=B_SPLINE_CURVE_WITH_KNOTS('',2,(#14019,#14020,#14021),
 .UNSPECIFIED.,.F.,.F.,(3,3),(0.,1.),.PIECEWISE_BEZIER_KNOTS.);
#814=B_SPLINE_SURFACE_WITH_KNOTS('',3,1,((#11006,#11007),(#11008,#11009),
(#11010,#11011),(#11012,#11013)),.SURF_OF_LINEAR_EXTRUSION.,.F.,.F.,.F.,
(4,4),(2,2),(0.,0.79497046529829),(0.,1.),.PIECEWISE_BEZIER_KNOTS.);
#815=B_SPLINE_SURFACE_WITH_KNOTS('',3,1,((#11109,#11110),(#11111,#11112),
(#11113,#11114),(#11115,#11116)),.SURF_OF_LINEAR_EXTRUSION.,.F.,.F.,.F.,
(4,4),(2,2),(0.,0.50357294225304),(0.,1.),.PIECEWISE_BEZIER_KNOTS.);
#816=B_SPLINE_SURFACE_WITH_KNOTS('',3,1,((#12012,#12013),(#12014,#12015),
(#12016,#12017),(#12018,#12019)),.SURF_OF_LINEAR_EXTRUSION.,.F.,.F.,.F.,
(4,4),(2,2),(0.,0.387445543609733),(0.,1.),.PIECEWISE_BEZIER_KNOTS.);
#817=B_SPLINE_SURFACE_WITH_KNOTS('',3,1,((#12032,#12033),(#12034,#12035),
(#12036,#12037),(#12038,#12039)),.SURF_OF_LINEAR_EXTRUSION.,.F.,.F.,.F.,
(4,4),(2,2),(0.,0.823020443630859),(0.,1.),.PIECEWISE_BEZIER_KNOTS.);
#818=B_SPLINE_SURFACE_WITH_KNOTS('',3,1,((#12047,#12048),(#12049,#12050),
(#12051,#12052),(#12053,#12054)),.SURF_OF_LINEAR_EXTRUSION.,.F.,.F.,.F.,
(4,4),(2,2),(0.,0.823700717412781),(0.,1.),.PIECEWISE_BEZIER_KNOTS.);
#819=B_SPLINE_SURFACE_WITH_KNOTS('',3,1,((#12089,#12090),(#12091,#12092),
(#12093,#12094),(#12095,#12096)),.SURF_OF_LINEAR_EXTRUSION.,.F.,.F.,.F.,
(4,4),(2,2),(0.0429530860355439,0.816288632459682),(0.,1.),
 .PIECEWISE_BEZIER_KNOTS.);
#820=B_SPLINE_SURFACE_WITH_KNOTS('',3,1,((#13246,#13247),(#13248,#13249),
(#13250,#13251),(#13252,#13253)),.SURF_OF_LINEAR_EXTRUSION.,.F.,.F.,.F.,
(4,4),(2,2),(0.,1.),(0.,1.),.PIECEWISE_BEZIER_KNOTS.);
#821=B_SPLINE_SURFACE_WITH_KNOTS('',3,1,((#13259,#13260),(#13261,#13262),
(#13263,#13264),(#13265,#13266)),.SURF_OF_LINEAR_EXTRUSION.,.F.,.F.,.F.,
(4,4),(2,2),(0.,1.),(0.,1.),.PIECEWISE_BEZIER_KNOTS.);
#822=B_SPLINE_SURFACE_WITH_KNOTS('',3,1,((#13272,#13273),(#13274,#13275),
(#13276,#13277),(#13278,#13279)),.SURF_OF_LINEAR_EXTRUSION.,.F.,.F.,.F.,
(4,4),(2,2),(0.,1.),(0.,1.),.PIECEWISE_BEZIER_KNOTS.);
#823=B_SPLINE_SURFACE_WITH_KNOTS('',3,1,((#13285,#13286),(#13287,#13288),
(#13289,#13290),(#13291,#13292)),.SURF_OF_LINEAR_EXTRUSION.,.F.,.F.,.F.,
(4,4),(2,2),(0.,1.),(0.,1.),.PIECEWISE_BEZIER_KNOTS.);
#824=B_SPLINE_SURFACE_WITH_KNOTS('',3,1,((#13300,#13301),(#13302,#13303),
(#13304,#13305),(#13306,#13307)),.SURF_OF_LINEAR_EXTRUSION.,.F.,.F.,.F.,
(4,4),(2,2),(0.,1.),(0.,1.),.PIECEWISE_BEZIER_KNOTS.);
#825=B_SPLINE_SURFACE_WITH_KNOTS('',3,1,((#13313,#13314),(#13315,#13316),
(#13317,#13318),(#13319,#13320)),.SURF_OF_LINEAR_EXTRUSION.,.F.,.F.,.F.,
(4,4),(2,2),(0.,1.),(0.,1.),.PIECEWISE_BEZIER_KNOTS.);
#826=B_SPLINE_SURFACE_WITH_KNOTS('',3,1,((#13326,#13327),(#13328,#13329),
(#13330,#13331),(#13332,#13333)),.SURF_OF_LINEAR_EXTRUSION.,.F.,.F.,.F.,
(4,4),(2,2),(0.,1.),(0.,1.),.PIECEWISE_BEZIER_KNOTS.);
#827=B_SPLINE_SURFACE_WITH_KNOTS('',3,1,((#13339,#13340),(#13341,#13342),
(#13343,#13344),(#13345,#13346)),.SURF_OF_LINEAR_EXTRUSION.,.F.,.F.,.F.,
(4,4),(2,2),(0.,1.),(0.,1.),.PIECEWISE_BEZIER_KNOTS.);
#828=B_SPLINE_SURFACE_WITH_KNOTS('',3,1,((#13352,#13353),(#13354,#13355),
(#13356,#13357),(#13358,#13359)),.SURF_OF_LINEAR_EXTRUSION.,.F.,.F.,.F.,
(4,4),(2,2),(0.,1.),(0.,1.),.PIECEWISE_BEZIER_KNOTS.);
#829=B_SPLINE_SURFACE_WITH_KNOTS('',3,1,((#13373,#13374),(#13375,#13376),
(#13377,#13378),(#13379,#13380)),.SURF_OF_LINEAR_EXTRUSION.,.F.,.F.,.F.,
(4,4),(2,2),(0.188955346984174,1.),(0.,1.),.PIECEWISE_BEZIER_KNOTS.);
#830=B_SPLINE_SURFACE_WITH_KNOTS('',3,1,((#13386,#13387),(#13388,#13389),
(#13390,#13391),(#13392,#13393)),.SURF_OF_LINEAR_EXTRUSION.,.F.,.F.,.F.,
(4,4),(2,2),(0.,1.),(0.,1.),.PIECEWISE_BEZIER_KNOTS.);
#831=B_SPLINE_SURFACE_WITH_KNOTS('',3,1,((#13409,#13410),(#13411,#13412),
(#13413,#13414),(#13415,#13416)),.SURF_OF_LINEAR_EXTRUSION.,.F.,.F.,.F.,
(4,4),(2,2),(0.17609322403567,1.),(0.,1.),.PIECEWISE_BEZIER_KNOTS.);
#832=B_SPLINE_SURFACE_WITH_KNOTS('',3,1,((#13422,#13423),(#13424,#13425),
(#13426,#13427),(#13428,#13429)),.SURF_OF_LINEAR_EXTRUSION.,.F.,.F.,.F.,
(4,4),(2,2),(0.,1.),(0.,1.),.PIECEWISE_BEZIER_KNOTS.);
#833=B_SPLINE_SURFACE_WITH_KNOTS('',3,1,((#13439,#13440),(#13441,#13442),
(#13443,#13444),(#13445,#13446)),.SURF_OF_LINEAR_EXTRUSION.,.F.,.F.,.F.,
(4,4),(2,2),(0.,1.),(0.,1.),.PIECEWISE_BEZIER_KNOTS.);
#834=B_SPLINE_SURFACE_WITH_KNOTS('',3,1,((#13452,#13453),(#13454,#13455),
(#13456,#13457),(#13458,#13459)),.SURF_OF_LINEAR_EXTRUSION.,.F.,.F.,.F.,
(4,4),(2,2),(0.,1.),(0.,1.),.PIECEWISE_BEZIER_KNOTS.);
#835=B_SPLINE_SURFACE_WITH_KNOTS('',3,1,((#13471,#13472),(#13473,#13474),
(#13475,#13476),(#13477,#13478)),.SURF_OF_LINEAR_EXTRUSION.,.F.,.F.,.F.,
(4,4),(2,2),(0.,1.),(0.,1.),.PIECEWISE_BEZIER_KNOTS.);
#836=B_SPLINE_SURFACE_WITH_KNOTS('',3,1,((#13484,#13485),(#13486,#13487),
(#13488,#13489),(#13490,#13491)),.SURF_OF_LINEAR_EXTRUSION.,.F.,.F.,.F.,
(4,4),(2,2),(0.175695935417339,1.),(0.,1.),.PIECEWISE_BEZIER_KNOTS.);
#837=B_SPLINE_SURFACE_WITH_KNOTS('',3,1,((#13497,#13498),(#13499,#13500),
(#13501,#13502),(#13503,#13504)),.SURF_OF_LINEAR_EXTRUSION.,.F.,.F.,.F.,
(4,4),(2,2),(0.478503743491892,1.),(0.,1.),.PIECEWISE_BEZIER_KNOTS.);
#838=B_SPLINE_SURFACE_WITH_KNOTS('',3,1,((#13521,#13522),(#13523,#13524),
(#13525,#13526),(#13527,#13528)),.SURF_OF_LINEAR_EXTRUSION.,.F.,.F.,.F.,
(4,4),(2,2),(0.,1.),(0.,1.),.PIECEWISE_BEZIER_KNOTS.);
#839=B_SPLINE_SURFACE_WITH_KNOTS('',3,1,((#13531,#13532),(#13533,#13534),
(#13535,#13536),(#13537,#13538)),.SURF_OF_LINEAR_EXTRUSION.,.F.,.F.,.F.,
(4,4),(2,2),(0.,1.),(0.,1.),.PIECEWISE_BEZIER_KNOTS.);
#840=B_SPLINE_SURFACE_WITH_KNOTS('',3,1,((#13540,#13541),(#13542,#13543),
(#13544,#13545),(#13546,#13547)),.SURF_OF_LINEAR_EXTRUSION.,.F.,.F.,.F.,
(4,4),(2,2),(0.334895032443732,1.),(0.,1.),.PIECEWISE_BEZIER_KNOTS.);
#841=B_SPLINE_SURFACE_WITH_KNOTS('',3,1,((#13549,#13550),(#13551,#13552),
(#13553,#13554),(#13555,#13556)),.SURF_OF_LINEAR_EXTRUSION.,.F.,.F.,.F.,
(4,4),(2,2),(0.,1.),(0.,1.),.PIECEWISE_BEZIER_KNOTS.);
#842=B_SPLINE_SURFACE_WITH_KNOTS('',3,1,((#13560,#13561),(#13562,#13563),
(#13564,#13565),(#13566,#13567)),.SURF_OF_LINEAR_EXTRUSION.,.F.,.F.,.F.,
(4,4),(2,2),(0.,1.),(0.,1.),.PIECEWISE_BEZIER_KNOTS.);
#843=B_SPLINE_SURFACE_WITH_KNOTS('',3,1,((#13569,#13570),(#13571,#13572),
(#13573,#13574),(#13575,#13576)),.SURF_OF_LINEAR_EXTRUSION.,.F.,.F.,.F.,
(4,4),(2,2),(0.,1.),(0.,1.),.PIECEWISE_BEZIER_KNOTS.);
#844=B_SPLINE_SURFACE_WITH_KNOTS('',3,1,((#13578,#13579),(#13580,#13581),
(#13582,#13583),(#13584,#13585)),.SURF_OF_LINEAR_EXTRUSION.,.F.,.F.,.F.,
(4,4),(2,2),(0.,1.),(0.,1.),.PIECEWISE_BEZIER_KNOTS.);
#845=B_SPLINE_SURFACE_WITH_KNOTS('',3,1,((#13587,#13588),(#13589,#13590),
(#13591,#13592),(#13593,#13594)),.SURF_OF_LINEAR_EXTRUSION.,.F.,.F.,.F.,
(4,4),(2,2),(0.511006785431781,1.),(0.,1.),.PIECEWISE_BEZIER_KNOTS.);
#846=B_SPLINE_SURFACE_WITH_KNOTS('',3,1,((#13596,#13597),(#13598,#13599),
(#13600,#13601),(#13602,#13603)),.SURF_OF_LINEAR_EXTRUSION.,.F.,.F.,.F.,
(4,4),(2,2),(0.,1.),(0.,1.),.PIECEWISE_BEZIER_KNOTS.);
#847=B_SPLINE_SURFACE_WITH_KNOTS('',3,1,((#13605,#13606),(#13607,#13608),
(#13609,#13610),(#13611,#13612)),.SURF_OF_LINEAR_EXTRUSION.,.F.,.F.,.F.,
(4,4),(2,2),(0.,1.),(0.,1.),.PIECEWISE_BEZIER_KNOTS.);
#848=B_SPLINE_SURFACE_WITH_KNOTS('',3,1,((#13613,#13614),(#13615,#13616),
(#13617,#13618),(#13619,#13620)),.SURF_OF_LINEAR_EXTRUSION.,.F.,.F.,.F.,
(4,4),(2,2),(0.,1.),(0.,1.),.PIECEWISE_BEZIER_KNOTS.);
#849=B_SPLINE_SURFACE_WITH_KNOTS('',3,1,((#13633,#13634),(#13635,#13636),
(#13637,#13638),(#13639,#13640)),.SURF_OF_LINEAR_EXTRUSION.,.F.,.F.,.F.,
(4,4),(2,2),(0.,1.),(0.,1.),.PIECEWISE_BEZIER_KNOTS.);
#850=B_SPLINE_SURFACE_WITH_KNOTS('',3,1,((#13650,#13651),(#13652,#13653),
(#13654,#13655),(#13656,#13657)),.SURF_OF_LINEAR_EXTRUSION.,.F.,.F.,.F.,
(4,4),(2,2),(0.,1.),(0.,1.),.PIECEWISE_BEZIER_KNOTS.);
#851=B_SPLINE_SURFACE_WITH_KNOTS('',3,1,((#13667,#13668),(#13669,#13670),
(#13671,#13672),(#13673,#13674)),.SURF_OF_LINEAR_EXTRUSION.,.F.,.F.,.F.,
(4,4),(2,2),(0.,1.),(0.,1.),.PIECEWISE_BEZIER_KNOTS.);
#852=B_SPLINE_SURFACE_WITH_KNOTS('',3,1,((#13684,#13685),(#13686,#13687),
(#13688,#13689),(#13690,#13691)),.SURF_OF_LINEAR_EXTRUSION.,.F.,.F.,.F.,
(4,4),(2,2),(0.,1.),(0.,1.),.PIECEWISE_BEZIER_KNOTS.);
#853=B_SPLINE_SURFACE_WITH_KNOTS('',3,1,((#13701,#13702),(#13703,#13704),
(#13705,#13706),(#13707,#13708)),.SURF_OF_LINEAR_EXTRUSION.,.F.,.F.,.F.,
(4,4),(2,2),(0.,1.),(0.,1.),.PIECEWISE_BEZIER_KNOTS.);
#854=B_SPLINE_SURFACE_WITH_KNOTS('',3,1,((#13718,#13719),(#13720,#13721),
(#13722,#13723),(#13724,#13725)),.SURF_OF_LINEAR_EXTRUSION.,.F.,.F.,.F.,
(4,4),(2,2),(0.,1.),(0.,1.),.PIECEWISE_BEZIER_KNOTS.);
#855=B_SPLINE_SURFACE_WITH_KNOTS('',3,1,((#13735,#13736),(#13737,#13738),
(#13739,#13740),(#13741,#13742)),.SURF_OF_LINEAR_EXTRUSION.,.F.,.F.,.F.,
(4,4),(2,2),(0.,1.),(0.,1.),.PIECEWISE_BEZIER_KNOTS.);
#856=B_SPLINE_SURFACE_WITH_KNOTS('',3,1,((#13752,#13753),(#13754,#13755),
(#13756,#13757),(#13758,#13759)),.SURF_OF_LINEAR_EXTRUSION.,.F.,.F.,.F.,
(4,4),(2,2),(0.,1.),(0.,1.),.PIECEWISE_BEZIER_KNOTS.);
#857=B_SPLINE_SURFACE_WITH_KNOTS('',3,1,((#13769,#13770),(#13771,#13772),
(#13773,#13774),(#13775,#13776)),.SURF_OF_LINEAR_EXTRUSION.,.F.,.F.,.F.,
(4,4),(2,2),(0.,1.),(0.,1.),.PIECEWISE_BEZIER_KNOTS.);
#858=B_SPLINE_SURFACE_WITH_KNOTS('',3,1,((#13786,#13787),(#13788,#13789),
(#13790,#13791),(#13792,#13793)),.SURF_OF_LINEAR_EXTRUSION.,.F.,.F.,.F.,
(4,4),(2,2),(0.,1.),(0.,1.),.PIECEWISE_BEZIER_KNOTS.);
#859=B_SPLINE_SURFACE_WITH_KNOTS('',3,1,((#13803,#13804),(#13805,#13806),
(#13807,#13808),(#13809,#13810)),.SURF_OF_LINEAR_EXTRUSION.,.F.,.F.,.F.,
(4,4),(2,2),(0.,1.),(0.,1.),.PIECEWISE_BEZIER_KNOTS.);
#860=B_SPLINE_SURFACE_WITH_KNOTS('',3,1,((#13820,#13821),(#13822,#13823),
(#13824,#13825),(#13826,#13827)),.SURF_OF_LINEAR_EXTRUSION.,.F.,.F.,.F.,
(4,4),(2,2),(0.,1.),(0.,1.),.PIECEWISE_BEZIER_KNOTS.);
#861=B_SPLINE_SURFACE_WITH_KNOTS('',3,1,((#13847,#13848),(#13849,#13850),
(#13851,#13852),(#13853,#13854)),.SURF_OF_LINEAR_EXTRUSION.,.F.,.F.,.F.,
(4,4),(2,2),(0.,1.),(0.,1.),.PIECEWISE_BEZIER_KNOTS.);
#862=B_SPLINE_SURFACE_WITH_KNOTS('',3,1,((#13860,#13861),(#13862,#13863),
(#13864,#13865),(#13866,#13867)),.SURF_OF_LINEAR_EXTRUSION.,.F.,.F.,.F.,
(4,4),(2,2),(0.,1.),(0.,1.),.PIECEWISE_BEZIER_KNOTS.);
#863=B_SPLINE_SURFACE_WITH_KNOTS('',3,1,((#13873,#13874),(#13875,#13876),
(#13877,#13878),(#13879,#13880)),.SURF_OF_LINEAR_EXTRUSION.,.F.,.F.,.F.,
(4,4),(2,2),(0.,1.),(0.,1.),.PIECEWISE_BEZIER_KNOTS.);
#864=B_SPLINE_SURFACE_WITH_KNOTS('',3,1,((#13886,#13887),(#13888,#13889),
(#13890,#13891),(#13892,#13893)),.SURF_OF_LINEAR_EXTRUSION.,.F.,.F.,.F.,
(4,4),(2,2),(0.,1.),(0.,1.),.PIECEWISE_BEZIER_KNOTS.);
#865=B_SPLINE_SURFACE_WITH_KNOTS('',3,1,((#13903,#13904),(#13905,#13906),
(#13907,#13908),(#13909,#13910)),.SURF_OF_LINEAR_EXTRUSION.,.F.,.F.,.F.,
(4,4),(2,2),(0.,1.),(0.,1.),.PIECEWISE_BEZIER_KNOTS.);
#866=B_SPLINE_SURFACE_WITH_KNOTS('',3,1,((#13924,#13925),(#13926,#13927),
(#13928,#13929),(#13930,#13931)),.SURF_OF_LINEAR_EXTRUSION.,.F.,.F.,.F.,
(4,4),(2,2),(0.,1.),(0.,1.),.PIECEWISE_BEZIER_KNOTS.);
#867=B_SPLINE_SURFACE_WITH_KNOTS('',3,1,((#13937,#13938),(#13939,#13940),
(#13941,#13942),(#13943,#13944)),.SURF_OF_LINEAR_EXTRUSION.,.F.,.F.,.F.,
(4,4),(2,2),(0.,1.),(0.,1.),.PIECEWISE_BEZIER_KNOTS.);
#868=B_SPLINE_SURFACE_WITH_KNOTS('',3,1,((#13950,#13951),(#13952,#13953),
(#13954,#13955),(#13956,#13957)),.SURF_OF_LINEAR_EXTRUSION.,.F.,.F.,.F.,
(4,4),(2,2),(0.,1.),(0.,1.),.PIECEWISE_BEZIER_KNOTS.);
#869=B_SPLINE_SURFACE_WITH_KNOTS('',3,1,((#13963,#13964),(#13965,#13966),
(#13967,#13968),(#13969,#13970)),.SURF_OF_LINEAR_EXTRUSION.,.F.,.F.,.F.,
(4,4),(2,2),(0.,1.),(0.,1.),.PIECEWISE_BEZIER_KNOTS.);
#870=B_SPLINE_SURFACE_WITH_KNOTS('',3,1,((#13976,#13977),(#13978,#13979),
(#13980,#13981),(#13982,#13983)),.SURF_OF_LINEAR_EXTRUSION.,.F.,.F.,.F.,
(4,4),(2,2),(0.,1.),(0.,1.),.PIECEWISE_BEZIER_KNOTS.);
#871=B_SPLINE_SURFACE_WITH_KNOTS('',3,1,((#13989,#13990),(#13991,#13992),
(#13993,#13994),(#13995,#13996)),.SURF_OF_LINEAR_EXTRUSION.,.F.,.F.,.F.,
(4,4),(2,2),(0.,1.),(0.,1.),.PIECEWISE_BEZIER_KNOTS.);
#872=B_SPLINE_SURFACE_WITH_KNOTS('',3,1,((#14008,#14009),(#14010,#14011),
(#14012,#14013),(#14014,#14015)),.SURF_OF_LINEAR_EXTRUSION.,.F.,.F.,.F.,
(4,4),(2,2),(0.,1.),(0.,1.),.PIECEWISE_BEZIER_KNOTS.);
#873=B_SPLINE_SURFACE_WITH_KNOTS('',3,1,((#14023,#14024),(#14025,#14026),
(#14027,#14028),(#14029,#14030)),.SURF_OF_LINEAR_EXTRUSION.,.F.,.F.,.F.,
(4,4),(2,2),(0.,1.),(0.,1.),.PIECEWISE_BEZIER_KNOTS.);
#874=B_SPLINE_SURFACE_WITH_KNOTS('',3,1,((#14032,#14033),(#14034,#14035),
(#14036,#14037),(#14038,#14039)),.SURF_OF_LINEAR_EXTRUSION.,.F.,.F.,.F.,
(4,4),(2,2),(0.,1.),(0.,1.),.PIECEWISE_BEZIER_KNOTS.);
#875=B_SPLINE_SURFACE_WITH_KNOTS('',3,1,((#14041,#14042),(#14043,#14044),
(#14045,#14046),(#14047,#14048)),.SURF_OF_LINEAR_EXTRUSION.,.F.,.F.,.F.,
(4,4),(2,2),(0.,1.),(0.,1.),.PIECEWISE_BEZIER_KNOTS.);
#876=B_SPLINE_SURFACE_WITH_KNOTS('',3,1,((#14050,#14051),(#14052,#14053),
(#14054,#14055),(#14056,#14057)),.SURF_OF_LINEAR_EXTRUSION.,.F.,.F.,.F.,
(4,4),(2,2),(0.,1.),(0.,1.),.PIECEWISE_BEZIER_KNOTS.);
#877=B_SPLINE_SURFACE_WITH_KNOTS('',3,1,((#14059,#14060),(#14061,#14062),
(#14063,#14064),(#14065,#14066)),.SURF_OF_LINEAR_EXTRUSION.,.F.,.F.,.F.,
(4,4),(2,2),(0.,1.),(0.,1.),.PIECEWISE_BEZIER_KNOTS.);
#878=B_SPLINE_SURFACE_WITH_KNOTS('',3,1,((#14068,#14069),(#14070,#14071),
(#14072,#14073),(#14074,#14075)),.SURF_OF_LINEAR_EXTRUSION.,.F.,.F.,.F.,
(4,4),(2,2),(0.,1.),(0.,1.),.PIECEWISE_BEZIER_KNOTS.);
#879=B_SPLINE_SURFACE_WITH_KNOTS('',3,1,((#14077,#14078),(#14079,#14080),
(#14081,#14082),(#14083,#14084)),.SURF_OF_LINEAR_EXTRUSION.,.F.,.F.,.F.,
(4,4),(2,2),(0.,1.),(0.,1.),.PIECEWISE_BEZIER_KNOTS.);
#880=B_SPLINE_SURFACE_WITH_KNOTS('',3,1,((#14088,#14089),(#14090,#14091),
(#14092,#14093),(#14094,#14095)),.SURF_OF_LINEAR_EXTRUSION.,.F.,.F.,.F.,
(4,4),(2,2),(0.,1.),(0.,1.),.PIECEWISE_BEZIER_KNOTS.);
#881=B_SPLINE_SURFACE_WITH_KNOTS('',3,1,((#14097,#14098),(#14099,#14100),
(#14101,#14102),(#14103,#14104)),.SURF_OF_LINEAR_EXTRUSION.,.F.,.F.,.F.,
(4,4),(2,2),(0.,1.),(0.,1.),.PIECEWISE_BEZIER_KNOTS.);
#882=B_SPLINE_SURFACE_WITH_KNOTS('',3,1,((#14106,#14107),(#14108,#14109),
(#14110,#14111),(#14112,#14113)),.SURF_OF_LINEAR_EXTRUSION.,.F.,.F.,.F.,
(4,4),(2,2),(0.,1.),(0.,1.),.PIECEWISE_BEZIER_KNOTS.);
#883=B_SPLINE_SURFACE_WITH_KNOTS('',3,1,((#14115,#14116),(#14117,#14118),
(#14119,#14120),(#14121,#14122)),.SURF_OF_LINEAR_EXTRUSION.,.F.,.F.,.F.,
(4,4),(2,2),(0.,1.),(0.,1.),.PIECEWISE_BEZIER_KNOTS.);
#884=B_SPLINE_SURFACE_WITH_KNOTS('',3,1,((#14124,#14125),(#14126,#14127),
(#14128,#14129),(#14130,#14131)),.SURF_OF_LINEAR_EXTRUSION.,.F.,.F.,.F.,
(4,4),(2,2),(0.,1.),(0.,1.),.PIECEWISE_BEZIER_KNOTS.);
#885=B_SPLINE_SURFACE_WITH_KNOTS('',3,1,((#14133,#14134),(#14135,#14136),
(#14137,#14138),(#14139,#14140)),.SURF_OF_LINEAR_EXTRUSION.,.F.,.F.,.F.,
(4,4),(2,2),(0.,1.),(0.,1.),.PIECEWISE_BEZIER_KNOTS.);
#886=B_SPLINE_SURFACE_WITH_KNOTS('',3,1,((#14142,#14143),(#14144,#14145),
(#14146,#14147),(#14148,#14149)),.SURF_OF_LINEAR_EXTRUSION.,.F.,.F.,.F.,
(4,4),(2,2),(0.,1.),(0.,1.),.PIECEWISE_BEZIER_KNOTS.);
#887=B_SPLINE_SURFACE_WITH_KNOTS('',3,1,((#14151,#14152),(#14153,#14154),
(#14155,#14156),(#14157,#14158)),.SURF_OF_LINEAR_EXTRUSION.,.F.,.F.,.F.,
(4,4),(2,2),(0.,1.),(0.,1.),.PIECEWISE_BEZIER_KNOTS.);
#888=ORIENTED_EDGE('',*,*,#3290,.F.);
#889=ORIENTED_EDGE('',*,*,#3291,.T.);
#890=ORIENTED_EDGE('',*,*,#3292,.T.);
#891=ORIENTED_EDGE('',*,*,#3293,.F.);
#892=ORIENTED_EDGE('',*,*,#3294,.T.);
#893=ORIENTED_EDGE('',*,*,#3295,.T.);
#894=ORIENTED_EDGE('',*,*,#3296,.F.);
#895=ORIENTED_EDGE('',*,*,#3297,.F.);
#896=ORIENTED_EDGE('',*,*,#3298,.T.);
#897=ORIENTED_EDGE('',*,*,#3299,.T.);
#898=ORIENTED_EDGE('',*,*,#3300,.F.);
#899=ORIENTED_EDGE('',*,*,#3301,.F.);
#900=ORIENTED_EDGE('',*,*,#3302,.T.);
#901=ORIENTED_EDGE('',*,*,#3303,.T.);
#902=ORIENTED_EDGE('',*,*,#3304,.F.);
#903=ORIENTED_EDGE('',*,*,#3305,.F.);
#904=ORIENTED_EDGE('',*,*,#3306,.T.);
#905=ORIENTED_EDGE('',*,*,#3307,.T.);
#906=ORIENTED_EDGE('',*,*,#3308,.F.);
#907=ORIENTED_EDGE('',*,*,#3309,.F.);
#908=ORIENTED_EDGE('',*,*,#3310,.F.);
#909=ORIENTED_EDGE('',*,*,#3311,.T.);
#910=ORIENTED_EDGE('',*,*,#3312,.T.);
#911=ORIENTED_EDGE('',*,*,#3313,.F.);
#912=ORIENTED_EDGE('',*,*,#3314,.T.);
#913=ORIENTED_EDGE('',*,*,#3315,.T.);
#914=ORIENTED_EDGE('',*,*,#3316,.F.);
#915=ORIENTED_EDGE('',*,*,#3317,.F.);
#916=ORIENTED_EDGE('',*,*,#3311,.F.);
#917=ORIENTED_EDGE('',*,*,#3318,.T.);
#918=ORIENTED_EDGE('',*,*,#3314,.F.);
#919=ORIENTED_EDGE('',*,*,#3319,.F.);
#920=ORIENTED_EDGE('',*,*,#3320,.F.);
#921=ORIENTED_EDGE('',*,*,#3321,.F.);
#922=ORIENTED_EDGE('',*,*,#3322,.F.);
#923=ORIENTED_EDGE('',*,*,#3323,.F.);
#924=ORIENTED_EDGE('',*,*,#3324,.F.);
#925=ORIENTED_EDGE('',*,*,#3325,.F.);
#926=ORIENTED_EDGE('',*,*,#3326,.T.);
#927=ORIENTED_EDGE('',*,*,#3291,.F.);
#928=ORIENTED_EDGE('',*,*,#3327,.T.);
#929=ORIENTED_EDGE('',*,*,#3294,.F.);
#930=ORIENTED_EDGE('',*,*,#3328,.F.);
#931=ORIENTED_EDGE('',*,*,#3298,.F.);
#932=ORIENTED_EDGE('',*,*,#3329,.F.);
#933=ORIENTED_EDGE('',*,*,#3330,.F.);
#934=ORIENTED_EDGE('',*,*,#3331,.T.);
#935=ORIENTED_EDGE('',*,*,#3302,.F.);
#936=ORIENTED_EDGE('',*,*,#3332,.T.);
#937=ORIENTED_EDGE('',*,*,#3306,.F.);
#938=ORIENTED_EDGE('',*,*,#3333,.F.);
#939=ORIENTED_EDGE('',*,*,#3334,.F.);
#940=ORIENTED_EDGE('',*,*,#3335,.F.);
#941=ORIENTED_EDGE('',*,*,#3336,.F.);
#942=ORIENTED_EDGE('',*,*,#3337,.T.);
#943=ORIENTED_EDGE('',*,*,#3338,.T.);
#944=ORIENTED_EDGE('',*,*,#3339,.T.);
#945=ORIENTED_EDGE('',*,*,#3340,.F.);
#946=ORIENTED_EDGE('',*,*,#3341,.F.);
#947=ORIENTED_EDGE('',*,*,#3342,.T.);
#948=ORIENTED_EDGE('',*,*,#3343,.T.);
#949=ORIENTED_EDGE('',*,*,#3344,.F.);
#950=ORIENTED_EDGE('',*,*,#3345,.F.);
#951=ORIENTED_EDGE('',*,*,#3346,.T.);
#952=ORIENTED_EDGE('',*,*,#3347,.T.);
#953=ORIENTED_EDGE('',*,*,#3348,.F.);
#954=ORIENTED_EDGE('',*,*,#3349,.F.);
#955=ORIENTED_EDGE('',*,*,#3350,.T.);
#956=ORIENTED_EDGE('',*,*,#3351,.T.);
#957=ORIENTED_EDGE('',*,*,#3352,.F.);
#958=ORIENTED_EDGE('',*,*,#3353,.F.);
#959=ORIENTED_EDGE('',*,*,#3354,.F.);
#960=ORIENTED_EDGE('',*,*,#3355,.T.);
#961=ORIENTED_EDGE('',*,*,#3346,.F.);
#962=ORIENTED_EDGE('',*,*,#3356,.T.);
#963=ORIENTED_EDGE('',*,*,#3350,.F.);
#964=ORIENTED_EDGE('',*,*,#3357,.F.);
#965=ORIENTED_EDGE('',*,*,#3358,.F.);
#966=ORIENTED_EDGE('',*,*,#3359,.F.);
#967=ORIENTED_EDGE('',*,*,#3360,.F.);
#968=ORIENTED_EDGE('',*,*,#3361,.F.);
#969=ORIENTED_EDGE('',*,*,#3362,.F.);
#970=ORIENTED_EDGE('',*,*,#3363,.F.);
#971=ORIENTED_EDGE('',*,*,#3364,.F.);
#972=ORIENTED_EDGE('',*,*,#3365,.T.);
#973=ORIENTED_EDGE('',*,*,#3338,.F.);
#974=ORIENTED_EDGE('',*,*,#3366,.T.);
#975=ORIENTED_EDGE('',*,*,#3342,.F.);
#976=ORIENTED_EDGE('',*,*,#3367,.F.);
#977=ORIENTED_EDGE('',*,*,#3368,.F.);
#978=ORIENTED_EDGE('',*,*,#3369,.F.);
#979=ORIENTED_EDGE('',*,*,#3370,.F.);
#980=ORIENTED_EDGE('',*,*,#3371,.F.);
#981=ORIENTED_EDGE('',*,*,#3372,.F.);
#982=ORIENTED_EDGE('',*,*,#3373,.F.);
#983=ORIENTED_EDGE('',*,*,#3374,.F.);
#984=ORIENTED_EDGE('',*,*,#3375,.F.);
#985=ORIENTED_EDGE('',*,*,#3376,.T.);
#986=ORIENTED_EDGE('',*,*,#3377,.T.);
#987=ORIENTED_EDGE('',*,*,#3378,.T.);
#988=ORIENTED_EDGE('',*,*,#3379,.T.);
#989=ORIENTED_EDGE('',*,*,#3380,.T.);
#990=ORIENTED_EDGE('',*,*,#3381,.T.);
#991=ORIENTED_EDGE('',*,*,#3382,.T.);
#992=ORIENTED_EDGE('',*,*,#3316,.T.);
#993=ORIENTED_EDGE('',*,*,#3383,.F.);
#994=ORIENTED_EDGE('',*,*,#3313,.T.);
#995=ORIENTED_EDGE('',*,*,#3384,.F.);
#996=ORIENTED_EDGE('',*,*,#3385,.T.);
#997=ORIENTED_EDGE('',*,*,#3386,.T.);
#998=ORIENTED_EDGE('',*,*,#3387,.T.);
#999=ORIENTED_EDGE('',*,*,#3388,.T.);
#1000=ORIENTED_EDGE('',*,*,#3308,.T.);
#1001=ORIENTED_EDGE('',*,*,#3389,.F.);
#1002=ORIENTED_EDGE('',*,*,#3304,.T.);
#1003=ORIENTED_EDGE('',*,*,#3390,.F.);
#1004=ORIENTED_EDGE('',*,*,#3391,.T.);
#1005=ORIENTED_EDGE('',*,*,#3392,.T.);
#1006=ORIENTED_EDGE('',*,*,#3300,.T.);
#1007=ORIENTED_EDGE('',*,*,#3393,.T.);
#1008=ORIENTED_EDGE('',*,*,#3296,.T.);
#1009=ORIENTED_EDGE('',*,*,#3394,.F.);
#1010=ORIENTED_EDGE('',*,*,#3293,.T.);
#1011=ORIENTED_EDGE('',*,*,#3395,.T.);
#1012=ORIENTED_EDGE('',*,*,#3396,.T.);
#1013=ORIENTED_EDGE('',*,*,#3397,.F.);
#1014=ORIENTED_EDGE('',*,*,#3398,.T.);
#1015=ORIENTED_EDGE('',*,*,#3399,.F.);
#1016=ORIENTED_EDGE('',*,*,#3400,.F.);
#1017=ORIENTED_EDGE('',*,*,#3401,.F.);
#1018=ORIENTED_EDGE('',*,*,#3402,.F.);
#1019=ORIENTED_EDGE('',*,*,#3403,.F.);
#1020=ORIENTED_EDGE('',*,*,#3404,.T.);
#1021=ORIENTED_EDGE('',*,*,#3405,.T.);
#1022=ORIENTED_EDGE('',*,*,#3406,.F.);
#1023=ORIENTED_EDGE('',*,*,#3407,.F.);
#1024=ORIENTED_EDGE('',*,*,#3408,.F.);
#1025=ORIENTED_EDGE('',*,*,#3409,.F.);
#1026=ORIENTED_EDGE('',*,*,#3410,.T.);
#1027=ORIENTED_EDGE('',*,*,#3411,.T.);
#1028=ORIENTED_EDGE('',*,*,#3412,.F.);
#1029=ORIENTED_EDGE('',*,*,#3413,.F.);
#1030=ORIENTED_EDGE('',*,*,#3414,.F.);
#1031=ORIENTED_EDGE('',*,*,#3415,.F.);
#1032=ORIENTED_EDGE('',*,*,#3416,.T.);
#1033=ORIENTED_EDGE('',*,*,#3417,.T.);
#1034=ORIENTED_EDGE('',*,*,#3418,.F.);
#1035=ORIENTED_EDGE('',*,*,#3419,.F.);
#1036=ORIENTED_EDGE('',*,*,#3420,.F.);
#1037=ORIENTED_EDGE('',*,*,#3421,.F.);
#1038=ORIENTED_EDGE('',*,*,#3422,.T.);
#1039=ORIENTED_EDGE('',*,*,#3423,.T.);
#1040=ORIENTED_EDGE('',*,*,#3424,.F.);
#1041=ORIENTED_EDGE('',*,*,#3425,.F.);
#1042=ORIENTED_EDGE('',*,*,#3426,.F.);
#1043=ORIENTED_EDGE('',*,*,#3427,.F.);
#1044=ORIENTED_EDGE('',*,*,#3428,.T.);
#1045=ORIENTED_EDGE('',*,*,#3429,.T.);
#1046=ORIENTED_EDGE('',*,*,#3430,.F.);
#1047=ORIENTED_EDGE('',*,*,#3431,.F.);
#1048=ORIENTED_EDGE('',*,*,#3432,.F.);
#1049=ORIENTED_EDGE('',*,*,#3433,.F.);
#1050=ORIENTED_EDGE('',*,*,#3434,.T.);
#1051=ORIENTED_EDGE('',*,*,#3435,.T.);
#1052=ORIENTED_EDGE('',*,*,#3436,.F.);
#1053=ORIENTED_EDGE('',*,*,#3437,.F.);
#1054=ORIENTED_EDGE('',*,*,#3438,.F.);
#1055=ORIENTED_EDGE('',*,*,#3439,.F.);
#1056=ORIENTED_EDGE('',*,*,#3440,.T.);
#1057=ORIENTED_EDGE('',*,*,#3441,.T.);
#1058=ORIENTED_EDGE('',*,*,#3442,.F.);
#1059=ORIENTED_EDGE('',*,*,#3443,.F.);
#1060=ORIENTED_EDGE('',*,*,#3444,.F.);
#1061=ORIENTED_EDGE('',*,*,#3445,.F.);
#1062=ORIENTED_EDGE('',*,*,#3446,.T.);
#1063=ORIENTED_EDGE('',*,*,#3447,.T.);
#1064=ORIENTED_EDGE('',*,*,#3448,.F.);
#1065=ORIENTED_EDGE('',*,*,#3449,.F.);
#1066=ORIENTED_EDGE('',*,*,#3450,.F.);
#1067=ORIENTED_EDGE('',*,*,#3451,.F.);
#1068=ORIENTED_EDGE('',*,*,#3452,.T.);
#1069=ORIENTED_EDGE('',*,*,#3453,.T.);
#1070=ORIENTED_EDGE('',*,*,#3454,.F.);
#1071=ORIENTED_EDGE('',*,*,#3455,.F.);
#1072=ORIENTED_EDGE('',*,*,#3456,.F.);
#1073=ORIENTED_EDGE('',*,*,#3457,.F.);
#1074=ORIENTED_EDGE('',*,*,#3458,.T.);
#1075=ORIENTED_EDGE('',*,*,#3459,.T.);
#1076=ORIENTED_EDGE('',*,*,#3460,.F.);
#1077=ORIENTED_EDGE('',*,*,#3461,.F.);
#1078=ORIENTED_EDGE('',*,*,#3462,.F.);
#1079=ORIENTED_EDGE('',*,*,#3463,.F.);
#1080=ORIENTED_EDGE('',*,*,#3464,.T.);
#1081=ORIENTED_EDGE('',*,*,#3465,.T.);
#1082=ORIENTED_EDGE('',*,*,#3466,.F.);
#1083=ORIENTED_EDGE('',*,*,#3467,.F.);
#1084=ORIENTED_EDGE('',*,*,#3468,.F.);
#1085=ORIENTED_EDGE('',*,*,#3469,.F.);
#1086=ORIENTED_EDGE('',*,*,#3470,.T.);
#1087=ORIENTED_EDGE('',*,*,#3471,.T.);
#1088=ORIENTED_EDGE('',*,*,#3472,.F.);
#1089=ORIENTED_EDGE('',*,*,#3473,.F.);
#1090=ORIENTED_EDGE('',*,*,#3474,.F.);
#1091=ORIENTED_EDGE('',*,*,#3475,.F.);
#1092=ORIENTED_EDGE('',*,*,#3476,.T.);
#1093=ORIENTED_EDGE('',*,*,#3477,.T.);
#1094=ORIENTED_EDGE('',*,*,#3478,.F.);
#1095=ORIENTED_EDGE('',*,*,#3479,.F.);
#1096=ORIENTED_EDGE('',*,*,#3480,.F.);
#1097=ORIENTED_EDGE('',*,*,#3481,.F.);
#1098=ORIENTED_EDGE('',*,*,#3482,.T.);
#1099=ORIENTED_EDGE('',*,*,#3483,.T.);
#1100=ORIENTED_EDGE('',*,*,#3484,.F.);
#1101=ORIENTED_EDGE('',*,*,#3485,.F.);
#1102=ORIENTED_EDGE('',*,*,#3486,.F.);
#1103=ORIENTED_EDGE('',*,*,#3487,.F.);
#1104=ORIENTED_EDGE('',*,*,#3488,.T.);
#1105=ORIENTED_EDGE('',*,*,#3489,.T.);
#1106=ORIENTED_EDGE('',*,*,#3490,.F.);
#1107=ORIENTED_EDGE('',*,*,#3491,.F.);
#1108=ORIENTED_EDGE('',*,*,#3492,.F.);
#1109=ORIENTED_EDGE('',*,*,#3493,.F.);
#1110=ORIENTED_EDGE('',*,*,#3494,.T.);
#1111=ORIENTED_EDGE('',*,*,#3495,.T.);
#1112=ORIENTED_EDGE('',*,*,#3496,.F.);
#1113=ORIENTED_EDGE('',*,*,#3497,.F.);
#1114=ORIENTED_EDGE('',*,*,#3498,.F.);
#1115=ORIENTED_EDGE('',*,*,#3499,.F.);
#1116=ORIENTED_EDGE('',*,*,#3500,.T.);
#1117=ORIENTED_EDGE('',*,*,#3501,.T.);
#1118=ORIENTED_EDGE('',*,*,#3502,.F.);
#1119=ORIENTED_EDGE('',*,*,#3503,.F.);
#1120=ORIENTED_EDGE('',*,*,#3504,.F.);
#1121=ORIENTED_EDGE('',*,*,#3505,.F.);
#1122=ORIENTED_EDGE('',*,*,#3506,.T.);
#1123=ORIENTED_EDGE('',*,*,#3507,.T.);
#1124=ORIENTED_EDGE('',*,*,#3508,.F.);
#1125=ORIENTED_EDGE('',*,*,#3509,.F.);
#1126=ORIENTED_EDGE('',*,*,#3510,.F.);
#1127=ORIENTED_EDGE('',*,*,#3511,.F.);
#1128=ORIENTED_EDGE('',*,*,#3512,.T.);
#1129=ORIENTED_EDGE('',*,*,#3513,.T.);
#1130=ORIENTED_EDGE('',*,*,#3514,.F.);
#1131=ORIENTED_EDGE('',*,*,#3515,.F.);
#1132=ORIENTED_EDGE('',*,*,#3516,.F.);
#1133=ORIENTED_EDGE('',*,*,#3517,.F.);
#1134=ORIENTED_EDGE('',*,*,#3518,.T.);
#1135=ORIENTED_EDGE('',*,*,#3519,.T.);
#1136=ORIENTED_EDGE('',*,*,#3520,.F.);
#1137=ORIENTED_EDGE('',*,*,#3521,.F.);
#1138=ORIENTED_EDGE('',*,*,#3522,.F.);
#1139=ORIENTED_EDGE('',*,*,#3523,.F.);
#1140=ORIENTED_EDGE('',*,*,#3524,.T.);
#1141=ORIENTED_EDGE('',*,*,#3525,.T.);
#1142=ORIENTED_EDGE('',*,*,#3526,.F.);
#1143=ORIENTED_EDGE('',*,*,#3527,.F.);
#1144=ORIENTED_EDGE('',*,*,#3528,.F.);
#1145=ORIENTED_EDGE('',*,*,#3529,.F.);
#1146=ORIENTED_EDGE('',*,*,#3530,.T.);
#1147=ORIENTED_EDGE('',*,*,#3531,.T.);
#1148=ORIENTED_EDGE('',*,*,#3532,.F.);
#1149=ORIENTED_EDGE('',*,*,#3533,.F.);
#1150=ORIENTED_EDGE('',*,*,#3534,.F.);
#1151=ORIENTED_EDGE('',*,*,#3535,.F.);
#1152=ORIENTED_EDGE('',*,*,#3536,.T.);
#1153=ORIENTED_EDGE('',*,*,#3537,.T.);
#1154=ORIENTED_EDGE('',*,*,#3538,.F.);
#1155=ORIENTED_EDGE('',*,*,#3539,.F.);
#1156=ORIENTED_EDGE('',*,*,#3540,.F.);
#1157=ORIENTED_EDGE('',*,*,#3541,.F.);
#1158=ORIENTED_EDGE('',*,*,#3542,.T.);
#1159=ORIENTED_EDGE('',*,*,#3543,.T.);
#1160=ORIENTED_EDGE('',*,*,#3544,.F.);
#1161=ORIENTED_EDGE('',*,*,#3545,.F.);
#1162=ORIENTED_EDGE('',*,*,#3546,.F.);
#1163=ORIENTED_EDGE('',*,*,#3547,.T.);
#1164=ORIENTED_EDGE('',*,*,#3548,.F.);
#1165=ORIENTED_EDGE('',*,*,#3549,.T.);
#1166=ORIENTED_EDGE('',*,*,#3550,.T.);
#1167=ORIENTED_EDGE('',*,*,#3551,.T.);
#1168=ORIENTED_EDGE('',*,*,#3552,.T.);
#1169=ORIENTED_EDGE('',*,*,#3553,.T.);
#1170=ORIENTED_EDGE('',*,*,#3554,.T.);
#1171=ORIENTED_EDGE('',*,*,#3555,.T.);
#1172=ORIENTED_EDGE('',*,*,#3556,.T.);
#1173=ORIENTED_EDGE('',*,*,#3557,.T.);
#1174=ORIENTED_EDGE('',*,*,#3558,.T.);
#1175=ORIENTED_EDGE('',*,*,#3559,.T.);
#1176=ORIENTED_EDGE('',*,*,#3560,.T.);
#1177=ORIENTED_EDGE('',*,*,#3561,.F.);
#1178=ORIENTED_EDGE('',*,*,#3562,.T.);
#1179=ORIENTED_EDGE('',*,*,#3563,.F.);
#1180=ORIENTED_EDGE('',*,*,#3564,.T.);
#1181=ORIENTED_EDGE('',*,*,#3565,.F.);
#1182=ORIENTED_EDGE('',*,*,#3566,.T.);
#1183=ORIENTED_EDGE('',*,*,#3567,.F.);
#1184=ORIENTED_EDGE('',*,*,#3568,.T.);
#1185=ORIENTED_EDGE('',*,*,#3569,.T.);
#1186=ORIENTED_EDGE('',*,*,#3570,.T.);
#1187=ORIENTED_EDGE('',*,*,#3571,.T.);
#1188=ORIENTED_EDGE('',*,*,#3572,.T.);
#1189=ORIENTED_EDGE('',*,*,#3573,.T.);
#1190=ORIENTED_EDGE('',*,*,#3574,.T.);
#1191=ORIENTED_EDGE('',*,*,#3575,.T.);
#1192=ORIENTED_EDGE('',*,*,#3576,.T.);
#1193=ORIENTED_EDGE('',*,*,#3577,.T.);
#1194=ORIENTED_EDGE('',*,*,#3578,.F.);
#1195=ORIENTED_EDGE('',*,*,#3579,.T.);
#1196=ORIENTED_EDGE('',*,*,#3580,.F.);
#1197=ORIENTED_EDGE('',*,*,#3581,.T.);
#1198=ORIENTED_EDGE('',*,*,#3582,.F.);
#1199=ORIENTED_EDGE('',*,*,#3583,.T.);
#1200=ORIENTED_EDGE('',*,*,#3584,.F.);
#1201=ORIENTED_EDGE('',*,*,#3585,.T.);
#1202=ORIENTED_EDGE('',*,*,#3586,.T.);
#1203=ORIENTED_EDGE('',*,*,#3587,.T.);
#1204=ORIENTED_EDGE('',*,*,#3588,.T.);
#1205=ORIENTED_EDGE('',*,*,#3589,.T.);
#1206=ORIENTED_EDGE('',*,*,#3590,.T.);
#1207=ORIENTED_EDGE('',*,*,#3591,.T.);
#1208=ORIENTED_EDGE('',*,*,#3592,.T.);
#1209=ORIENTED_EDGE('',*,*,#3593,.T.);
#1210=ORIENTED_EDGE('',*,*,#3594,.T.);
#1211=ORIENTED_EDGE('',*,*,#3595,.F.);
#1212=ORIENTED_EDGE('',*,*,#3596,.T.);
#1213=ORIENTED_EDGE('',*,*,#3597,.T.);
#1214=ORIENTED_EDGE('',*,*,#3598,.T.);
#1215=ORIENTED_EDGE('',*,*,#3599,.T.);
#1216=ORIENTED_EDGE('',*,*,#3600,.T.);
#1217=ORIENTED_EDGE('',*,*,#3601,.T.);
#1218=ORIENTED_EDGE('',*,*,#3602,.T.);
#1219=ORIENTED_EDGE('',*,*,#3603,.T.);
#1220=ORIENTED_EDGE('',*,*,#3604,.T.);
#1221=ORIENTED_EDGE('',*,*,#3605,.T.);
#1222=ORIENTED_EDGE('',*,*,#3606,.T.);
#1223=ORIENTED_EDGE('',*,*,#3607,.T.);
#1224=ORIENTED_EDGE('',*,*,#3608,.T.);
#1225=ORIENTED_EDGE('',*,*,#3609,.T.);
#1226=ORIENTED_EDGE('',*,*,#3610,.T.);
#1227=ORIENTED_EDGE('',*,*,#3611,.T.);
#1228=ORIENTED_EDGE('',*,*,#3612,.T.);
#1229=ORIENTED_EDGE('',*,*,#3613,.T.);
#1230=ORIENTED_EDGE('',*,*,#3614,.T.);
#1231=ORIENTED_EDGE('',*,*,#3615,.F.);
#1232=ORIENTED_EDGE('',*,*,#3616,.T.);
#1233=ORIENTED_EDGE('',*,*,#3617,.F.);
#1234=ORIENTED_EDGE('',*,*,#3618,.T.);
#1235=ORIENTED_EDGE('',*,*,#3619,.T.);
#1236=ORIENTED_EDGE('',*,*,#3620,.T.);
#1237=ORIENTED_EDGE('',*,*,#3621,.T.);
#1238=ORIENTED_EDGE('',*,*,#3622,.T.);
#1239=ORIENTED_EDGE('',*,*,#3623,.F.);
#1240=ORIENTED_EDGE('',*,*,#3624,.F.);
#1241=ORIENTED_EDGE('',*,*,#3625,.T.);
#1242=ORIENTED_EDGE('',*,*,#3626,.F.);
#1243=ORIENTED_EDGE('',*,*,#3627,.T.);
#1244=ORIENTED_EDGE('',*,*,#3628,.T.);
#1245=ORIENTED_EDGE('',*,*,#3629,.T.);
#1246=ORIENTED_EDGE('',*,*,#3630,.F.);
#1247=ORIENTED_EDGE('',*,*,#3631,.T.);
#1248=ORIENTED_EDGE('',*,*,#3632,.T.);
#1249=ORIENTED_EDGE('',*,*,#3633,.T.);
#1250=ORIENTED_EDGE('',*,*,#3634,.F.);
#1251=ORIENTED_EDGE('',*,*,#3635,.F.);
#1252=ORIENTED_EDGE('',*,*,#3636,.T.);
#1253=ORIENTED_EDGE('',*,*,#3637,.F.);
#1254=ORIENTED_EDGE('',*,*,#3638,.T.);
#1255=ORIENTED_EDGE('',*,*,#3639,.F.);
#1256=ORIENTED_EDGE('',*,*,#3640,.T.);
#1257=ORIENTED_EDGE('',*,*,#3641,.F.);
#1258=ORIENTED_EDGE('',*,*,#3642,.T.);
#1259=ORIENTED_EDGE('',*,*,#3643,.F.);
#1260=ORIENTED_EDGE('',*,*,#3644,.F.);
#1261=ORIENTED_EDGE('',*,*,#3645,.T.);
#1262=ORIENTED_EDGE('',*,*,#3646,.T.);
#1263=ORIENTED_EDGE('',*,*,#3647,.F.);
#1264=ORIENTED_EDGE('',*,*,#3648,.T.);
#1265=ORIENTED_EDGE('',*,*,#3649,.F.);
#1266=ORIENTED_EDGE('',*,*,#3650,.T.);
#1267=ORIENTED_EDGE('',*,*,#3651,.F.);
#1268=ORIENTED_EDGE('',*,*,#3652,.T.);
#1269=ORIENTED_EDGE('',*,*,#3653,.F.);
#1270=ORIENTED_EDGE('',*,*,#3654,.T.);
#1271=ORIENTED_EDGE('',*,*,#3655,.T.);
#1272=ORIENTED_EDGE('',*,*,#3656,.T.);
#1273=ORIENTED_EDGE('',*,*,#3657,.T.);
#1274=ORIENTED_EDGE('',*,*,#3658,.F.);
#1275=ORIENTED_EDGE('',*,*,#3659,.T.);
#1276=ORIENTED_EDGE('',*,*,#3660,.F.);
#1277=ORIENTED_EDGE('',*,*,#3661,.T.);
#1278=ORIENTED_EDGE('',*,*,#3662,.F.);
#1279=ORIENTED_EDGE('',*,*,#3663,.T.);
#1280=ORIENTED_EDGE('',*,*,#3664,.F.);
#1281=ORIENTED_EDGE('',*,*,#3665,.T.);
#1282=ORIENTED_EDGE('',*,*,#3666,.T.);
#1283=ORIENTED_EDGE('',*,*,#3667,.T.);
#1284=ORIENTED_EDGE('',*,*,#3668,.F.);
#1285=ORIENTED_EDGE('',*,*,#3669,.T.);
#1286=ORIENTED_EDGE('',*,*,#3670,.F.);
#1287=ORIENTED_EDGE('',*,*,#3671,.T.);
#1288=ORIENTED_EDGE('',*,*,#3672,.F.);
#1289=ORIENTED_EDGE('',*,*,#3673,.T.);
#1290=ORIENTED_EDGE('',*,*,#3674,.T.);
#1291=ORIENTED_EDGE('',*,*,#3675,.T.);
#1292=ORIENTED_EDGE('',*,*,#3676,.T.);
#1293=ORIENTED_EDGE('',*,*,#3677,.T.);
#1294=ORIENTED_EDGE('',*,*,#3678,.F.);
#1295=ORIENTED_EDGE('',*,*,#3679,.T.);
#1296=ORIENTED_EDGE('',*,*,#3680,.T.);
#1297=ORIENTED_EDGE('',*,*,#3681,.T.);
#1298=ORIENTED_EDGE('',*,*,#3682,.T.);
#1299=ORIENTED_EDGE('',*,*,#3683,.T.);
#1300=ORIENTED_EDGE('',*,*,#3684,.T.);
#1301=ORIENTED_EDGE('',*,*,#3685,.T.);
#1302=ORIENTED_EDGE('',*,*,#3686,.T.);
#1303=ORIENTED_EDGE('',*,*,#3687,.T.);
#1304=ORIENTED_EDGE('',*,*,#3688,.T.);
#1305=ORIENTED_EDGE('',*,*,#3689,.T.);
#1306=ORIENTED_EDGE('',*,*,#3690,.T.);
#1307=ORIENTED_EDGE('',*,*,#3691,.T.);
#1308=ORIENTED_EDGE('',*,*,#3692,.T.);
#1309=ORIENTED_EDGE('',*,*,#3693,.T.);
#1310=ORIENTED_EDGE('',*,*,#3694,.T.);
#1311=ORIENTED_EDGE('',*,*,#3695,.T.);
#1312=ORIENTED_EDGE('',*,*,#3696,.T.);
#1313=ORIENTED_EDGE('',*,*,#3697,.T.);
#1314=ORIENTED_EDGE('',*,*,#3698,.T.);
#1315=ORIENTED_EDGE('',*,*,#3352,.T.);
#1316=ORIENTED_EDGE('',*,*,#3699,.F.);
#1317=ORIENTED_EDGE('',*,*,#3348,.T.);
#1318=ORIENTED_EDGE('',*,*,#3700,.F.);
#1319=ORIENTED_EDGE('',*,*,#3701,.T.);
#1320=ORIENTED_EDGE('',*,*,#3702,.T.);
#1321=ORIENTED_EDGE('',*,*,#3703,.T.);
#1322=ORIENTED_EDGE('',*,*,#3704,.T.);
#1323=ORIENTED_EDGE('',*,*,#3705,.T.);
#1324=ORIENTED_EDGE('',*,*,#3706,.T.);
#1325=ORIENTED_EDGE('',*,*,#3707,.T.);
#1326=ORIENTED_EDGE('',*,*,#3708,.T.);
#1327=ORIENTED_EDGE('',*,*,#3709,.T.);
#1328=ORIENTED_EDGE('',*,*,#3344,.T.);
#1329=ORIENTED_EDGE('',*,*,#3710,.F.);
#1330=ORIENTED_EDGE('',*,*,#3340,.T.);
#1331=ORIENTED_EDGE('',*,*,#3711,.F.);
#1332=ORIENTED_EDGE('',*,*,#3712,.T.);
#1333=ORIENTED_EDGE('',*,*,#3713,.T.);
#1334=ORIENTED_EDGE('',*,*,#3714,.T.);
#1335=ORIENTED_EDGE('',*,*,#3715,.T.);
#1336=ORIENTED_EDGE('',*,*,#3716,.T.);
#1337=ORIENTED_EDGE('',*,*,#3717,.T.);
#1338=ORIENTED_EDGE('',*,*,#3718,.T.);
#1339=ORIENTED_EDGE('',*,*,#3719,.T.);
#1340=ORIENTED_EDGE('',*,*,#3720,.T.);
#1341=ORIENTED_EDGE('',*,*,#3721,.T.);
#1342=ORIENTED_EDGE('',*,*,#3722,.T.);
#1343=ORIENTED_EDGE('',*,*,#3723,.T.);
#1344=ORIENTED_EDGE('',*,*,#3724,.F.);
#1345=ORIENTED_EDGE('',*,*,#3725,.T.);
#1346=ORIENTED_EDGE('',*,*,#3726,.T.);
#1347=ORIENTED_EDGE('',*,*,#3727,.T.);
#1348=ORIENTED_EDGE('',*,*,#3728,.T.);
#1349=ORIENTED_EDGE('',*,*,#3729,.T.);
#1350=ORIENTED_EDGE('',*,*,#3730,.T.);
#1351=ORIENTED_EDGE('',*,*,#3731,.T.);
#1352=ORIENTED_EDGE('',*,*,#3732,.T.);
#1353=ORIENTED_EDGE('',*,*,#3733,.T.);
#1354=ORIENTED_EDGE('',*,*,#3734,.T.);
#1355=ORIENTED_EDGE('',*,*,#3735,.T.);
#1356=ORIENTED_EDGE('',*,*,#3736,.F.);
#1357=ORIENTED_EDGE('',*,*,#3737,.T.);
#1358=ORIENTED_EDGE('',*,*,#3738,.T.);
#1359=ORIENTED_EDGE('',*,*,#3739,.T.);
#1360=ORIENTED_EDGE('',*,*,#3740,.T.);
#1361=ORIENTED_EDGE('',*,*,#3741,.T.);
#1362=ORIENTED_EDGE('',*,*,#3742,.F.);
#1363=ORIENTED_EDGE('',*,*,#3743,.F.);
#1364=ORIENTED_EDGE('',*,*,#3744,.T.);
#1365=ORIENTED_EDGE('',*,*,#3745,.T.);
#1366=ORIENTED_EDGE('',*,*,#3730,.F.);
#1367=ORIENTED_EDGE('',*,*,#3746,.F.);
#1368=ORIENTED_EDGE('',*,*,#3747,.T.);
#1369=ORIENTED_EDGE('',*,*,#3748,.T.);
#1370=ORIENTED_EDGE('',*,*,#3718,.F.);
#1371=ORIENTED_EDGE('',*,*,#3749,.F.);
#1372=ORIENTED_EDGE('',*,*,#3750,.T.);
#1373=ORIENTED_EDGE('',*,*,#3751,.T.);
#1374=ORIENTED_EDGE('',*,*,#3752,.T.);
#1375=ORIENTED_EDGE('',*,*,#3753,.T.);
#1376=ORIENTED_EDGE('',*,*,#3754,.T.);
#1377=ORIENTED_EDGE('',*,*,#3755,.T.);
#1378=ORIENTED_EDGE('',*,*,#3756,.T.);
#1379=ORIENTED_EDGE('',*,*,#3757,.F.);
#1380=ORIENTED_EDGE('',*,*,#3325,.T.);
#1381=ORIENTED_EDGE('',*,*,#3758,.T.);
#1382=ORIENTED_EDGE('',*,*,#3376,.F.);
#1383=ORIENTED_EDGE('',*,*,#3742,.T.);
#1384=ORIENTED_EDGE('',*,*,#3759,.T.);
#1385=ORIENTED_EDGE('',*,*,#3760,.T.);
#1386=ORIENTED_EDGE('',*,*,#3761,.T.);
#1387=ORIENTED_EDGE('',*,*,#3762,.T.);
#1388=ORIENTED_EDGE('',*,*,#3763,.T.);
#1389=ORIENTED_EDGE('',*,*,#3764,.T.);
#1390=ORIENTED_EDGE('',*,*,#3765,.T.);
#1391=ORIENTED_EDGE('',*,*,#3766,.T.);
#1392=ORIENTED_EDGE('',*,*,#3396,.F.);
#1393=ORIENTED_EDGE('',*,*,#3767,.T.);
#1394=ORIENTED_EDGE('',*,*,#3768,.T.);
#1395=ORIENTED_EDGE('',*,*,#3769,.F.);
#1396=ORIENTED_EDGE('',*,*,#3770,.T.);
#1397=ORIENTED_EDGE('',*,*,#3771,.F.);
#1398=ORIENTED_EDGE('',*,*,#3772,.T.);
#1399=ORIENTED_EDGE('',*,*,#3773,.F.);
#1400=ORIENTED_EDGE('',*,*,#3774,.F.);
#1401=ORIENTED_EDGE('',*,*,#3775,.F.);
#1402=ORIENTED_EDGE('',*,*,#3776,.F.);
#1403=ORIENTED_EDGE('',*,*,#3777,.F.);
#1404=ORIENTED_EDGE('',*,*,#3778,.F.);
#1405=ORIENTED_EDGE('',*,*,#3779,.T.);
#1406=ORIENTED_EDGE('',*,*,#3780,.F.);
#1407=ORIENTED_EDGE('',*,*,#3781,.F.);
#1408=ORIENTED_EDGE('',*,*,#3782,.T.);
#1409=ORIENTED_EDGE('',*,*,#3783,.T.);
#1410=ORIENTED_EDGE('',*,*,#3784,.F.);
#1411=ORIENTED_EDGE('',*,*,#3785,.F.);
#1412=ORIENTED_EDGE('',*,*,#3786,.F.);
#1413=ORIENTED_EDGE('',*,*,#3787,.T.);
#1414=ORIENTED_EDGE('',*,*,#3788,.F.);
#1415=ORIENTED_EDGE('',*,*,#3789,.F.);
#1416=ORIENTED_EDGE('',*,*,#3790,.F.);
#1417=ORIENTED_EDGE('',*,*,#3791,.T.);
#1418=ORIENTED_EDGE('',*,*,#3792,.F.);
#1419=ORIENTED_EDGE('',*,*,#3793,.F.);
#1420=ORIENTED_EDGE('',*,*,#3794,.F.);
#1421=ORIENTED_EDGE('',*,*,#3795,.F.);
#1422=ORIENTED_EDGE('',*,*,#3796,.F.);
#1423=ORIENTED_EDGE('',*,*,#3797,.F.);
#1424=ORIENTED_EDGE('',*,*,#3798,.F.);
#1425=ORIENTED_EDGE('',*,*,#3799,.F.);
#1426=ORIENTED_EDGE('',*,*,#3800,.F.);
#1427=ORIENTED_EDGE('',*,*,#3801,.F.);
#1428=ORIENTED_EDGE('',*,*,#3802,.T.);
#1429=ORIENTED_EDGE('',*,*,#3803,.F.);
#1430=ORIENTED_EDGE('',*,*,#3804,.T.);
#1431=ORIENTED_EDGE('',*,*,#3805,.F.);
#1432=ORIENTED_EDGE('',*,*,#3806,.F.);
#1433=ORIENTED_EDGE('',*,*,#3807,.F.);
#1434=ORIENTED_EDGE('',*,*,#3808,.F.);
#1435=ORIENTED_EDGE('',*,*,#3809,.F.);
#1436=ORIENTED_EDGE('',*,*,#3810,.T.);
#1437=ORIENTED_EDGE('',*,*,#3811,.F.);
#1438=ORIENTED_EDGE('',*,*,#3812,.F.);
#1439=ORIENTED_EDGE('',*,*,#3813,.F.);
#1440=ORIENTED_EDGE('',*,*,#3814,.F.);
#1441=ORIENTED_EDGE('',*,*,#3815,.F.);
#1442=ORIENTED_EDGE('',*,*,#3816,.F.);
#1443=ORIENTED_EDGE('',*,*,#3817,.F.);
#1444=ORIENTED_EDGE('',*,*,#3818,.F.);
#1445=ORIENTED_EDGE('',*,*,#3819,.F.);
#1446=ORIENTED_EDGE('',*,*,#3820,.F.);
#1447=ORIENTED_EDGE('',*,*,#3821,.F.);
#1448=ORIENTED_EDGE('',*,*,#3822,.F.);
#1449=ORIENTED_EDGE('',*,*,#3823,.T.);
#1450=ORIENTED_EDGE('',*,*,#3824,.F.);
#1451=ORIENTED_EDGE('',*,*,#3825,.T.);
#1452=ORIENTED_EDGE('',*,*,#3826,.F.);
#1453=ORIENTED_EDGE('',*,*,#3827,.T.);
#1454=ORIENTED_EDGE('',*,*,#3828,.F.);
#1455=ORIENTED_EDGE('',*,*,#3829,.T.);
#1456=ORIENTED_EDGE('',*,*,#3830,.F.);
#1457=ORIENTED_EDGE('',*,*,#3831,.T.);
#1458=ORIENTED_EDGE('',*,*,#3832,.T.);
#1459=ORIENTED_EDGE('',*,*,#3833,.F.);
#1460=ORIENTED_EDGE('',*,*,#3834,.F.);
#1461=ORIENTED_EDGE('',*,*,#3835,.F.);
#1462=ORIENTED_EDGE('',*,*,#3836,.T.);
#1463=ORIENTED_EDGE('',*,*,#3837,.F.);
#1464=ORIENTED_EDGE('',*,*,#3838,.F.);
#1465=ORIENTED_EDGE('',*,*,#3839,.F.);
#1466=ORIENTED_EDGE('',*,*,#3840,.F.);
#1467=ORIENTED_EDGE('',*,*,#3841,.F.);
#1468=ORIENTED_EDGE('',*,*,#3842,.F.);
#1469=ORIENTED_EDGE('',*,*,#3843,.F.);
#1470=ORIENTED_EDGE('',*,*,#3844,.T.);
#1471=ORIENTED_EDGE('',*,*,#3845,.F.);
#1472=ORIENTED_EDGE('',*,*,#3846,.T.);
#1473=ORIENTED_EDGE('',*,*,#3847,.F.);
#1474=ORIENTED_EDGE('',*,*,#3848,.F.);
#1475=ORIENTED_EDGE('',*,*,#3849,.F.);
#1476=ORIENTED_EDGE('',*,*,#3850,.F.);
#1477=ORIENTED_EDGE('',*,*,#3851,.F.);
#1478=ORIENTED_EDGE('',*,*,#3852,.F.);
#1479=ORIENTED_EDGE('',*,*,#3853,.F.);
#1480=ORIENTED_EDGE('',*,*,#3854,.T.);
#1481=ORIENTED_EDGE('',*,*,#3855,.F.);
#1482=ORIENTED_EDGE('',*,*,#3856,.T.);
#1483=ORIENTED_EDGE('',*,*,#3857,.F.);
#1484=ORIENTED_EDGE('',*,*,#3858,.T.);
#1485=ORIENTED_EDGE('',*,*,#3859,.F.);
#1486=ORIENTED_EDGE('',*,*,#3860,.T.);
#1487=ORIENTED_EDGE('',*,*,#3861,.F.);
#1488=ORIENTED_EDGE('',*,*,#3862,.F.);
#1489=ORIENTED_EDGE('',*,*,#3863,.F.);
#1490=ORIENTED_EDGE('',*,*,#3864,.F.);
#1491=ORIENTED_EDGE('',*,*,#3865,.F.);
#1492=ORIENTED_EDGE('',*,*,#3866,.F.);
#1493=ORIENTED_EDGE('',*,*,#3867,.F.);
#1494=ORIENTED_EDGE('',*,*,#3868,.F.);
#1495=ORIENTED_EDGE('',*,*,#3869,.T.);
#1496=ORIENTED_EDGE('',*,*,#3870,.F.);
#1497=ORIENTED_EDGE('',*,*,#3871,.F.);
#1498=ORIENTED_EDGE('',*,*,#3872,.F.);
#1499=ORIENTED_EDGE('',*,*,#3873,.F.);
#1500=ORIENTED_EDGE('',*,*,#3874,.T.);
#1501=ORIENTED_EDGE('',*,*,#3875,.F.);
#1502=ORIENTED_EDGE('',*,*,#3876,.F.);
#1503=ORIENTED_EDGE('',*,*,#3877,.T.);
#1504=ORIENTED_EDGE('',*,*,#3878,.F.);
#1505=ORIENTED_EDGE('',*,*,#3879,.T.);
#1506=ORIENTED_EDGE('',*,*,#3880,.F.);
#1507=ORIENTED_EDGE('',*,*,#3881,.T.);
#1508=ORIENTED_EDGE('',*,*,#3882,.F.);
#1509=ORIENTED_EDGE('',*,*,#3883,.T.);
#1510=ORIENTED_EDGE('',*,*,#3884,.F.);
#1511=ORIENTED_EDGE('',*,*,#3885,.F.);
#1512=ORIENTED_EDGE('',*,*,#3886,.T.);
#1513=ORIENTED_EDGE('',*,*,#3887,.F.);
#1514=ORIENTED_EDGE('',*,*,#3888,.T.);
#1515=ORIENTED_EDGE('',*,*,#3889,.F.);
#1516=ORIENTED_EDGE('',*,*,#3890,.F.);
#1517=ORIENTED_EDGE('',*,*,#3891,.F.);
#1518=ORIENTED_EDGE('',*,*,#3892,.F.);
#1519=ORIENTED_EDGE('',*,*,#3893,.F.);
#1520=ORIENTED_EDGE('',*,*,#3894,.T.);
#1521=ORIENTED_EDGE('',*,*,#3895,.F.);
#1522=ORIENTED_EDGE('',*,*,#3896,.T.);
#1523=ORIENTED_EDGE('',*,*,#3897,.F.);
#1524=ORIENTED_EDGE('',*,*,#3898,.T.);
#1525=ORIENTED_EDGE('',*,*,#3899,.F.);
#1526=ORIENTED_EDGE('',*,*,#3900,.T.);
#1527=ORIENTED_EDGE('',*,*,#3901,.T.);
#1528=ORIENTED_EDGE('',*,*,#3902,.T.);
#1529=ORIENTED_EDGE('',*,*,#3903,.F.);
#1530=ORIENTED_EDGE('',*,*,#3904,.F.);
#1531=ORIENTED_EDGE('',*,*,#3905,.T.);
#1532=ORIENTED_EDGE('',*,*,#3906,.T.);
#1533=ORIENTED_EDGE('',*,*,#3907,.T.);
#1534=ORIENTED_EDGE('',*,*,#3908,.T.);
#1535=ORIENTED_EDGE('',*,*,#3909,.F.);
#1536=ORIENTED_EDGE('',*,*,#3910,.F.);
#1537=ORIENTED_EDGE('',*,*,#3911,.T.);
#1538=ORIENTED_EDGE('',*,*,#3912,.T.);
#1539=ORIENTED_EDGE('',*,*,#3913,.T.);
#1540=ORIENTED_EDGE('',*,*,#3914,.T.);
#1541=ORIENTED_EDGE('',*,*,#3915,.F.);
#1542=ORIENTED_EDGE('',*,*,#3916,.F.);
#1543=ORIENTED_EDGE('',*,*,#3917,.T.);
#1544=ORIENTED_EDGE('',*,*,#3918,.T.);
#1545=ORIENTED_EDGE('',*,*,#3919,.T.);
#1546=ORIENTED_EDGE('',*,*,#3920,.T.);
#1547=ORIENTED_EDGE('',*,*,#3921,.F.);
#1548=ORIENTED_EDGE('',*,*,#3922,.F.);
#1549=ORIENTED_EDGE('',*,*,#3923,.T.);
#1550=ORIENTED_EDGE('',*,*,#3924,.T.);
#1551=ORIENTED_EDGE('',*,*,#3925,.T.);
#1552=ORIENTED_EDGE('',*,*,#3926,.T.);
#1553=ORIENTED_EDGE('',*,*,#3927,.F.);
#1554=ORIENTED_EDGE('',*,*,#3928,.F.);
#1555=ORIENTED_EDGE('',*,*,#3929,.T.);
#1556=ORIENTED_EDGE('',*,*,#3930,.T.);
#1557=ORIENTED_EDGE('',*,*,#3931,.T.);
#1558=ORIENTED_EDGE('',*,*,#3932,.T.);
#1559=ORIENTED_EDGE('',*,*,#3933,.F.);
#1560=ORIENTED_EDGE('',*,*,#3934,.F.);
#1561=ORIENTED_EDGE('',*,*,#3935,.T.);
#1562=ORIENTED_EDGE('',*,*,#3936,.T.);
#1563=ORIENTED_EDGE('',*,*,#3937,.T.);
#1564=ORIENTED_EDGE('',*,*,#3938,.T.);
#1565=ORIENTED_EDGE('',*,*,#3939,.F.);
#1566=ORIENTED_EDGE('',*,*,#3940,.F.);
#1567=ORIENTED_EDGE('',*,*,#3941,.T.);
#1568=ORIENTED_EDGE('',*,*,#3942,.T.);
#1569=ORIENTED_EDGE('',*,*,#3943,.T.);
#1570=ORIENTED_EDGE('',*,*,#3944,.T.);
#1571=ORIENTED_EDGE('',*,*,#3945,.F.);
#1572=ORIENTED_EDGE('',*,*,#3946,.F.);
#1573=ORIENTED_EDGE('',*,*,#3947,.T.);
#1574=ORIENTED_EDGE('',*,*,#3948,.T.);
#1575=ORIENTED_EDGE('',*,*,#3949,.T.);
#1576=ORIENTED_EDGE('',*,*,#3950,.T.);
#1577=ORIENTED_EDGE('',*,*,#3951,.F.);
#1578=ORIENTED_EDGE('',*,*,#3952,.F.);
#1579=ORIENTED_EDGE('',*,*,#3953,.T.);
#1580=ORIENTED_EDGE('',*,*,#3954,.T.);
#1581=ORIENTED_EDGE('',*,*,#3955,.T.);
#1582=ORIENTED_EDGE('',*,*,#3956,.T.);
#1583=ORIENTED_EDGE('',*,*,#3957,.F.);
#1584=ORIENTED_EDGE('',*,*,#3958,.F.);
#1585=ORIENTED_EDGE('',*,*,#3959,.T.);
#1586=ORIENTED_EDGE('',*,*,#3960,.T.);
#1587=ORIENTED_EDGE('',*,*,#3961,.T.);
#1588=ORIENTED_EDGE('',*,*,#3962,.T.);
#1589=ORIENTED_EDGE('',*,*,#3963,.F.);
#1590=ORIENTED_EDGE('',*,*,#3964,.F.);
#1591=ORIENTED_EDGE('',*,*,#3965,.T.);
#1592=ORIENTED_EDGE('',*,*,#3966,.T.);
#1593=ORIENTED_EDGE('',*,*,#3967,.T.);
#1594=ORIENTED_EDGE('',*,*,#3968,.T.);
#1595=ORIENTED_EDGE('',*,*,#3969,.F.);
#1596=ORIENTED_EDGE('',*,*,#3970,.F.);
#1597=ORIENTED_EDGE('',*,*,#3971,.T.);
#1598=ORIENTED_EDGE('',*,*,#3972,.T.);
#1599=ORIENTED_EDGE('',*,*,#3973,.T.);
#1600=ORIENTED_EDGE('',*,*,#3974,.T.);
#1601=ORIENTED_EDGE('',*,*,#3975,.F.);
#1602=ORIENTED_EDGE('',*,*,#3976,.F.);
#1603=ORIENTED_EDGE('',*,*,#3977,.T.);
#1604=ORIENTED_EDGE('',*,*,#3978,.T.);
#1605=ORIENTED_EDGE('',*,*,#3979,.T.);
#1606=ORIENTED_EDGE('',*,*,#3980,.T.);
#1607=ORIENTED_EDGE('',*,*,#3981,.F.);
#1608=ORIENTED_EDGE('',*,*,#3982,.F.);
#1609=ORIENTED_EDGE('',*,*,#3983,.T.);
#1610=ORIENTED_EDGE('',*,*,#3984,.T.);
#1611=ORIENTED_EDGE('',*,*,#3985,.T.);
#1612=ORIENTED_EDGE('',*,*,#3986,.T.);
#1613=ORIENTED_EDGE('',*,*,#3987,.F.);
#1614=ORIENTED_EDGE('',*,*,#3988,.F.);
#1615=ORIENTED_EDGE('',*,*,#3989,.T.);
#1616=ORIENTED_EDGE('',*,*,#3990,.T.);
#1617=ORIENTED_EDGE('',*,*,#3991,.T.);
#1618=ORIENTED_EDGE('',*,*,#3992,.T.);
#1619=ORIENTED_EDGE('',*,*,#3993,.F.);
#1620=ORIENTED_EDGE('',*,*,#3994,.F.);
#1621=ORIENTED_EDGE('',*,*,#3995,.T.);
#1622=ORIENTED_EDGE('',*,*,#3996,.T.);
#1623=ORIENTED_EDGE('',*,*,#3997,.T.);
#1624=ORIENTED_EDGE('',*,*,#3998,.T.);
#1625=ORIENTED_EDGE('',*,*,#3999,.F.);
#1626=ORIENTED_EDGE('',*,*,#4000,.F.);
#1627=ORIENTED_EDGE('',*,*,#4001,.T.);
#1628=ORIENTED_EDGE('',*,*,#4002,.T.);
#1629=ORIENTED_EDGE('',*,*,#4003,.T.);
#1630=ORIENTED_EDGE('',*,*,#4004,.T.);
#1631=ORIENTED_EDGE('',*,*,#4005,.F.);
#1632=ORIENTED_EDGE('',*,*,#4006,.F.);
#1633=ORIENTED_EDGE('',*,*,#4007,.T.);
#1634=ORIENTED_EDGE('',*,*,#4008,.T.);
#1635=ORIENTED_EDGE('',*,*,#4009,.T.);
#1636=ORIENTED_EDGE('',*,*,#4010,.T.);
#1637=ORIENTED_EDGE('',*,*,#4011,.F.);
#1638=ORIENTED_EDGE('',*,*,#4012,.F.);
#1639=ORIENTED_EDGE('',*,*,#4013,.T.);
#1640=ORIENTED_EDGE('',*,*,#4014,.T.);
#1641=ORIENTED_EDGE('',*,*,#4015,.T.);
#1642=ORIENTED_EDGE('',*,*,#4016,.T.);
#1643=ORIENTED_EDGE('',*,*,#4017,.F.);
#1644=ORIENTED_EDGE('',*,*,#4018,.F.);
#1645=ORIENTED_EDGE('',*,*,#4019,.T.);
#1646=ORIENTED_EDGE('',*,*,#4020,.T.);
#1647=ORIENTED_EDGE('',*,*,#4021,.T.);
#1648=ORIENTED_EDGE('',*,*,#4022,.T.);
#1649=ORIENTED_EDGE('',*,*,#4023,.F.);
#1650=ORIENTED_EDGE('',*,*,#4024,.F.);
#1651=ORIENTED_EDGE('',*,*,#4025,.T.);
#1652=ORIENTED_EDGE('',*,*,#4026,.T.);
#1653=ORIENTED_EDGE('',*,*,#4027,.T.);
#1654=ORIENTED_EDGE('',*,*,#4028,.T.);
#1655=ORIENTED_EDGE('',*,*,#4029,.F.);
#1656=ORIENTED_EDGE('',*,*,#4030,.F.);
#1657=ORIENTED_EDGE('',*,*,#4031,.T.);
#1658=ORIENTED_EDGE('',*,*,#4032,.T.);
#1659=ORIENTED_EDGE('',*,*,#4033,.T.);
#1660=ORIENTED_EDGE('',*,*,#4034,.T.);
#1661=ORIENTED_EDGE('',*,*,#4035,.F.);
#1662=ORIENTED_EDGE('',*,*,#4036,.F.);
#1663=ORIENTED_EDGE('',*,*,#4037,.T.);
#1664=ORIENTED_EDGE('',*,*,#4038,.T.);
#1665=ORIENTED_EDGE('',*,*,#4039,.T.);
#1666=ORIENTED_EDGE('',*,*,#4040,.T.);
#1667=ORIENTED_EDGE('',*,*,#4041,.F.);
#1668=ORIENTED_EDGE('',*,*,#4042,.F.);
#1669=ORIENTED_EDGE('',*,*,#4043,.T.);
#1670=ORIENTED_EDGE('',*,*,#4044,.T.);
#1671=ORIENTED_EDGE('',*,*,#4045,.T.);
#1672=ORIENTED_EDGE('',*,*,#4046,.T.);
#1673=ORIENTED_EDGE('',*,*,#4047,.T.);
#1674=ORIENTED_EDGE('',*,*,#4048,.F.);
#1675=ORIENTED_EDGE('',*,*,#4049,.T.);
#1676=ORIENTED_EDGE('',*,*,#3765,.F.);
#1677=ORIENTED_EDGE('',*,*,#3549,.F.);
#1678=ORIENTED_EDGE('',*,*,#4050,.F.);
#1679=ORIENTED_EDGE('',*,*,#3897,.T.);
#1680=ORIENTED_EDGE('',*,*,#4051,.F.);
#1681=ORIENTED_EDGE('',*,*,#3547,.F.);
#1682=ORIENTED_EDGE('',*,*,#4052,.F.);
#1683=ORIENTED_EDGE('',*,*,#3899,.T.);
#1684=ORIENTED_EDGE('',*,*,#4053,.T.);
#1685=ORIENTED_EDGE('',*,*,#3546,.T.);
#1686=ORIENTED_EDGE('',*,*,#4054,.F.);
#1687=ORIENTED_EDGE('',*,*,#3900,.F.);
#1688=ORIENTED_EDGE('',*,*,#4052,.T.);
#1689=ORIENTED_EDGE('',*,*,#3545,.T.);
#1690=ORIENTED_EDGE('',*,*,#4055,.F.);
#1691=ORIENTED_EDGE('',*,*,#3901,.F.);
#1692=ORIENTED_EDGE('',*,*,#4054,.T.);
#1693=ORIENTED_EDGE('',*,*,#3544,.T.);
#1694=ORIENTED_EDGE('',*,*,#4056,.F.);
#1695=ORIENTED_EDGE('',*,*,#3902,.F.);
#1696=ORIENTED_EDGE('',*,*,#4055,.T.);
#1697=ORIENTED_EDGE('',*,*,#3903,.T.);
#1698=ORIENTED_EDGE('',*,*,#4056,.T.);
#1699=ORIENTED_EDGE('',*,*,#3543,.F.);
#1700=ORIENTED_EDGE('',*,*,#4057,.F.);
#1701=ORIENTED_EDGE('',*,*,#4058,.T.);
#1702=ORIENTED_EDGE('',*,*,#3539,.T.);
#1703=ORIENTED_EDGE('',*,*,#4059,.F.);
#1704=ORIENTED_EDGE('',*,*,#3907,.F.);
#1705=ORIENTED_EDGE('',*,*,#3538,.T.);
#1706=ORIENTED_EDGE('',*,*,#4060,.F.);
#1707=ORIENTED_EDGE('',*,*,#3908,.F.);
#1708=ORIENTED_EDGE('',*,*,#4059,.T.);
#1709=ORIENTED_EDGE('',*,*,#3909,.T.);
#1710=ORIENTED_EDGE('',*,*,#4060,.T.);
#1711=ORIENTED_EDGE('',*,*,#3537,.F.);
#1712=ORIENTED_EDGE('',*,*,#4061,.F.);
#1713=ORIENTED_EDGE('',*,*,#4062,.T.);
#1714=ORIENTED_EDGE('',*,*,#3533,.T.);
#1715=ORIENTED_EDGE('',*,*,#4063,.F.);
#1716=ORIENTED_EDGE('',*,*,#3913,.F.);
#1717=ORIENTED_EDGE('',*,*,#3532,.T.);
#1718=ORIENTED_EDGE('',*,*,#4064,.F.);
#1719=ORIENTED_EDGE('',*,*,#3914,.F.);
#1720=ORIENTED_EDGE('',*,*,#4063,.T.);
#1721=ORIENTED_EDGE('',*,*,#3915,.T.);
#1722=ORIENTED_EDGE('',*,*,#4064,.T.);
#1723=ORIENTED_EDGE('',*,*,#3531,.F.);
#1724=ORIENTED_EDGE('',*,*,#4065,.F.);
#1725=ORIENTED_EDGE('',*,*,#4066,.T.);
#1726=ORIENTED_EDGE('',*,*,#3527,.T.);
#1727=ORIENTED_EDGE('',*,*,#4067,.F.);
#1728=ORIENTED_EDGE('',*,*,#3919,.F.);
#1729=ORIENTED_EDGE('',*,*,#3526,.T.);
#1730=ORIENTED_EDGE('',*,*,#4068,.F.);
#1731=ORIENTED_EDGE('',*,*,#3920,.F.);
#1732=ORIENTED_EDGE('',*,*,#4067,.T.);
#1733=ORIENTED_EDGE('',*,*,#3921,.T.);
#1734=ORIENTED_EDGE('',*,*,#4068,.T.);
#1735=ORIENTED_EDGE('',*,*,#3525,.F.);
#1736=ORIENTED_EDGE('',*,*,#4069,.F.);
#1737=ORIENTED_EDGE('',*,*,#4070,.T.);
#1738=ORIENTED_EDGE('',*,*,#3521,.T.);
#1739=ORIENTED_EDGE('',*,*,#4071,.F.);
#1740=ORIENTED_EDGE('',*,*,#3925,.F.);
#1741=ORIENTED_EDGE('',*,*,#3520,.T.);
#1742=ORIENTED_EDGE('',*,*,#4072,.F.);
#1743=ORIENTED_EDGE('',*,*,#3926,.F.);
#1744=ORIENTED_EDGE('',*,*,#4071,.T.);
#1745=ORIENTED_EDGE('',*,*,#3927,.T.);
#1746=ORIENTED_EDGE('',*,*,#4072,.T.);
#1747=ORIENTED_EDGE('',*,*,#3519,.F.);
#1748=ORIENTED_EDGE('',*,*,#4073,.F.);
#1749=ORIENTED_EDGE('',*,*,#4074,.T.);
#1750=ORIENTED_EDGE('',*,*,#3515,.T.);
#1751=ORIENTED_EDGE('',*,*,#4075,.F.);
#1752=ORIENTED_EDGE('',*,*,#3931,.F.);
#1753=ORIENTED_EDGE('',*,*,#3514,.T.);
#1754=ORIENTED_EDGE('',*,*,#4076,.F.);
#1755=ORIENTED_EDGE('',*,*,#3932,.F.);
#1756=ORIENTED_EDGE('',*,*,#4075,.T.);
#1757=ORIENTED_EDGE('',*,*,#3933,.T.);
#1758=ORIENTED_EDGE('',*,*,#4076,.T.);
#1759=ORIENTED_EDGE('',*,*,#3513,.F.);
#1760=ORIENTED_EDGE('',*,*,#4077,.F.);
#1761=ORIENTED_EDGE('',*,*,#4078,.T.);
#1762=ORIENTED_EDGE('',*,*,#3509,.T.);
#1763=ORIENTED_EDGE('',*,*,#4079,.F.);
#1764=ORIENTED_EDGE('',*,*,#3937,.F.);
#1765=ORIENTED_EDGE('',*,*,#3508,.T.);
#1766=ORIENTED_EDGE('',*,*,#4080,.F.);
#1767=ORIENTED_EDGE('',*,*,#3938,.F.);
#1768=ORIENTED_EDGE('',*,*,#4079,.T.);
#1769=ORIENTED_EDGE('',*,*,#3939,.T.);
#1770=ORIENTED_EDGE('',*,*,#4080,.T.);
#1771=ORIENTED_EDGE('',*,*,#3507,.F.);
#1772=ORIENTED_EDGE('',*,*,#4081,.F.);
#1773=ORIENTED_EDGE('',*,*,#4082,.T.);
#1774=ORIENTED_EDGE('',*,*,#3503,.T.);
#1775=ORIENTED_EDGE('',*,*,#4083,.F.);
#1776=ORIENTED_EDGE('',*,*,#3943,.F.);
#1777=ORIENTED_EDGE('',*,*,#3502,.T.);
#1778=ORIENTED_EDGE('',*,*,#4084,.F.);
#1779=ORIENTED_EDGE('',*,*,#3944,.F.);
#1780=ORIENTED_EDGE('',*,*,#4083,.T.);
#1781=ORIENTED_EDGE('',*,*,#3945,.T.);
#1782=ORIENTED_EDGE('',*,*,#4084,.T.);
#1783=ORIENTED_EDGE('',*,*,#3501,.F.);
#1784=ORIENTED_EDGE('',*,*,#4085,.F.);
#1785=ORIENTED_EDGE('',*,*,#4086,.T.);
#1786=ORIENTED_EDGE('',*,*,#3497,.T.);
#1787=ORIENTED_EDGE('',*,*,#4087,.F.);
#1788=ORIENTED_EDGE('',*,*,#3949,.F.);
#1789=ORIENTED_EDGE('',*,*,#3496,.T.);
#1790=ORIENTED_EDGE('',*,*,#4088,.F.);
#1791=ORIENTED_EDGE('',*,*,#3950,.F.);
#1792=ORIENTED_EDGE('',*,*,#4087,.T.);
#1793=ORIENTED_EDGE('',*,*,#3951,.T.);
#1794=ORIENTED_EDGE('',*,*,#4088,.T.);
#1795=ORIENTED_EDGE('',*,*,#3495,.F.);
#1796=ORIENTED_EDGE('',*,*,#4089,.F.);
#1797=ORIENTED_EDGE('',*,*,#4090,.T.);
#1798=ORIENTED_EDGE('',*,*,#3491,.T.);
#1799=ORIENTED_EDGE('',*,*,#4091,.F.);
#1800=ORIENTED_EDGE('',*,*,#3955,.F.);
#1801=ORIENTED_EDGE('',*,*,#3490,.T.);
#1802=ORIENTED_EDGE('',*,*,#4092,.F.);
#1803=ORIENTED_EDGE('',*,*,#3956,.F.);
#1804=ORIENTED_EDGE('',*,*,#4091,.T.);
#1805=ORIENTED_EDGE('',*,*,#3957,.T.);
#1806=ORIENTED_EDGE('',*,*,#4092,.T.);
#1807=ORIENTED_EDGE('',*,*,#3489,.F.);
#1808=ORIENTED_EDGE('',*,*,#4093,.F.);
#1809=ORIENTED_EDGE('',*,*,#4094,.T.);
#1810=ORIENTED_EDGE('',*,*,#3485,.T.);
#1811=ORIENTED_EDGE('',*,*,#4095,.F.);
#1812=ORIENTED_EDGE('',*,*,#3961,.F.);
#1813=ORIENTED_EDGE('',*,*,#3484,.T.);
#1814=ORIENTED_EDGE('',*,*,#4096,.F.);
#1815=ORIENTED_EDGE('',*,*,#3962,.F.);
#1816=ORIENTED_EDGE('',*,*,#4095,.T.);
#1817=ORIENTED_EDGE('',*,*,#3963,.T.);
#1818=ORIENTED_EDGE('',*,*,#4096,.T.);
#1819=ORIENTED_EDGE('',*,*,#3483,.F.);
#1820=ORIENTED_EDGE('',*,*,#4097,.F.);
#1821=ORIENTED_EDGE('',*,*,#4098,.T.);
#1822=ORIENTED_EDGE('',*,*,#3479,.T.);
#1823=ORIENTED_EDGE('',*,*,#4099,.F.);
#1824=ORIENTED_EDGE('',*,*,#3967,.F.);
#1825=ORIENTED_EDGE('',*,*,#3478,.T.);
#1826=ORIENTED_EDGE('',*,*,#4100,.F.);
#1827=ORIENTED_EDGE('',*,*,#3968,.F.);
#1828=ORIENTED_EDGE('',*,*,#4099,.T.);
#1829=ORIENTED_EDGE('',*,*,#3969,.T.);
#1830=ORIENTED_EDGE('',*,*,#4100,.T.);
#1831=ORIENTED_EDGE('',*,*,#3477,.F.);
#1832=ORIENTED_EDGE('',*,*,#4101,.F.);
#1833=ORIENTED_EDGE('',*,*,#4102,.T.);
#1834=ORIENTED_EDGE('',*,*,#3473,.T.);
#1835=ORIENTED_EDGE('',*,*,#4103,.F.);
#1836=ORIENTED_EDGE('',*,*,#3973,.F.);
#1837=ORIENTED_EDGE('',*,*,#3472,.T.);
#1838=ORIENTED_EDGE('',*,*,#4104,.F.);
#1839=ORIENTED_EDGE('',*,*,#3974,.F.);
#1840=ORIENTED_EDGE('',*,*,#4103,.T.);
#1841=ORIENTED_EDGE('',*,*,#3975,.T.);
#1842=ORIENTED_EDGE('',*,*,#4104,.T.);
#1843=ORIENTED_EDGE('',*,*,#3471,.F.);
#1844=ORIENTED_EDGE('',*,*,#4105,.F.);
#1845=ORIENTED_EDGE('',*,*,#4106,.T.);
#1846=ORIENTED_EDGE('',*,*,#3467,.T.);
#1847=ORIENTED_EDGE('',*,*,#4107,.F.);
#1848=ORIENTED_EDGE('',*,*,#3979,.F.);
#1849=ORIENTED_EDGE('',*,*,#3466,.T.);
#1850=ORIENTED_EDGE('',*,*,#4108,.F.);
#1851=ORIENTED_EDGE('',*,*,#3980,.F.);
#1852=ORIENTED_EDGE('',*,*,#4107,.T.);
#1853=ORIENTED_EDGE('',*,*,#3981,.T.);
#1854=ORIENTED_EDGE('',*,*,#4108,.T.);
#1855=ORIENTED_EDGE('',*,*,#3465,.F.);
#1856=ORIENTED_EDGE('',*,*,#4109,.F.);
#1857=ORIENTED_EDGE('',*,*,#4110,.T.);
#1858=ORIENTED_EDGE('',*,*,#3461,.T.);
#1859=ORIENTED_EDGE('',*,*,#4111,.F.);
#1860=ORIENTED_EDGE('',*,*,#3985,.F.);
#1861=ORIENTED_EDGE('',*,*,#3460,.T.);
#1862=ORIENTED_EDGE('',*,*,#4112,.F.);
#1863=ORIENTED_EDGE('',*,*,#3986,.F.);
#1864=ORIENTED_EDGE('',*,*,#4111,.T.);
#1865=ORIENTED_EDGE('',*,*,#3987,.T.);
#1866=ORIENTED_EDGE('',*,*,#4112,.T.);
#1867=ORIENTED_EDGE('',*,*,#3459,.F.);
#1868=ORIENTED_EDGE('',*,*,#4113,.F.);
#1869=ORIENTED_EDGE('',*,*,#4114,.T.);
#1870=ORIENTED_EDGE('',*,*,#3455,.T.);
#1871=ORIENTED_EDGE('',*,*,#4115,.F.);
#1872=ORIENTED_EDGE('',*,*,#3991,.F.);
#1873=ORIENTED_EDGE('',*,*,#3454,.T.);
#1874=ORIENTED_EDGE('',*,*,#4116,.F.);
#1875=ORIENTED_EDGE('',*,*,#3992,.F.);
#1876=ORIENTED_EDGE('',*,*,#4115,.T.);
#1877=ORIENTED_EDGE('',*,*,#3993,.T.);
#1878=ORIENTED_EDGE('',*,*,#4116,.T.);
#1879=ORIENTED_EDGE('',*,*,#3453,.F.);
#1880=ORIENTED_EDGE('',*,*,#4117,.F.);
#1881=ORIENTED_EDGE('',*,*,#4118,.T.);
#1882=ORIENTED_EDGE('',*,*,#3449,.T.);
#1883=ORIENTED_EDGE('',*,*,#4119,.F.);
#1884=ORIENTED_EDGE('',*,*,#3997,.F.);
#1885=ORIENTED_EDGE('',*,*,#3448,.T.);
#1886=ORIENTED_EDGE('',*,*,#4120,.F.);
#1887=ORIENTED_EDGE('',*,*,#3998,.F.);
#1888=ORIENTED_EDGE('',*,*,#4119,.T.);
#1889=ORIENTED_EDGE('',*,*,#3999,.T.);
#1890=ORIENTED_EDGE('',*,*,#4120,.T.);
#1891=ORIENTED_EDGE('',*,*,#3447,.F.);
#1892=ORIENTED_EDGE('',*,*,#4121,.F.);
#1893=ORIENTED_EDGE('',*,*,#4122,.T.);
#1894=ORIENTED_EDGE('',*,*,#3443,.T.);
#1895=ORIENTED_EDGE('',*,*,#4123,.F.);
#1896=ORIENTED_EDGE('',*,*,#4003,.F.);
#1897=ORIENTED_EDGE('',*,*,#3442,.T.);
#1898=ORIENTED_EDGE('',*,*,#4124,.F.);
#1899=ORIENTED_EDGE('',*,*,#4004,.F.);
#1900=ORIENTED_EDGE('',*,*,#4123,.T.);
#1901=ORIENTED_EDGE('',*,*,#4005,.T.);
#1902=ORIENTED_EDGE('',*,*,#4124,.T.);
#1903=ORIENTED_EDGE('',*,*,#3441,.F.);
#1904=ORIENTED_EDGE('',*,*,#4125,.F.);
#1905=ORIENTED_EDGE('',*,*,#4126,.T.);
#1906=ORIENTED_EDGE('',*,*,#3437,.T.);
#1907=ORIENTED_EDGE('',*,*,#4127,.F.);
#1908=ORIENTED_EDGE('',*,*,#4009,.F.);
#1909=ORIENTED_EDGE('',*,*,#3436,.T.);
#1910=ORIENTED_EDGE('',*,*,#4128,.F.);
#1911=ORIENTED_EDGE('',*,*,#4010,.F.);
#1912=ORIENTED_EDGE('',*,*,#4127,.T.);
#1913=ORIENTED_EDGE('',*,*,#4011,.T.);
#1914=ORIENTED_EDGE('',*,*,#4128,.T.);
#1915=ORIENTED_EDGE('',*,*,#3435,.F.);
#1916=ORIENTED_EDGE('',*,*,#4129,.F.);
#1917=ORIENTED_EDGE('',*,*,#4130,.T.);
#1918=ORIENTED_EDGE('',*,*,#3431,.T.);
#1919=ORIENTED_EDGE('',*,*,#4131,.F.);
#1920=ORIENTED_EDGE('',*,*,#4015,.F.);
#1921=ORIENTED_EDGE('',*,*,#3430,.T.);
#1922=ORIENTED_EDGE('',*,*,#4132,.F.);
#1923=ORIENTED_EDGE('',*,*,#4016,.F.);
#1924=ORIENTED_EDGE('',*,*,#4131,.T.);
#1925=ORIENTED_EDGE('',*,*,#4017,.T.);
#1926=ORIENTED_EDGE('',*,*,#4132,.T.);
#1927=ORIENTED_EDGE('',*,*,#3429,.F.);
#1928=ORIENTED_EDGE('',*,*,#4133,.F.);
#1929=ORIENTED_EDGE('',*,*,#4134,.T.);
#1930=ORIENTED_EDGE('',*,*,#3425,.T.);
#1931=ORIENTED_EDGE('',*,*,#4135,.F.);
#1932=ORIENTED_EDGE('',*,*,#4021,.F.);
#1933=ORIENTED_EDGE('',*,*,#3424,.T.);
#1934=ORIENTED_EDGE('',*,*,#4136,.F.);
#1935=ORIENTED_EDGE('',*,*,#4022,.F.);
#1936=ORIENTED_EDGE('',*,*,#4135,.T.);
#1937=ORIENTED_EDGE('',*,*,#4023,.T.);
#1938=ORIENTED_EDGE('',*,*,#4136,.T.);
#1939=ORIENTED_EDGE('',*,*,#3423,.F.);
#1940=ORIENTED_EDGE('',*,*,#4137,.F.);
#1941=ORIENTED_EDGE('',*,*,#4138,.T.);
#1942=ORIENTED_EDGE('',*,*,#3419,.T.);
#1943=ORIENTED_EDGE('',*,*,#4139,.F.);
#1944=ORIENTED_EDGE('',*,*,#4027,.F.);
#1945=ORIENTED_EDGE('',*,*,#3418,.T.);
#1946=ORIENTED_EDGE('',*,*,#4140,.F.);
#1947=ORIENTED_EDGE('',*,*,#4028,.F.);
#1948=ORIENTED_EDGE('',*,*,#4139,.T.);
#1949=ORIENTED_EDGE('',*,*,#4029,.T.);
#1950=ORIENTED_EDGE('',*,*,#4140,.T.);
#1951=ORIENTED_EDGE('',*,*,#3417,.F.);
#1952=ORIENTED_EDGE('',*,*,#4141,.F.);
#1953=ORIENTED_EDGE('',*,*,#4142,.T.);
#1954=ORIENTED_EDGE('',*,*,#3413,.T.);
#1955=ORIENTED_EDGE('',*,*,#4143,.F.);
#1956=ORIENTED_EDGE('',*,*,#4033,.F.);
#1957=ORIENTED_EDGE('',*,*,#3412,.T.);
#1958=ORIENTED_EDGE('',*,*,#4144,.F.);
#1959=ORIENTED_EDGE('',*,*,#4034,.F.);
#1960=ORIENTED_EDGE('',*,*,#4143,.T.);
#1961=ORIENTED_EDGE('',*,*,#4035,.T.);
#1962=ORIENTED_EDGE('',*,*,#4144,.T.);
#1963=ORIENTED_EDGE('',*,*,#3411,.F.);
#1964=ORIENTED_EDGE('',*,*,#4145,.F.);
#1965=ORIENTED_EDGE('',*,*,#4146,.T.);
#1966=ORIENTED_EDGE('',*,*,#3407,.T.);
#1967=ORIENTED_EDGE('',*,*,#4147,.F.);
#1968=ORIENTED_EDGE('',*,*,#4039,.F.);
#1969=ORIENTED_EDGE('',*,*,#3406,.T.);
#1970=ORIENTED_EDGE('',*,*,#4148,.F.);
#1971=ORIENTED_EDGE('',*,*,#4040,.F.);
#1972=ORIENTED_EDGE('',*,*,#4147,.T.);
#1973=ORIENTED_EDGE('',*,*,#4041,.T.);
#1974=ORIENTED_EDGE('',*,*,#4148,.T.);
#1975=ORIENTED_EDGE('',*,*,#3405,.F.);
#1976=ORIENTED_EDGE('',*,*,#4149,.F.);
#1977=ORIENTED_EDGE('',*,*,#4150,.T.);
#1978=ORIENTED_EDGE('',*,*,#3401,.T.);
#1979=ORIENTED_EDGE('',*,*,#4151,.F.);
#1980=ORIENTED_EDGE('',*,*,#4045,.F.);
#1981=ORIENTED_EDGE('',*,*,#3821,.T.);
#1982=ORIENTED_EDGE('',*,*,#3608,.F.);
#1983=ORIENTED_EDGE('',*,*,#3820,.T.);
#1984=ORIENTED_EDGE('',*,*,#3607,.F.);
#1985=ORIENTED_EDGE('',*,*,#3819,.T.);
#1986=ORIENTED_EDGE('',*,*,#3606,.F.);
#1987=ORIENTED_EDGE('',*,*,#3818,.T.);
#1988=ORIENTED_EDGE('',*,*,#3605,.F.);
#1989=ORIENTED_EDGE('',*,*,#3548,.T.);
#1990=ORIENTED_EDGE('',*,*,#4053,.F.);
#1991=ORIENTED_EDGE('',*,*,#3898,.F.);
#1992=ORIENTED_EDGE('',*,*,#4050,.T.);
#1993=ORIENTED_EDGE('',*,*,#3822,.T.);
#1994=ORIENTED_EDGE('',*,*,#3609,.F.);
#1995=ORIENTED_EDGE('',*,*,#3604,.F.);
#1996=ORIENTED_EDGE('',*,*,#3817,.T.);
#1997=ORIENTED_EDGE('',*,*,#3906,.F.);
#1998=ORIENTED_EDGE('',*,*,#4152,.T.);
#1999=ORIENTED_EDGE('',*,*,#3540,.T.);
#2000=ORIENTED_EDGE('',*,*,#4058,.F.);
#2001=ORIENTED_EDGE('',*,*,#3905,.F.);
#2002=ORIENTED_EDGE('',*,*,#4153,.T.);
#2003=ORIENTED_EDGE('',*,*,#3541,.T.);
#2004=ORIENTED_EDGE('',*,*,#4152,.F.);
#2005=ORIENTED_EDGE('',*,*,#4153,.F.);
#2006=ORIENTED_EDGE('',*,*,#3904,.T.);
#2007=ORIENTED_EDGE('',*,*,#4057,.T.);
#2008=ORIENTED_EDGE('',*,*,#3542,.F.);
#2009=ORIENTED_EDGE('',*,*,#3912,.F.);
#2010=ORIENTED_EDGE('',*,*,#4154,.T.);
#2011=ORIENTED_EDGE('',*,*,#3534,.T.);
#2012=ORIENTED_EDGE('',*,*,#4062,.F.);
#2013=ORIENTED_EDGE('',*,*,#3911,.F.);
#2014=ORIENTED_EDGE('',*,*,#4155,.T.);
#2015=ORIENTED_EDGE('',*,*,#3535,.T.);
#2016=ORIENTED_EDGE('',*,*,#4154,.F.);
#2017=ORIENTED_EDGE('',*,*,#4155,.F.);
#2018=ORIENTED_EDGE('',*,*,#3910,.T.);
#2019=ORIENTED_EDGE('',*,*,#4061,.T.);
#2020=ORIENTED_EDGE('',*,*,#3536,.F.);
#2021=ORIENTED_EDGE('',*,*,#3918,.F.);
#2022=ORIENTED_EDGE('',*,*,#4156,.T.);
#2023=ORIENTED_EDGE('',*,*,#3528,.T.);
#2024=ORIENTED_EDGE('',*,*,#4066,.F.);
#2025=ORIENTED_EDGE('',*,*,#3917,.F.);
#2026=ORIENTED_EDGE('',*,*,#4157,.T.);
#2027=ORIENTED_EDGE('',*,*,#3529,.T.);
#2028=ORIENTED_EDGE('',*,*,#4156,.F.);
#2029=ORIENTED_EDGE('',*,*,#4157,.F.);
#2030=ORIENTED_EDGE('',*,*,#3916,.T.);
#2031=ORIENTED_EDGE('',*,*,#4065,.T.);
#2032=ORIENTED_EDGE('',*,*,#3530,.F.);
#2033=ORIENTED_EDGE('',*,*,#3924,.F.);
#2034=ORIENTED_EDGE('',*,*,#4158,.T.);
#2035=ORIENTED_EDGE('',*,*,#3522,.T.);
#2036=ORIENTED_EDGE('',*,*,#4070,.F.);
#2037=ORIENTED_EDGE('',*,*,#3923,.F.);
#2038=ORIENTED_EDGE('',*,*,#4159,.T.);
#2039=ORIENTED_EDGE('',*,*,#3523,.T.);
#2040=ORIENTED_EDGE('',*,*,#4158,.F.);
#2041=ORIENTED_EDGE('',*,*,#4159,.F.);
#2042=ORIENTED_EDGE('',*,*,#3922,.T.);
#2043=ORIENTED_EDGE('',*,*,#4069,.T.);
#2044=ORIENTED_EDGE('',*,*,#3524,.F.);
#2045=ORIENTED_EDGE('',*,*,#3930,.F.);
#2046=ORIENTED_EDGE('',*,*,#4160,.T.);
#2047=ORIENTED_EDGE('',*,*,#3516,.T.);
#2048=ORIENTED_EDGE('',*,*,#4074,.F.);
#2049=ORIENTED_EDGE('',*,*,#3929,.F.);
#2050=ORIENTED_EDGE('',*,*,#4161,.T.);
#2051=ORIENTED_EDGE('',*,*,#3517,.T.);
#2052=ORIENTED_EDGE('',*,*,#4160,.F.);
#2053=ORIENTED_EDGE('',*,*,#4161,.F.);
#2054=ORIENTED_EDGE('',*,*,#3928,.T.);
#2055=ORIENTED_EDGE('',*,*,#4073,.T.);
#2056=ORIENTED_EDGE('',*,*,#3518,.F.);
#2057=ORIENTED_EDGE('',*,*,#3936,.F.);
#2058=ORIENTED_EDGE('',*,*,#4162,.T.);
#2059=ORIENTED_EDGE('',*,*,#3510,.T.);
#2060=ORIENTED_EDGE('',*,*,#4078,.F.);
#2061=ORIENTED_EDGE('',*,*,#3935,.F.);
#2062=ORIENTED_EDGE('',*,*,#4163,.T.);
#2063=ORIENTED_EDGE('',*,*,#3511,.T.);
#2064=ORIENTED_EDGE('',*,*,#4162,.F.);
#2065=ORIENTED_EDGE('',*,*,#4163,.F.);
#2066=ORIENTED_EDGE('',*,*,#3934,.T.);
#2067=ORIENTED_EDGE('',*,*,#4077,.T.);
#2068=ORIENTED_EDGE('',*,*,#3512,.F.);
#2069=ORIENTED_EDGE('',*,*,#3942,.F.);
#2070=ORIENTED_EDGE('',*,*,#4164,.T.);
#2071=ORIENTED_EDGE('',*,*,#3504,.T.);
#2072=ORIENTED_EDGE('',*,*,#4082,.F.);
#2073=ORIENTED_EDGE('',*,*,#3941,.F.);
#2074=ORIENTED_EDGE('',*,*,#4165,.T.);
#2075=ORIENTED_EDGE('',*,*,#3505,.T.);
#2076=ORIENTED_EDGE('',*,*,#4164,.F.);
#2077=ORIENTED_EDGE('',*,*,#4165,.F.);
#2078=ORIENTED_EDGE('',*,*,#3940,.T.);
#2079=ORIENTED_EDGE('',*,*,#4081,.T.);
#2080=ORIENTED_EDGE('',*,*,#3506,.F.);
#2081=ORIENTED_EDGE('',*,*,#3948,.F.);
#2082=ORIENTED_EDGE('',*,*,#4166,.T.);
#2083=ORIENTED_EDGE('',*,*,#3498,.T.);
#2084=ORIENTED_EDGE('',*,*,#4086,.F.);
#2085=ORIENTED_EDGE('',*,*,#3947,.F.);
#2086=ORIENTED_EDGE('',*,*,#4167,.T.);
#2087=ORIENTED_EDGE('',*,*,#3499,.T.);
#2088=ORIENTED_EDGE('',*,*,#4166,.F.);
#2089=ORIENTED_EDGE('',*,*,#4167,.F.);
#2090=ORIENTED_EDGE('',*,*,#3946,.T.);
#2091=ORIENTED_EDGE('',*,*,#4085,.T.);
#2092=ORIENTED_EDGE('',*,*,#3500,.F.);
#2093=ORIENTED_EDGE('',*,*,#3954,.F.);
#2094=ORIENTED_EDGE('',*,*,#4168,.T.);
#2095=ORIENTED_EDGE('',*,*,#3492,.T.);
#2096=ORIENTED_EDGE('',*,*,#4090,.F.);
#2097=ORIENTED_EDGE('',*,*,#3953,.F.);
#2098=ORIENTED_EDGE('',*,*,#4169,.T.);
#2099=ORIENTED_EDGE('',*,*,#3493,.T.);
#2100=ORIENTED_EDGE('',*,*,#4168,.F.);
#2101=ORIENTED_EDGE('',*,*,#4169,.F.);
#2102=ORIENTED_EDGE('',*,*,#3952,.T.);
#2103=ORIENTED_EDGE('',*,*,#4089,.T.);
#2104=ORIENTED_EDGE('',*,*,#3494,.F.);
#2105=ORIENTED_EDGE('',*,*,#3960,.F.);
#2106=ORIENTED_EDGE('',*,*,#4170,.T.);
#2107=ORIENTED_EDGE('',*,*,#3486,.T.);
#2108=ORIENTED_EDGE('',*,*,#4094,.F.);
#2109=ORIENTED_EDGE('',*,*,#3959,.F.);
#2110=ORIENTED_EDGE('',*,*,#4171,.T.);
#2111=ORIENTED_EDGE('',*,*,#3487,.T.);
#2112=ORIENTED_EDGE('',*,*,#4170,.F.);
#2113=ORIENTED_EDGE('',*,*,#4171,.F.);
#2114=ORIENTED_EDGE('',*,*,#3958,.T.);
#2115=ORIENTED_EDGE('',*,*,#4093,.T.);
#2116=ORIENTED_EDGE('',*,*,#3488,.F.);
#2117=ORIENTED_EDGE('',*,*,#3966,.F.);
#2118=ORIENTED_EDGE('',*,*,#4172,.T.);
#2119=ORIENTED_EDGE('',*,*,#3480,.T.);
#2120=ORIENTED_EDGE('',*,*,#4098,.F.);
#2121=ORIENTED_EDGE('',*,*,#3965,.F.);
#2122=ORIENTED_EDGE('',*,*,#4173,.T.);
#2123=ORIENTED_EDGE('',*,*,#3481,.T.);
#2124=ORIENTED_EDGE('',*,*,#4172,.F.);
#2125=ORIENTED_EDGE('',*,*,#4173,.F.);
#2126=ORIENTED_EDGE('',*,*,#3964,.T.);
#2127=ORIENTED_EDGE('',*,*,#4097,.T.);
#2128=ORIENTED_EDGE('',*,*,#3482,.F.);
#2129=ORIENTED_EDGE('',*,*,#3972,.F.);
#2130=ORIENTED_EDGE('',*,*,#4174,.T.);
#2131=ORIENTED_EDGE('',*,*,#3474,.T.);
#2132=ORIENTED_EDGE('',*,*,#4102,.F.);
#2133=ORIENTED_EDGE('',*,*,#3971,.F.);
#2134=ORIENTED_EDGE('',*,*,#4175,.T.);
#2135=ORIENTED_EDGE('',*,*,#3475,.T.);
#2136=ORIENTED_EDGE('',*,*,#4174,.F.);
#2137=ORIENTED_EDGE('',*,*,#4175,.F.);
#2138=ORIENTED_EDGE('',*,*,#3970,.T.);
#2139=ORIENTED_EDGE('',*,*,#4101,.T.);
#2140=ORIENTED_EDGE('',*,*,#3476,.F.);
#2141=ORIENTED_EDGE('',*,*,#3978,.F.);
#2142=ORIENTED_EDGE('',*,*,#4176,.T.);
#2143=ORIENTED_EDGE('',*,*,#3468,.T.);
#2144=ORIENTED_EDGE('',*,*,#4106,.F.);
#2145=ORIENTED_EDGE('',*,*,#3977,.F.);
#2146=ORIENTED_EDGE('',*,*,#4177,.T.);
#2147=ORIENTED_EDGE('',*,*,#3469,.T.);
#2148=ORIENTED_EDGE('',*,*,#4176,.F.);
#2149=ORIENTED_EDGE('',*,*,#4177,.F.);
#2150=ORIENTED_EDGE('',*,*,#3976,.T.);
#2151=ORIENTED_EDGE('',*,*,#4105,.T.);
#2152=ORIENTED_EDGE('',*,*,#3470,.F.);
#2153=ORIENTED_EDGE('',*,*,#3984,.F.);
#2154=ORIENTED_EDGE('',*,*,#4178,.T.);
#2155=ORIENTED_EDGE('',*,*,#3462,.T.);
#2156=ORIENTED_EDGE('',*,*,#4110,.F.);
#2157=ORIENTED_EDGE('',*,*,#3983,.F.);
#2158=ORIENTED_EDGE('',*,*,#4179,.T.);
#2159=ORIENTED_EDGE('',*,*,#3463,.T.);
#2160=ORIENTED_EDGE('',*,*,#4178,.F.);
#2161=ORIENTED_EDGE('',*,*,#4179,.F.);
#2162=ORIENTED_EDGE('',*,*,#3982,.T.);
#2163=ORIENTED_EDGE('',*,*,#4109,.T.);
#2164=ORIENTED_EDGE('',*,*,#3464,.F.);
#2165=ORIENTED_EDGE('',*,*,#3990,.F.);
#2166=ORIENTED_EDGE('',*,*,#4180,.T.);
#2167=ORIENTED_EDGE('',*,*,#3456,.T.);
#2168=ORIENTED_EDGE('',*,*,#4114,.F.);
#2169=ORIENTED_EDGE('',*,*,#3989,.F.);
#2170=ORIENTED_EDGE('',*,*,#4181,.T.);
#2171=ORIENTED_EDGE('',*,*,#3457,.T.);
#2172=ORIENTED_EDGE('',*,*,#4180,.F.);
#2173=ORIENTED_EDGE('',*,*,#4181,.F.);
#2174=ORIENTED_EDGE('',*,*,#3988,.T.);
#2175=ORIENTED_EDGE('',*,*,#4113,.T.);
#2176=ORIENTED_EDGE('',*,*,#3458,.F.);
#2177=ORIENTED_EDGE('',*,*,#3996,.F.);
#2178=ORIENTED_EDGE('',*,*,#4182,.T.);
#2179=ORIENTED_EDGE('',*,*,#3450,.T.);
#2180=ORIENTED_EDGE('',*,*,#4118,.F.);
#2181=ORIENTED_EDGE('',*,*,#3995,.F.);
#2182=ORIENTED_EDGE('',*,*,#4183,.T.);
#2183=ORIENTED_EDGE('',*,*,#3451,.T.);
#2184=ORIENTED_EDGE('',*,*,#4182,.F.);
#2185=ORIENTED_EDGE('',*,*,#4183,.F.);
#2186=ORIENTED_EDGE('',*,*,#3994,.T.);
#2187=ORIENTED_EDGE('',*,*,#4117,.T.);
#2188=ORIENTED_EDGE('',*,*,#3452,.F.);
#2189=ORIENTED_EDGE('',*,*,#4002,.F.);
#2190=ORIENTED_EDGE('',*,*,#4184,.T.);
#2191=ORIENTED_EDGE('',*,*,#3444,.T.);
#2192=ORIENTED_EDGE('',*,*,#4122,.F.);
#2193=ORIENTED_EDGE('',*,*,#4001,.F.);
#2194=ORIENTED_EDGE('',*,*,#4185,.T.);
#2195=ORIENTED_EDGE('',*,*,#3445,.T.);
#2196=ORIENTED_EDGE('',*,*,#4184,.F.);
#2197=ORIENTED_EDGE('',*,*,#4185,.F.);
#2198=ORIENTED_EDGE('',*,*,#4000,.T.);
#2199=ORIENTED_EDGE('',*,*,#4121,.T.);
#2200=ORIENTED_EDGE('',*,*,#3446,.F.);
#2201=ORIENTED_EDGE('',*,*,#4008,.F.);
#2202=ORIENTED_EDGE('',*,*,#4186,.T.);
#2203=ORIENTED_EDGE('',*,*,#3438,.T.);
#2204=ORIENTED_EDGE('',*,*,#4126,.F.);
#2205=ORIENTED_EDGE('',*,*,#4007,.F.);
#2206=ORIENTED_EDGE('',*,*,#4187,.T.);
#2207=ORIENTED_EDGE('',*,*,#3439,.T.);
#2208=ORIENTED_EDGE('',*,*,#4186,.F.);
#2209=ORIENTED_EDGE('',*,*,#4187,.F.);
#2210=ORIENTED_EDGE('',*,*,#4006,.T.);
#2211=ORIENTED_EDGE('',*,*,#4125,.T.);
#2212=ORIENTED_EDGE('',*,*,#3440,.F.);
#2213=ORIENTED_EDGE('',*,*,#4014,.F.);
#2214=ORIENTED_EDGE('',*,*,#4188,.T.);
#2215=ORIENTED_EDGE('',*,*,#3432,.T.);
#2216=ORIENTED_EDGE('',*,*,#4130,.F.);
#2217=ORIENTED_EDGE('',*,*,#4013,.F.);
#2218=ORIENTED_EDGE('',*,*,#4189,.T.);
#2219=ORIENTED_EDGE('',*,*,#3433,.T.);
#2220=ORIENTED_EDGE('',*,*,#4188,.F.);
#2221=ORIENTED_EDGE('',*,*,#4189,.F.);
#2222=ORIENTED_EDGE('',*,*,#4012,.T.);
#2223=ORIENTED_EDGE('',*,*,#4129,.T.);
#2224=ORIENTED_EDGE('',*,*,#3434,.F.);
#2225=ORIENTED_EDGE('',*,*,#4020,.F.);
#2226=ORIENTED_EDGE('',*,*,#4190,.T.);
#2227=ORIENTED_EDGE('',*,*,#3426,.T.);
#2228=ORIENTED_EDGE('',*,*,#4134,.F.);
#2229=ORIENTED_EDGE('',*,*,#4019,.F.);
#2230=ORIENTED_EDGE('',*,*,#4191,.T.);
#2231=ORIENTED_EDGE('',*,*,#3427,.T.);
#2232=ORIENTED_EDGE('',*,*,#4190,.F.);
#2233=ORIENTED_EDGE('',*,*,#4191,.F.);
#2234=ORIENTED_EDGE('',*,*,#4018,.T.);
#2235=ORIENTED_EDGE('',*,*,#4133,.T.);
#2236=ORIENTED_EDGE('',*,*,#3428,.F.);
#2237=ORIENTED_EDGE('',*,*,#4026,.F.);
#2238=ORIENTED_EDGE('',*,*,#4192,.T.);
#2239=ORIENTED_EDGE('',*,*,#3420,.T.);
#2240=ORIENTED_EDGE('',*,*,#4138,.F.);
#2241=ORIENTED_EDGE('',*,*,#4025,.F.);
#2242=ORIENTED_EDGE('',*,*,#4193,.T.);
#2243=ORIENTED_EDGE('',*,*,#3421,.T.);
#2244=ORIENTED_EDGE('',*,*,#4192,.F.);
#2245=ORIENTED_EDGE('',*,*,#4193,.F.);
#2246=ORIENTED_EDGE('',*,*,#4024,.T.);
#2247=ORIENTED_EDGE('',*,*,#4137,.T.);
#2248=ORIENTED_EDGE('',*,*,#3422,.F.);
#2249=ORIENTED_EDGE('',*,*,#4032,.F.);
#2250=ORIENTED_EDGE('',*,*,#4194,.T.);
#2251=ORIENTED_EDGE('',*,*,#3414,.T.);
#2252=ORIENTED_EDGE('',*,*,#4142,.F.);
#2253=ORIENTED_EDGE('',*,*,#4031,.F.);
#2254=ORIENTED_EDGE('',*,*,#4195,.T.);
#2255=ORIENTED_EDGE('',*,*,#3415,.T.);
#2256=ORIENTED_EDGE('',*,*,#4194,.F.);
#2257=ORIENTED_EDGE('',*,*,#4195,.F.);
#2258=ORIENTED_EDGE('',*,*,#4030,.T.);
#2259=ORIENTED_EDGE('',*,*,#4141,.T.);
#2260=ORIENTED_EDGE('',*,*,#3416,.F.);
#2261=ORIENTED_EDGE('',*,*,#4038,.F.);
#2262=ORIENTED_EDGE('',*,*,#4196,.T.);
#2263=ORIENTED_EDGE('',*,*,#3408,.T.);
#2264=ORIENTED_EDGE('',*,*,#4146,.F.);
#2265=ORIENTED_EDGE('',*,*,#4037,.F.);
#2266=ORIENTED_EDGE('',*,*,#4197,.T.);
#2267=ORIENTED_EDGE('',*,*,#3409,.T.);
#2268=ORIENTED_EDGE('',*,*,#4196,.F.);
#2269=ORIENTED_EDGE('',*,*,#4197,.F.);
#2270=ORIENTED_EDGE('',*,*,#4036,.T.);
#2271=ORIENTED_EDGE('',*,*,#4145,.T.);
#2272=ORIENTED_EDGE('',*,*,#3410,.F.);
#2273=ORIENTED_EDGE('',*,*,#4044,.F.);
#2274=ORIENTED_EDGE('',*,*,#4198,.T.);
#2275=ORIENTED_EDGE('',*,*,#3402,.T.);
#2276=ORIENTED_EDGE('',*,*,#4150,.F.);
#2277=ORIENTED_EDGE('',*,*,#4043,.F.);
#2278=ORIENTED_EDGE('',*,*,#4199,.T.);
#2279=ORIENTED_EDGE('',*,*,#3403,.T.);
#2280=ORIENTED_EDGE('',*,*,#4198,.F.);
#2281=ORIENTED_EDGE('',*,*,#4199,.F.);
#2282=ORIENTED_EDGE('',*,*,#4042,.T.);
#2283=ORIENTED_EDGE('',*,*,#4149,.T.);
#2284=ORIENTED_EDGE('',*,*,#3404,.F.);
#2285=ORIENTED_EDGE('',*,*,#3603,.F.);
#2286=ORIENTED_EDGE('',*,*,#3816,.T.);
#2287=ORIENTED_EDGE('',*,*,#3602,.F.);
#2288=ORIENTED_EDGE('',*,*,#3815,.T.);
#2289=ORIENTED_EDGE('',*,*,#3810,.F.);
#2290=ORIENTED_EDGE('',*,*,#4200,.T.);
#2291=ORIENTED_EDGE('',*,*,#3623,.T.);
#2292=ORIENTED_EDGE('',*,*,#4201,.T.);
#2293=ORIENTED_EDGE('',*,*,#3804,.F.);
#2294=ORIENTED_EDGE('',*,*,#4202,.T.);
#2295=ORIENTED_EDGE('',*,*,#3615,.T.);
#2296=ORIENTED_EDGE('',*,*,#4203,.T.);
#2297=ORIENTED_EDGE('',*,*,#4204,.T.);
#2298=ORIENTED_EDGE('',*,*,#3806,.T.);
#2299=ORIENTED_EDGE('',*,*,#4205,.T.);
#2300=ORIENTED_EDGE('',*,*,#3613,.F.);
#2301=ORIENTED_EDGE('',*,*,#4206,.T.);
#2302=ORIENTED_EDGE('',*,*,#3808,.T.);
#2303=ORIENTED_EDGE('',*,*,#4207,.T.);
#2304=ORIENTED_EDGE('',*,*,#3611,.F.);
#2305=ORIENTED_EDGE('',*,*,#4208,.T.);
#2306=ORIENTED_EDGE('',*,*,#3814,.T.);
#2307=ORIENTED_EDGE('',*,*,#4209,.T.);
#2308=ORIENTED_EDGE('',*,*,#3619,.F.);
#2309=ORIENTED_EDGE('',*,*,#3802,.F.);
#2310=ORIENTED_EDGE('',*,*,#4210,.T.);
#2311=ORIENTED_EDGE('',*,*,#3617,.T.);
#2312=ORIENTED_EDGE('',*,*,#4211,.T.);
#2313=ORIENTED_EDGE('',*,*,#4212,.T.);
#2314=ORIENTED_EDGE('',*,*,#3812,.T.);
#2315=ORIENTED_EDGE('',*,*,#4213,.T.);
#2316=ORIENTED_EDGE('',*,*,#3621,.F.);
#2317=ORIENTED_EDGE('',*,*,#4213,.F.);
#2318=ORIENTED_EDGE('',*,*,#3811,.T.);
#2319=ORIENTED_EDGE('',*,*,#4201,.F.);
#2320=ORIENTED_EDGE('',*,*,#3622,.F.);
#2321=ORIENTED_EDGE('',*,*,#4200,.F.);
#2322=ORIENTED_EDGE('',*,*,#3809,.T.);
#2323=ORIENTED_EDGE('',*,*,#4206,.F.);
#2324=ORIENTED_EDGE('',*,*,#3610,.F.);
#2325=ORIENTED_EDGE('',*,*,#4210,.F.);
#2326=ORIENTED_EDGE('',*,*,#3801,.T.);
#2327=ORIENTED_EDGE('',*,*,#4208,.F.);
#2328=ORIENTED_EDGE('',*,*,#3618,.F.);
#2329=ORIENTED_EDGE('',*,*,#4202,.F.);
#2330=ORIENTED_EDGE('',*,*,#3803,.T.);
#2331=ORIENTED_EDGE('',*,*,#4211,.F.);
#2332=ORIENTED_EDGE('',*,*,#3616,.F.);
#2333=ORIENTED_EDGE('',*,*,#4205,.F.);
#2334=ORIENTED_EDGE('',*,*,#3805,.T.);
#2335=ORIENTED_EDGE('',*,*,#4203,.F.);
#2336=ORIENTED_EDGE('',*,*,#3614,.F.);
#2337=ORIENTED_EDGE('',*,*,#4209,.F.);
#2338=ORIENTED_EDGE('',*,*,#3813,.T.);
#2339=ORIENTED_EDGE('',*,*,#4212,.F.);
#2340=ORIENTED_EDGE('',*,*,#3620,.F.);
#2341=ORIENTED_EDGE('',*,*,#4207,.F.);
#2342=ORIENTED_EDGE('',*,*,#3807,.T.);
#2343=ORIENTED_EDGE('',*,*,#4204,.F.);
#2344=ORIENTED_EDGE('',*,*,#3612,.F.);
#2345=ORIENTED_EDGE('',*,*,#4214,.T.);
#2346=ORIENTED_EDGE('',*,*,#3797,.T.);
#2347=ORIENTED_EDGE('',*,*,#4215,.T.);
#2348=ORIENTED_EDGE('',*,*,#3601,.F.);
#2349=ORIENTED_EDGE('',*,*,#4216,.T.);
#2350=ORIENTED_EDGE('',*,*,#3799,.T.);
#2351=ORIENTED_EDGE('',*,*,#4217,.T.);
#2352=ORIENTED_EDGE('',*,*,#3599,.F.);
#2353=ORIENTED_EDGE('',*,*,#4218,.T.);
#2354=ORIENTED_EDGE('',*,*,#3789,.T.);
#2355=ORIENTED_EDGE('',*,*,#4219,.T.);
#2356=ORIENTED_EDGE('',*,*,#3597,.F.);
#2357=ORIENTED_EDGE('',*,*,#3791,.F.);
#2358=ORIENTED_EDGE('',*,*,#4220,.T.);
#2359=ORIENTED_EDGE('',*,*,#3595,.T.);
#2360=ORIENTED_EDGE('',*,*,#4221,.T.);
#2361=ORIENTED_EDGE('',*,*,#4222,.T.);
#2362=ORIENTED_EDGE('',*,*,#3793,.T.);
#2363=ORIENTED_EDGE('',*,*,#4223,.T.);
#2364=ORIENTED_EDGE('',*,*,#3593,.F.);
#2365=ORIENTED_EDGE('',*,*,#4224,.T.);
#2366=ORIENTED_EDGE('',*,*,#3795,.T.);
#2367=ORIENTED_EDGE('',*,*,#4225,.T.);
#2368=ORIENTED_EDGE('',*,*,#3591,.F.);
#2369=ORIENTED_EDGE('',*,*,#4220,.F.);
#2370=ORIENTED_EDGE('',*,*,#3790,.T.);
#2371=ORIENTED_EDGE('',*,*,#4218,.F.);
#2372=ORIENTED_EDGE('',*,*,#3596,.F.);
#2373=ORIENTED_EDGE('',*,*,#4219,.F.);
#2374=ORIENTED_EDGE('',*,*,#3800,.T.);
#2375=ORIENTED_EDGE('',*,*,#4216,.F.);
#2376=ORIENTED_EDGE('',*,*,#3598,.F.);
#2377=ORIENTED_EDGE('',*,*,#4215,.F.);
#2378=ORIENTED_EDGE('',*,*,#3796,.T.);
#2379=ORIENTED_EDGE('',*,*,#4224,.F.);
#2380=ORIENTED_EDGE('',*,*,#3590,.F.);
#2381=ORIENTED_EDGE('',*,*,#4217,.F.);
#2382=ORIENTED_EDGE('',*,*,#3798,.T.);
#2383=ORIENTED_EDGE('',*,*,#4214,.F.);
#2384=ORIENTED_EDGE('',*,*,#3600,.F.);
#2385=ORIENTED_EDGE('',*,*,#4223,.F.);
#2386=ORIENTED_EDGE('',*,*,#3792,.T.);
#2387=ORIENTED_EDGE('',*,*,#4221,.F.);
#2388=ORIENTED_EDGE('',*,*,#3594,.F.);
#2389=ORIENTED_EDGE('',*,*,#4225,.F.);
#2390=ORIENTED_EDGE('',*,*,#3794,.T.);
#2391=ORIENTED_EDGE('',*,*,#4222,.F.);
#2392=ORIENTED_EDGE('',*,*,#3592,.F.);
#2393=ORIENTED_EDGE('',*,*,#4226,.T.);
#2394=ORIENTED_EDGE('',*,*,#3785,.T.);
#2395=ORIENTED_EDGE('',*,*,#4227,.T.);
#2396=ORIENTED_EDGE('',*,*,#3628,.F.);
#2397=ORIENTED_EDGE('',*,*,#3787,.F.);
#2398=ORIENTED_EDGE('',*,*,#4228,.T.);
#2399=ORIENTED_EDGE('',*,*,#3626,.T.);
#2400=ORIENTED_EDGE('',*,*,#4229,.T.);
#2401=ORIENTED_EDGE('',*,*,#3782,.F.);
#2402=ORIENTED_EDGE('',*,*,#4230,.T.);
#2403=ORIENTED_EDGE('',*,*,#3624,.T.);
#2404=ORIENTED_EDGE('',*,*,#4231,.F.);
#2405=ORIENTED_EDGE('',*,*,#3783,.F.);
#2406=ORIENTED_EDGE('',*,*,#4231,.T.);
#2407=ORIENTED_EDGE('',*,*,#3630,.T.);
#2408=ORIENTED_EDGE('',*,*,#4232,.T.);
#2409=ORIENTED_EDGE('',*,*,#4227,.F.);
#2410=ORIENTED_EDGE('',*,*,#3784,.T.);
#2411=ORIENTED_EDGE('',*,*,#4232,.F.);
#2412=ORIENTED_EDGE('',*,*,#3629,.F.);
#2413=ORIENTED_EDGE('',*,*,#4230,.F.);
#2414=ORIENTED_EDGE('',*,*,#3788,.T.);
#2415=ORIENTED_EDGE('',*,*,#4229,.F.);
#2416=ORIENTED_EDGE('',*,*,#3625,.F.);
#2417=ORIENTED_EDGE('',*,*,#4228,.F.);
#2418=ORIENTED_EDGE('',*,*,#3786,.T.);
#2419=ORIENTED_EDGE('',*,*,#4226,.F.);
#2420=ORIENTED_EDGE('',*,*,#3627,.F.);
#2421=ORIENTED_EDGE('',*,*,#3831,.F.);
#2422=ORIENTED_EDGE('',*,*,#4233,.T.);
#2423=ORIENTED_EDGE('',*,*,#3635,.T.);
#2424=ORIENTED_EDGE('',*,*,#4234,.F.);
#2425=ORIENTED_EDGE('',*,*,#3832,.F.);
#2426=ORIENTED_EDGE('',*,*,#4234,.T.);
#2427=ORIENTED_EDGE('',*,*,#3634,.T.);
#2428=ORIENTED_EDGE('',*,*,#4235,.T.);
#2429=ORIENTED_EDGE('',*,*,#4236,.T.);
#2430=ORIENTED_EDGE('',*,*,#3834,.T.);
#2431=ORIENTED_EDGE('',*,*,#4237,.T.);
#2432=ORIENTED_EDGE('',*,*,#3632,.F.);
#2433=ORIENTED_EDGE('',*,*,#3823,.F.);
#2434=ORIENTED_EDGE('',*,*,#4238,.T.);
#2435=ORIENTED_EDGE('',*,*,#3643,.T.);
#2436=ORIENTED_EDGE('',*,*,#4239,.T.);
#2437=ORIENTED_EDGE('',*,*,#3825,.F.);
#2438=ORIENTED_EDGE('',*,*,#4240,.T.);
#2439=ORIENTED_EDGE('',*,*,#3641,.T.);
#2440=ORIENTED_EDGE('',*,*,#4241,.T.);
#2441=ORIENTED_EDGE('',*,*,#3827,.F.);
#2442=ORIENTED_EDGE('',*,*,#4242,.T.);
#2443=ORIENTED_EDGE('',*,*,#3639,.T.);
#2444=ORIENTED_EDGE('',*,*,#4243,.T.);
#2445=ORIENTED_EDGE('',*,*,#3829,.F.);
#2446=ORIENTED_EDGE('',*,*,#4244,.T.);
#2447=ORIENTED_EDGE('',*,*,#3637,.T.);
#2448=ORIENTED_EDGE('',*,*,#4245,.T.);
#2449=ORIENTED_EDGE('',*,*,#4242,.F.);
#2450=ORIENTED_EDGE('',*,*,#3826,.T.);
#2451=ORIENTED_EDGE('',*,*,#4241,.F.);
#2452=ORIENTED_EDGE('',*,*,#3640,.F.);
#2453=ORIENTED_EDGE('',*,*,#4244,.F.);
#2454=ORIENTED_EDGE('',*,*,#3828,.T.);
#2455=ORIENTED_EDGE('',*,*,#4243,.F.);
#2456=ORIENTED_EDGE('',*,*,#3638,.F.);
#2457=ORIENTED_EDGE('',*,*,#4240,.F.);
#2458=ORIENTED_EDGE('',*,*,#3824,.T.);
#2459=ORIENTED_EDGE('',*,*,#4239,.F.);
#2460=ORIENTED_EDGE('',*,*,#3642,.F.);
#2461=ORIENTED_EDGE('',*,*,#4238,.F.);
#2462=ORIENTED_EDGE('',*,*,#3835,.T.);
#2463=ORIENTED_EDGE('',*,*,#4236,.F.);
#2464=ORIENTED_EDGE('',*,*,#3631,.F.);
#2465=ORIENTED_EDGE('',*,*,#4237,.F.);
#2466=ORIENTED_EDGE('',*,*,#3833,.T.);
#2467=ORIENTED_EDGE('',*,*,#4235,.F.);
#2468=ORIENTED_EDGE('',*,*,#3633,.F.);
#2469=ORIENTED_EDGE('',*,*,#4233,.F.);
#2470=ORIENTED_EDGE('',*,*,#3830,.T.);
#2471=ORIENTED_EDGE('',*,*,#4245,.F.);
#2472=ORIENTED_EDGE('',*,*,#3636,.F.);
#2473=ORIENTED_EDGE('',*,*,#4246,.T.);
#2474=ORIENTED_EDGE('',*,*,#3781,.T.);
#2475=ORIENTED_EDGE('',*,*,#4247,.T.);
#2476=ORIENTED_EDGE('',*,*,#3589,.F.);
#2477=ORIENTED_EDGE('',*,*,#4248,.F.);
#2478=ORIENTED_EDGE('',*,*,#3776,.T.);
#2479=ORIENTED_EDGE('',*,*,#4249,.T.);
#2480=ORIENTED_EDGE('',*,*,#3587,.F.);
#2481=ORIENTED_EDGE('',*,*,#4250,.T.);
#2482=ORIENTED_EDGE('',*,*,#3777,.T.);
#2483=ORIENTED_EDGE('',*,*,#4248,.T.);
#2484=ORIENTED_EDGE('',*,*,#3586,.F.);
#2485=ORIENTED_EDGE('',*,*,#3779,.F.);
#2486=ORIENTED_EDGE('',*,*,#4251,.T.);
#2487=ORIENTED_EDGE('',*,*,#3584,.T.);
#2488=ORIENTED_EDGE('',*,*,#4252,.T.);
#2489=ORIENTED_EDGE('',*,*,#4247,.F.);
#2490=ORIENTED_EDGE('',*,*,#3780,.T.);
#2491=ORIENTED_EDGE('',*,*,#4252,.F.);
#2492=ORIENTED_EDGE('',*,*,#3583,.F.);
#2493=ORIENTED_EDGE('',*,*,#4249,.F.);
#2494=ORIENTED_EDGE('',*,*,#3775,.T.);
#2495=ORIENTED_EDGE('',*,*,#4246,.F.);
#2496=ORIENTED_EDGE('',*,*,#3588,.F.);
#2497=ORIENTED_EDGE('',*,*,#4251,.F.);
#2498=ORIENTED_EDGE('',*,*,#3778,.T.);
#2499=ORIENTED_EDGE('',*,*,#4250,.F.);
#2500=ORIENTED_EDGE('',*,*,#3585,.F.);
#2501=ORIENTED_EDGE('',*,*,#3768,.F.);
#2502=ORIENTED_EDGE('',*,*,#4253,.T.);
#2503=ORIENTED_EDGE('',*,*,#3651,.T.);
#2504=ORIENTED_EDGE('',*,*,#4254,.T.);
#2505=ORIENTED_EDGE('',*,*,#3770,.F.);
#2506=ORIENTED_EDGE('',*,*,#4255,.T.);
#2507=ORIENTED_EDGE('',*,*,#3649,.T.);
#2508=ORIENTED_EDGE('',*,*,#4256,.T.);
#2509=ORIENTED_EDGE('',*,*,#3772,.F.);
#2510=ORIENTED_EDGE('',*,*,#4257,.T.);
#2511=ORIENTED_EDGE('',*,*,#3647,.T.);
#2512=ORIENTED_EDGE('',*,*,#4258,.T.);
#2513=ORIENTED_EDGE('',*,*,#4259,.F.);
#2514=ORIENTED_EDGE('',*,*,#3774,.T.);
#2515=ORIENTED_EDGE('',*,*,#4260,.T.);
#2516=ORIENTED_EDGE('',*,*,#3645,.F.);
#2517=ORIENTED_EDGE('',*,*,#3767,.F.);
#2518=ORIENTED_EDGE('',*,*,#4259,.T.);
#2519=ORIENTED_EDGE('',*,*,#3644,.T.);
#2520=ORIENTED_EDGE('',*,*,#4253,.F.);
#2521=ORIENTED_EDGE('',*,*,#4255,.F.);
#2522=ORIENTED_EDGE('',*,*,#3769,.T.);
#2523=ORIENTED_EDGE('',*,*,#4254,.F.);
#2524=ORIENTED_EDGE('',*,*,#3650,.F.);
#2525=ORIENTED_EDGE('',*,*,#4260,.F.);
#2526=ORIENTED_EDGE('',*,*,#3773,.T.);
#2527=ORIENTED_EDGE('',*,*,#4258,.F.);
#2528=ORIENTED_EDGE('',*,*,#3646,.F.);
#2529=ORIENTED_EDGE('',*,*,#4257,.F.);
#2530=ORIENTED_EDGE('',*,*,#3771,.T.);
#2531=ORIENTED_EDGE('',*,*,#4256,.F.);
#2532=ORIENTED_EDGE('',*,*,#3648,.F.);
#2533=ORIENTED_EDGE('',*,*,#4261,.T.);
#2534=ORIENTED_EDGE('',*,*,#3842,.T.);
#2535=ORIENTED_EDGE('',*,*,#4262,.T.);
#2536=ORIENTED_EDGE('',*,*,#3572,.F.);
#2537=ORIENTED_EDGE('',*,*,#3844,.F.);
#2538=ORIENTED_EDGE('',*,*,#4263,.T.);
#2539=ORIENTED_EDGE('',*,*,#3582,.T.);
#2540=ORIENTED_EDGE('',*,*,#4264,.T.);
#2541=ORIENTED_EDGE('',*,*,#3846,.F.);
#2542=ORIENTED_EDGE('',*,*,#4265,.T.);
#2543=ORIENTED_EDGE('',*,*,#3580,.T.);
#2544=ORIENTED_EDGE('',*,*,#4266,.T.);
#2545=ORIENTED_EDGE('',*,*,#3836,.F.);
#2546=ORIENTED_EDGE('',*,*,#4267,.T.);
#2547=ORIENTED_EDGE('',*,*,#3578,.T.);
#2548=ORIENTED_EDGE('',*,*,#4268,.T.);
#2549=ORIENTED_EDGE('',*,*,#4269,.T.);
#2550=ORIENTED_EDGE('',*,*,#3838,.T.);
#2551=ORIENTED_EDGE('',*,*,#4270,.T.);
#2552=ORIENTED_EDGE('',*,*,#3576,.F.);
#2553=ORIENTED_EDGE('',*,*,#4271,.T.);
#2554=ORIENTED_EDGE('',*,*,#3840,.T.);
#2555=ORIENTED_EDGE('',*,*,#4272,.T.);
#2556=ORIENTED_EDGE('',*,*,#3574,.F.);
#2557=ORIENTED_EDGE('',*,*,#4270,.F.);
#2558=ORIENTED_EDGE('',*,*,#3837,.T.);
#2559=ORIENTED_EDGE('',*,*,#4268,.F.);
#2560=ORIENTED_EDGE('',*,*,#3577,.F.);
#2561=ORIENTED_EDGE('',*,*,#4263,.F.);
#2562=ORIENTED_EDGE('',*,*,#3843,.T.);
#2563=ORIENTED_EDGE('',*,*,#4261,.F.);
#2564=ORIENTED_EDGE('',*,*,#3571,.F.);
#2565=ORIENTED_EDGE('',*,*,#4267,.F.);
#2566=ORIENTED_EDGE('',*,*,#3847,.T.);
#2567=ORIENTED_EDGE('',*,*,#4266,.F.);
#2568=ORIENTED_EDGE('',*,*,#3579,.F.);
#2569=ORIENTED_EDGE('',*,*,#4265,.F.);
#2570=ORIENTED_EDGE('',*,*,#3845,.T.);
#2571=ORIENTED_EDGE('',*,*,#4264,.F.);
#2572=ORIENTED_EDGE('',*,*,#3581,.F.);
#2573=ORIENTED_EDGE('',*,*,#4272,.F.);
#2574=ORIENTED_EDGE('',*,*,#3839,.T.);
#2575=ORIENTED_EDGE('',*,*,#4269,.F.);
#2576=ORIENTED_EDGE('',*,*,#3575,.F.);
#2577=ORIENTED_EDGE('',*,*,#4262,.F.);
#2578=ORIENTED_EDGE('',*,*,#3841,.T.);
#2579=ORIENTED_EDGE('',*,*,#4271,.F.);
#2580=ORIENTED_EDGE('',*,*,#3573,.F.);
#2581=ORIENTED_EDGE('',*,*,#3856,.F.);
#2582=ORIENTED_EDGE('',*,*,#4273,.T.);
#2583=ORIENTED_EDGE('',*,*,#3565,.T.);
#2584=ORIENTED_EDGE('',*,*,#4274,.T.);
#2585=ORIENTED_EDGE('',*,*,#3858,.F.);
#2586=ORIENTED_EDGE('',*,*,#4275,.T.);
#2587=ORIENTED_EDGE('',*,*,#3563,.T.);
#2588=ORIENTED_EDGE('',*,*,#4276,.T.);
#2589=ORIENTED_EDGE('',*,*,#3860,.F.);
#2590=ORIENTED_EDGE('',*,*,#4277,.T.);
#2591=ORIENTED_EDGE('',*,*,#3561,.T.);
#2592=ORIENTED_EDGE('',*,*,#4278,.T.);
#2593=ORIENTED_EDGE('',*,*,#4279,.T.);
#2594=ORIENTED_EDGE('',*,*,#3848,.T.);
#2595=ORIENTED_EDGE('',*,*,#4280,.T.);
#2596=ORIENTED_EDGE('',*,*,#3559,.F.);
#2597=ORIENTED_EDGE('',*,*,#4281,.T.);
#2598=ORIENTED_EDGE('',*,*,#3850,.T.);
#2599=ORIENTED_EDGE('',*,*,#4282,.T.);
#2600=ORIENTED_EDGE('',*,*,#3557,.F.);
#2601=ORIENTED_EDGE('',*,*,#4283,.F.);
#2602=ORIENTED_EDGE('',*,*,#3852,.T.);
#2603=ORIENTED_EDGE('',*,*,#4284,.T.);
#2604=ORIENTED_EDGE('',*,*,#3569,.F.);
#2605=ORIENTED_EDGE('',*,*,#4285,.F.);
#2606=ORIENTED_EDGE('',*,*,#3853,.T.);
#2607=ORIENTED_EDGE('',*,*,#4283,.T.);
#2608=ORIENTED_EDGE('',*,*,#3568,.F.);
#2609=ORIENTED_EDGE('',*,*,#3854,.F.);
#2610=ORIENTED_EDGE('',*,*,#4285,.T.);
#2611=ORIENTED_EDGE('',*,*,#3567,.T.);
#2612=ORIENTED_EDGE('',*,*,#4286,.T.);
#2613=ORIENTED_EDGE('',*,*,#4275,.F.);
#2614=ORIENTED_EDGE('',*,*,#3857,.T.);
#2615=ORIENTED_EDGE('',*,*,#4274,.F.);
#2616=ORIENTED_EDGE('',*,*,#3564,.F.);
#2617=ORIENTED_EDGE('',*,*,#4282,.F.);
#2618=ORIENTED_EDGE('',*,*,#3849,.T.);
#2619=ORIENTED_EDGE('',*,*,#4279,.F.);
#2620=ORIENTED_EDGE('',*,*,#3558,.F.);
#2621=ORIENTED_EDGE('',*,*,#4280,.F.);
#2622=ORIENTED_EDGE('',*,*,#3861,.T.);
#2623=ORIENTED_EDGE('',*,*,#4278,.F.);
#2624=ORIENTED_EDGE('',*,*,#3560,.F.);
#2625=ORIENTED_EDGE('',*,*,#4277,.F.);
#2626=ORIENTED_EDGE('',*,*,#3859,.T.);
#2627=ORIENTED_EDGE('',*,*,#4276,.F.);
#2628=ORIENTED_EDGE('',*,*,#3562,.F.);
#2629=ORIENTED_EDGE('',*,*,#4284,.F.);
#2630=ORIENTED_EDGE('',*,*,#3851,.T.);
#2631=ORIENTED_EDGE('',*,*,#4281,.F.);
#2632=ORIENTED_EDGE('',*,*,#3570,.F.);
#2633=ORIENTED_EDGE('',*,*,#4273,.F.);
#2634=ORIENTED_EDGE('',*,*,#3855,.T.);
#2635=ORIENTED_EDGE('',*,*,#4286,.F.);
#2636=ORIENTED_EDGE('',*,*,#3566,.F.);
#2637=ORIENTED_EDGE('',*,*,#4287,.T.);
#2638=ORIENTED_EDGE('',*,*,#3868,.T.);
#2639=ORIENTED_EDGE('',*,*,#4288,.T.);
#2640=ORIENTED_EDGE('',*,*,#3556,.F.);
#2641=ORIENTED_EDGE('',*,*,#4289,.F.);
#2642=ORIENTED_EDGE('',*,*,#3863,.T.);
#2643=ORIENTED_EDGE('',*,*,#4290,.T.);
#2644=ORIENTED_EDGE('',*,*,#3554,.F.);
#2645=ORIENTED_EDGE('',*,*,#4291,.T.);
#2646=ORIENTED_EDGE('',*,*,#3864,.T.);
#2647=ORIENTED_EDGE('',*,*,#4289,.T.);
#2648=ORIENTED_EDGE('',*,*,#3553,.F.);
#2649=ORIENTED_EDGE('',*,*,#4292,.T.);
#2650=ORIENTED_EDGE('',*,*,#3866,.T.);
#2651=ORIENTED_EDGE('',*,*,#4293,.T.);
#2652=ORIENTED_EDGE('',*,*,#3551,.F.);
#2653=ORIENTED_EDGE('',*,*,#4288,.F.);
#2654=ORIENTED_EDGE('',*,*,#3867,.T.);
#2655=ORIENTED_EDGE('',*,*,#4292,.F.);
#2656=ORIENTED_EDGE('',*,*,#3550,.F.);
#2657=ORIENTED_EDGE('',*,*,#4290,.F.);
#2658=ORIENTED_EDGE('',*,*,#3862,.T.);
#2659=ORIENTED_EDGE('',*,*,#4287,.F.);
#2660=ORIENTED_EDGE('',*,*,#3555,.F.);
#2661=ORIENTED_EDGE('',*,*,#4293,.F.);
#2662=ORIENTED_EDGE('',*,*,#3865,.T.);
#2663=ORIENTED_EDGE('',*,*,#4291,.F.);
#2664=ORIENTED_EDGE('',*,*,#3552,.F.);
#2665=ORIENTED_EDGE('',*,*,#3869,.F.);
#2666=ORIENTED_EDGE('',*,*,#4294,.T.);
#2667=ORIENTED_EDGE('',*,*,#3658,.T.);
#2668=ORIENTED_EDGE('',*,*,#4295,.T.);
#2669=ORIENTED_EDGE('',*,*,#4296,.T.);
#2670=ORIENTED_EDGE('',*,*,#3871,.T.);
#2671=ORIENTED_EDGE('',*,*,#4297,.T.);
#2672=ORIENTED_EDGE('',*,*,#3656,.F.);
#2673=ORIENTED_EDGE('',*,*,#4298,.F.);
#2674=ORIENTED_EDGE('',*,*,#3873,.T.);
#2675=ORIENTED_EDGE('',*,*,#4299,.T.);
#2676=ORIENTED_EDGE('',*,*,#3654,.F.);
#2677=ORIENTED_EDGE('',*,*,#3874,.F.);
#2678=ORIENTED_EDGE('',*,*,#4298,.T.);
#2679=ORIENTED_EDGE('',*,*,#3653,.T.);
#2680=ORIENTED_EDGE('',*,*,#4300,.T.);
#2681=ORIENTED_EDGE('',*,*,#4297,.F.);
#2682=ORIENTED_EDGE('',*,*,#3870,.T.);
#2683=ORIENTED_EDGE('',*,*,#4295,.F.);
#2684=ORIENTED_EDGE('',*,*,#3657,.F.);
#2685=ORIENTED_EDGE('',*,*,#4294,.F.);
#2686=ORIENTED_EDGE('',*,*,#3875,.T.);
#2687=ORIENTED_EDGE('',*,*,#4300,.F.);
#2688=ORIENTED_EDGE('',*,*,#3652,.F.);
#2689=ORIENTED_EDGE('',*,*,#4299,.F.);
#2690=ORIENTED_EDGE('',*,*,#3872,.T.);
#2691=ORIENTED_EDGE('',*,*,#4296,.F.);
#2692=ORIENTED_EDGE('',*,*,#3655,.F.);
#2693=ORIENTED_EDGE('',*,*,#3883,.F.);
#2694=ORIENTED_EDGE('',*,*,#4301,.T.);
#2695=ORIENTED_EDGE('',*,*,#3668,.T.);
#2696=ORIENTED_EDGE('',*,*,#4302,.T.);
#2697=ORIENTED_EDGE('',*,*,#4303,.T.);
#2698=ORIENTED_EDGE('',*,*,#3885,.T.);
#2699=ORIENTED_EDGE('',*,*,#4304,.T.);
#2700=ORIENTED_EDGE('',*,*,#3666,.F.);
#2701=ORIENTED_EDGE('',*,*,#3877,.F.);
#2702=ORIENTED_EDGE('',*,*,#4305,.T.);
#2703=ORIENTED_EDGE('',*,*,#3664,.T.);
#2704=ORIENTED_EDGE('',*,*,#4306,.T.);
#2705=ORIENTED_EDGE('',*,*,#3879,.F.);
#2706=ORIENTED_EDGE('',*,*,#4307,.T.);
#2707=ORIENTED_EDGE('',*,*,#3662,.T.);
#2708=ORIENTED_EDGE('',*,*,#4308,.T.);
#2709=ORIENTED_EDGE('',*,*,#3881,.F.);
#2710=ORIENTED_EDGE('',*,*,#4309,.T.);
#2711=ORIENTED_EDGE('',*,*,#3660,.T.);
#2712=ORIENTED_EDGE('',*,*,#4310,.T.);
#2713=ORIENTED_EDGE('',*,*,#4305,.F.);
#2714=ORIENTED_EDGE('',*,*,#3876,.T.);
#2715=ORIENTED_EDGE('',*,*,#4303,.F.);
#2716=ORIENTED_EDGE('',*,*,#3665,.F.);
#2717=ORIENTED_EDGE('',*,*,#4304,.F.);
#2718=ORIENTED_EDGE('',*,*,#3884,.T.);
#2719=ORIENTED_EDGE('',*,*,#4302,.F.);
#2720=ORIENTED_EDGE('',*,*,#3667,.F.);
#2721=ORIENTED_EDGE('',*,*,#4301,.F.);
#2722=ORIENTED_EDGE('',*,*,#3882,.T.);
#2723=ORIENTED_EDGE('',*,*,#4310,.F.);
#2724=ORIENTED_EDGE('',*,*,#3659,.F.);
#2725=ORIENTED_EDGE('',*,*,#4307,.F.);
#2726=ORIENTED_EDGE('',*,*,#3878,.T.);
#2727=ORIENTED_EDGE('',*,*,#4306,.F.);
#2728=ORIENTED_EDGE('',*,*,#3663,.F.);
#2729=ORIENTED_EDGE('',*,*,#4309,.F.);
#2730=ORIENTED_EDGE('',*,*,#3880,.T.);
#2731=ORIENTED_EDGE('',*,*,#4308,.F.);
#2732=ORIENTED_EDGE('',*,*,#3661,.F.);
#2733=ORIENTED_EDGE('',*,*,#3894,.F.);
#2734=ORIENTED_EDGE('',*,*,#4311,.T.);
#2735=ORIENTED_EDGE('',*,*,#3672,.T.);
#2736=ORIENTED_EDGE('',*,*,#4312,.T.);
#2737=ORIENTED_EDGE('',*,*,#3886,.F.);
#2738=ORIENTED_EDGE('',*,*,#4313,.T.);
#2739=ORIENTED_EDGE('',*,*,#3670,.T.);
#2740=ORIENTED_EDGE('',*,*,#4314,.T.);
#2741=ORIENTED_EDGE('',*,*,#3888,.F.);
#2742=ORIENTED_EDGE('',*,*,#4315,.T.);
#2743=ORIENTED_EDGE('',*,*,#3678,.T.);
#2744=ORIENTED_EDGE('',*,*,#4316,.T.);
#2745=ORIENTED_EDGE('',*,*,#4317,.T.);
#2746=ORIENTED_EDGE('',*,*,#3890,.T.);
#2747=ORIENTED_EDGE('',*,*,#4318,.T.);
#2748=ORIENTED_EDGE('',*,*,#3676,.F.);
#2749=ORIENTED_EDGE('',*,*,#4319,.T.);
#2750=ORIENTED_EDGE('',*,*,#3892,.T.);
#2751=ORIENTED_EDGE('',*,*,#4320,.T.);
#2752=ORIENTED_EDGE('',*,*,#3674,.F.);
#2753=ORIENTED_EDGE('',*,*,#4311,.F.);
#2754=ORIENTED_EDGE('',*,*,#3893,.T.);
#2755=ORIENTED_EDGE('',*,*,#4319,.F.);
#2756=ORIENTED_EDGE('',*,*,#3673,.F.);
#2757=ORIENTED_EDGE('',*,*,#4315,.F.);
#2758=ORIENTED_EDGE('',*,*,#3887,.T.);
#2759=ORIENTED_EDGE('',*,*,#4314,.F.);
#2760=ORIENTED_EDGE('',*,*,#3669,.F.);
#2761=ORIENTED_EDGE('',*,*,#4313,.F.);
#2762=ORIENTED_EDGE('',*,*,#3895,.T.);
#2763=ORIENTED_EDGE('',*,*,#4312,.F.);
#2764=ORIENTED_EDGE('',*,*,#3671,.F.);
#2765=ORIENTED_EDGE('',*,*,#4318,.F.);
#2766=ORIENTED_EDGE('',*,*,#3889,.T.);
#2767=ORIENTED_EDGE('',*,*,#4316,.F.);
#2768=ORIENTED_EDGE('',*,*,#3677,.F.);
#2769=ORIENTED_EDGE('',*,*,#4320,.F.);
#2770=ORIENTED_EDGE('',*,*,#3891,.T.);
#2771=ORIENTED_EDGE('',*,*,#4317,.F.);
#2772=ORIENTED_EDGE('',*,*,#3675,.F.);
#2773=ORIENTED_EDGE('',*,*,#3400,.T.);
#2774=ORIENTED_EDGE('',*,*,#4321,.F.);
#2775=ORIENTED_EDGE('',*,*,#4046,.F.);
#2776=ORIENTED_EDGE('',*,*,#4151,.T.);
#2777=ORIENTED_EDGE('',*,*,#3399,.T.);
#2778=ORIENTED_EDGE('',*,*,#4322,.F.);
#2779=ORIENTED_EDGE('',*,*,#4047,.F.);
#2780=ORIENTED_EDGE('',*,*,#4321,.T.);
#2781=ORIENTED_EDGE('',*,*,#3398,.F.);
#2782=ORIENTED_EDGE('',*,*,#4323,.F.);
#2783=ORIENTED_EDGE('',*,*,#4048,.T.);
#2784=ORIENTED_EDGE('',*,*,#4322,.T.);
#2785=ORIENTED_EDGE('',*,*,#3397,.T.);
#2786=ORIENTED_EDGE('',*,*,#3766,.F.);
#2787=ORIENTED_EDGE('',*,*,#4049,.F.);
#2788=ORIENTED_EDGE('',*,*,#4323,.T.);
#2789=ORIENTED_EDGE('',*,*,#3395,.F.);
#2790=ORIENTED_EDGE('',*,*,#4051,.T.);
#2791=ORIENTED_EDGE('',*,*,#3896,.F.);
#2792=ORIENTED_EDGE('',*,*,#3764,.F.);
#2793=ORIENTED_EDGE('',*,*,#3763,.F.);
#2794=ORIENTED_EDGE('',*,*,#4324,.F.);
#2795=ORIENTED_EDGE('',*,*,#4325,.T.);
#2796=ORIENTED_EDGE('',*,*,#3743,.T.);
#2797=ORIENTED_EDGE('',*,*,#3762,.F.);
#2798=ORIENTED_EDGE('',*,*,#4326,.F.);
#2799=ORIENTED_EDGE('',*,*,#4327,.T.);
#2800=ORIENTED_EDGE('',*,*,#4324,.T.);
#2801=ORIENTED_EDGE('',*,*,#3761,.F.);
#2802=ORIENTED_EDGE('',*,*,#4328,.F.);
#2803=ORIENTED_EDGE('',*,*,#4329,.T.);
#2804=ORIENTED_EDGE('',*,*,#4326,.T.);
#2805=ORIENTED_EDGE('',*,*,#3750,.F.);
#2806=ORIENTED_EDGE('',*,*,#4330,.F.);
#2807=ORIENTED_EDGE('',*,*,#4331,.T.);
#2808=ORIENTED_EDGE('',*,*,#4332,.T.);
#2809=ORIENTED_EDGE('',*,*,#3756,.F.);
#2810=ORIENTED_EDGE('',*,*,#4333,.F.);
#2811=ORIENTED_EDGE('',*,*,#4334,.T.);
#2812=ORIENTED_EDGE('',*,*,#4330,.T.);
#2813=ORIENTED_EDGE('',*,*,#3755,.F.);
#2814=ORIENTED_EDGE('',*,*,#4335,.F.);
#2815=ORIENTED_EDGE('',*,*,#4336,.T.);
#2816=ORIENTED_EDGE('',*,*,#4333,.T.);
#2817=ORIENTED_EDGE('',*,*,#3754,.F.);
#2818=ORIENTED_EDGE('',*,*,#4337,.F.);
#2819=ORIENTED_EDGE('',*,*,#4338,.T.);
#2820=ORIENTED_EDGE('',*,*,#4335,.T.);
#2821=ORIENTED_EDGE('',*,*,#3753,.F.);
#2822=ORIENTED_EDGE('',*,*,#4339,.F.);
#2823=ORIENTED_EDGE('',*,*,#4340,.T.);
#2824=ORIENTED_EDGE('',*,*,#4337,.T.);
#2825=ORIENTED_EDGE('',*,*,#3752,.F.);
#2826=ORIENTED_EDGE('',*,*,#4341,.F.);
#2827=ORIENTED_EDGE('',*,*,#4342,.T.);
#2828=ORIENTED_EDGE('',*,*,#4339,.T.);
#2829=ORIENTED_EDGE('',*,*,#3729,.F.);
#2830=ORIENTED_EDGE('',*,*,#4343,.F.);
#2831=ORIENTED_EDGE('',*,*,#4344,.T.);
#2832=ORIENTED_EDGE('',*,*,#3746,.T.);
#2833=ORIENTED_EDGE('',*,*,#3728,.F.);
#2834=ORIENTED_EDGE('',*,*,#4345,.F.);
#2835=ORIENTED_EDGE('',*,*,#4346,.T.);
#2836=ORIENTED_EDGE('',*,*,#4343,.T.);
#2837=ORIENTED_EDGE('',*,*,#4347,.F.);
#2838=ORIENTED_EDGE('',*,*,#4348,.T.);
#2839=ORIENTED_EDGE('',*,*,#4345,.T.);
#2840=ORIENTED_EDGE('',*,*,#3727,.F.);
#2841=ORIENTED_EDGE('',*,*,#3723,.F.);
#2842=ORIENTED_EDGE('',*,*,#4349,.F.);
#2843=ORIENTED_EDGE('',*,*,#4350,.T.);
#2844=ORIENTED_EDGE('',*,*,#4351,.T.);
#2845=ORIENTED_EDGE('',*,*,#3722,.F.);
#2846=ORIENTED_EDGE('',*,*,#4352,.F.);
#2847=ORIENTED_EDGE('',*,*,#4353,.T.);
#2848=ORIENTED_EDGE('',*,*,#4349,.T.);
#2849=ORIENTED_EDGE('',*,*,#3721,.F.);
#2850=ORIENTED_EDGE('',*,*,#4354,.F.);
#2851=ORIENTED_EDGE('',*,*,#4355,.T.);
#2852=ORIENTED_EDGE('',*,*,#4352,.T.);
#2853=ORIENTED_EDGE('',*,*,#4356,.F.);
#2854=ORIENTED_EDGE('',*,*,#4357,.T.);
#2855=ORIENTED_EDGE('',*,*,#4354,.T.);
#2856=ORIENTED_EDGE('',*,*,#3720,.F.);
#2857=ORIENTED_EDGE('',*,*,#3739,.F.);
#2858=ORIENTED_EDGE('',*,*,#4358,.F.);
#2859=ORIENTED_EDGE('',*,*,#4359,.T.);
#2860=ORIENTED_EDGE('',*,*,#3749,.T.);
#2861=ORIENTED_EDGE('',*,*,#3738,.F.);
#2862=ORIENTED_EDGE('',*,*,#4360,.F.);
#2863=ORIENTED_EDGE('',*,*,#4361,.T.);
#2864=ORIENTED_EDGE('',*,*,#4358,.T.);
#2865=ORIENTED_EDGE('',*,*,#3737,.F.);
#2866=ORIENTED_EDGE('',*,*,#4362,.F.);
#2867=ORIENTED_EDGE('',*,*,#4363,.T.);
#2868=ORIENTED_EDGE('',*,*,#4360,.T.);
#2869=ORIENTED_EDGE('',*,*,#3735,.F.);
#2870=ORIENTED_EDGE('',*,*,#4364,.F.);
#2871=ORIENTED_EDGE('',*,*,#4365,.T.);
#2872=ORIENTED_EDGE('',*,*,#4366,.T.);
#2873=ORIENTED_EDGE('',*,*,#3734,.F.);
#2874=ORIENTED_EDGE('',*,*,#4367,.F.);
#2875=ORIENTED_EDGE('',*,*,#4368,.T.);
#2876=ORIENTED_EDGE('',*,*,#4364,.T.);
#2877=ORIENTED_EDGE('',*,*,#3733,.F.);
#2878=ORIENTED_EDGE('',*,*,#4369,.F.);
#2879=ORIENTED_EDGE('',*,*,#4370,.T.);
#2880=ORIENTED_EDGE('',*,*,#4367,.T.);
#2881=ORIENTED_EDGE('',*,*,#4371,.F.);
#2882=ORIENTED_EDGE('',*,*,#4372,.T.);
#2883=ORIENTED_EDGE('',*,*,#4369,.T.);
#2884=ORIENTED_EDGE('',*,*,#3732,.F.);
#2885=ORIENTED_EDGE('',*,*,#4373,.F.);
#2886=ORIENTED_EDGE('',*,*,#4374,.T.);
#2887=ORIENTED_EDGE('',*,*,#4328,.T.);
#2888=ORIENTED_EDGE('',*,*,#3760,.F.);
#2889=ORIENTED_EDGE('',*,*,#4342,.F.);
#2890=ORIENTED_EDGE('',*,*,#4375,.F.);
#2891=ORIENTED_EDGE('',*,*,#4331,.F.);
#2892=ORIENTED_EDGE('',*,*,#4334,.F.);
#2893=ORIENTED_EDGE('',*,*,#4336,.F.);
#2894=ORIENTED_EDGE('',*,*,#4338,.F.);
#2895=ORIENTED_EDGE('',*,*,#4340,.F.);
#2896=ORIENTED_EDGE('',*,*,#4348,.F.);
#2897=ORIENTED_EDGE('',*,*,#4376,.F.);
#2898=ORIENTED_EDGE('',*,*,#4377,.F.);
#2899=ORIENTED_EDGE('',*,*,#4378,.T.);
#2900=ORIENTED_EDGE('',*,*,#4350,.F.);
#2901=ORIENTED_EDGE('',*,*,#4353,.F.);
#2902=ORIENTED_EDGE('',*,*,#4355,.F.);
#2903=ORIENTED_EDGE('',*,*,#4357,.F.);
#2904=ORIENTED_EDGE('',*,*,#4379,.F.);
#2905=ORIENTED_EDGE('',*,*,#3747,.F.);
#2906=ORIENTED_EDGE('',*,*,#4359,.F.);
#2907=ORIENTED_EDGE('',*,*,#4361,.F.);
#2908=ORIENTED_EDGE('',*,*,#4363,.F.);
#2909=ORIENTED_EDGE('',*,*,#4380,.T.);
#2910=ORIENTED_EDGE('',*,*,#4365,.F.);
#2911=ORIENTED_EDGE('',*,*,#4368,.F.);
#2912=ORIENTED_EDGE('',*,*,#4370,.F.);
#2913=ORIENTED_EDGE('',*,*,#4372,.F.);
#2914=ORIENTED_EDGE('',*,*,#4381,.F.);
#2915=ORIENTED_EDGE('',*,*,#3744,.F.);
#2916=ORIENTED_EDGE('',*,*,#4344,.F.);
#2917=ORIENTED_EDGE('',*,*,#4346,.F.);
#2918=ORIENTED_EDGE('',*,*,#4382,.F.);
#2919=ORIENTED_EDGE('',*,*,#3740,.F.);
#2920=ORIENTED_EDGE('',*,*,#4325,.F.);
#2921=ORIENTED_EDGE('',*,*,#4327,.F.);
#2922=ORIENTED_EDGE('',*,*,#4329,.F.);
#2923=ORIENTED_EDGE('',*,*,#4374,.F.);
#2924=ORIENTED_EDGE('',*,*,#3380,.F.);
#2925=ORIENTED_EDGE('',*,*,#4383,.F.);
#2926=ORIENTED_EDGE('',*,*,#3321,.T.);
#2927=ORIENTED_EDGE('',*,*,#4384,.T.);
#2928=ORIENTED_EDGE('',*,*,#3379,.F.);
#2929=ORIENTED_EDGE('',*,*,#4385,.F.);
#2930=ORIENTED_EDGE('',*,*,#3322,.T.);
#2931=ORIENTED_EDGE('',*,*,#4383,.T.);
#2932=ORIENTED_EDGE('',*,*,#4386,.F.);
#2933=ORIENTED_EDGE('',*,*,#3323,.T.);
#2934=ORIENTED_EDGE('',*,*,#4385,.T.);
#2935=ORIENTED_EDGE('',*,*,#3378,.F.);
#2936=ORIENTED_EDGE('',*,*,#3392,.F.);
#2937=ORIENTED_EDGE('',*,*,#4387,.F.);
#2938=ORIENTED_EDGE('',*,*,#3329,.T.);
#2939=ORIENTED_EDGE('',*,*,#3301,.T.);
#2940=ORIENTED_EDGE('',*,*,#4388,.F.);
#2941=ORIENTED_EDGE('',*,*,#3330,.T.);
#2942=ORIENTED_EDGE('',*,*,#4387,.T.);
#2943=ORIENTED_EDGE('',*,*,#3391,.F.);
#2944=ORIENTED_EDGE('',*,*,#3388,.F.);
#2945=ORIENTED_EDGE('',*,*,#4389,.F.);
#2946=ORIENTED_EDGE('',*,*,#3333,.T.);
#2947=ORIENTED_EDGE('',*,*,#3309,.T.);
#2948=ORIENTED_EDGE('',*,*,#3387,.F.);
#2949=ORIENTED_EDGE('',*,*,#4390,.F.);
#2950=ORIENTED_EDGE('',*,*,#3334,.T.);
#2951=ORIENTED_EDGE('',*,*,#4389,.T.);
#2952=ORIENTED_EDGE('',*,*,#3386,.F.);
#2953=ORIENTED_EDGE('',*,*,#4391,.F.);
#2954=ORIENTED_EDGE('',*,*,#3335,.T.);
#2955=ORIENTED_EDGE('',*,*,#4390,.T.);
#2956=ORIENTED_EDGE('',*,*,#4392,.F.);
#2957=ORIENTED_EDGE('',*,*,#3336,.T.);
#2958=ORIENTED_EDGE('',*,*,#4391,.T.);
#2959=ORIENTED_EDGE('',*,*,#3385,.F.);
#2960=ORIENTED_EDGE('',*,*,#3382,.F.);
#2961=ORIENTED_EDGE('',*,*,#4393,.F.);
#2962=ORIENTED_EDGE('',*,*,#3319,.T.);
#2963=ORIENTED_EDGE('',*,*,#3317,.T.);
#2964=ORIENTED_EDGE('',*,*,#3381,.F.);
#2965=ORIENTED_EDGE('',*,*,#4384,.F.);
#2966=ORIENTED_EDGE('',*,*,#3320,.T.);
#2967=ORIENTED_EDGE('',*,*,#4393,.T.);
#2968=ORIENTED_EDGE('',*,*,#4394,.F.);
#2969=ORIENTED_EDGE('',*,*,#4395,.F.);
#2970=ORIENTED_EDGE('',*,*,#4396,.T.);
#2971=ORIENTED_EDGE('',*,*,#4397,.T.);
#2972=ORIENTED_EDGE('',*,*,#4398,.F.);
#2973=ORIENTED_EDGE('',*,*,#4399,.F.);
#2974=ORIENTED_EDGE('',*,*,#4400,.T.);
#2975=ORIENTED_EDGE('',*,*,#4395,.T.);
#2976=ORIENTED_EDGE('',*,*,#4401,.F.);
#2977=ORIENTED_EDGE('',*,*,#4402,.F.);
#2978=ORIENTED_EDGE('',*,*,#4403,.T.);
#2979=ORIENTED_EDGE('',*,*,#4399,.T.);
#2980=ORIENTED_EDGE('',*,*,#4404,.F.);
#2981=ORIENTED_EDGE('',*,*,#4405,.F.);
#2982=ORIENTED_EDGE('',*,*,#4406,.T.);
#2983=ORIENTED_EDGE('',*,*,#4402,.T.);
#2984=ORIENTED_EDGE('',*,*,#4407,.F.);
#2985=ORIENTED_EDGE('',*,*,#4408,.F.);
#2986=ORIENTED_EDGE('',*,*,#4409,.T.);
#2987=ORIENTED_EDGE('',*,*,#4405,.T.);
#2988=ORIENTED_EDGE('',*,*,#4410,.F.);
#2989=ORIENTED_EDGE('',*,*,#4411,.F.);
#2990=ORIENTED_EDGE('',*,*,#4412,.T.);
#2991=ORIENTED_EDGE('',*,*,#4408,.T.);
#2992=ORIENTED_EDGE('',*,*,#4413,.F.);
#2993=ORIENTED_EDGE('',*,*,#4414,.F.);
#2994=ORIENTED_EDGE('',*,*,#4415,.T.);
#2995=ORIENTED_EDGE('',*,*,#4411,.T.);
#2996=ORIENTED_EDGE('',*,*,#4416,.F.);
#2997=ORIENTED_EDGE('',*,*,#4417,.F.);
#2998=ORIENTED_EDGE('',*,*,#4418,.T.);
#2999=ORIENTED_EDGE('',*,*,#4414,.T.);
#3000=ORIENTED_EDGE('',*,*,#4419,.F.);
#3001=ORIENTED_EDGE('',*,*,#4420,.F.);
#3002=ORIENTED_EDGE('',*,*,#4421,.T.);
#3003=ORIENTED_EDGE('',*,*,#4417,.T.);
#3004=ORIENTED_EDGE('',*,*,#4422,.F.);
#3005=ORIENTED_EDGE('',*,*,#4423,.F.);
#3006=ORIENTED_EDGE('',*,*,#4424,.T.);
#3007=ORIENTED_EDGE('',*,*,#4420,.T.);
#3008=ORIENTED_EDGE('',*,*,#4425,.F.);
#3009=ORIENTED_EDGE('',*,*,#4426,.F.);
#3010=ORIENTED_EDGE('',*,*,#4427,.T.);
#3011=ORIENTED_EDGE('',*,*,#4423,.T.);
#3012=ORIENTED_EDGE('',*,*,#4428,.F.);
#3013=ORIENTED_EDGE('',*,*,#4429,.F.);
#3014=ORIENTED_EDGE('',*,*,#4430,.T.);
#3015=ORIENTED_EDGE('',*,*,#4426,.T.);
#3016=ORIENTED_EDGE('',*,*,#4431,.F.);
#3017=ORIENTED_EDGE('',*,*,#4432,.F.);
#3018=ORIENTED_EDGE('',*,*,#4433,.T.);
#3019=ORIENTED_EDGE('',*,*,#4429,.T.);
#3020=ORIENTED_EDGE('',*,*,#3680,.F.);
#3021=ORIENTED_EDGE('',*,*,#4434,.F.);
#3022=ORIENTED_EDGE('',*,*,#4435,.T.);
#3023=ORIENTED_EDGE('',*,*,#4436,.T.);
#3024=ORIENTED_EDGE('',*,*,#3679,.F.);
#3025=ORIENTED_EDGE('',*,*,#4437,.F.);
#3026=ORIENTED_EDGE('',*,*,#4438,.T.);
#3027=ORIENTED_EDGE('',*,*,#4434,.T.);
#3028=ORIENTED_EDGE('',*,*,#3696,.F.);
#3029=ORIENTED_EDGE('',*,*,#4439,.F.);
#3030=ORIENTED_EDGE('',*,*,#4440,.T.);
#3031=ORIENTED_EDGE('',*,*,#4437,.T.);
#3032=ORIENTED_EDGE('',*,*,#3695,.F.);
#3033=ORIENTED_EDGE('',*,*,#4441,.F.);
#3034=ORIENTED_EDGE('',*,*,#4442,.T.);
#3035=ORIENTED_EDGE('',*,*,#4439,.T.);
#3036=ORIENTED_EDGE('',*,*,#3694,.F.);
#3037=ORIENTED_EDGE('',*,*,#4443,.F.);
#3038=ORIENTED_EDGE('',*,*,#4444,.T.);
#3039=ORIENTED_EDGE('',*,*,#4441,.T.);
#3040=ORIENTED_EDGE('',*,*,#3693,.F.);
#3041=ORIENTED_EDGE('',*,*,#4445,.F.);
#3042=ORIENTED_EDGE('',*,*,#4446,.T.);
#3043=ORIENTED_EDGE('',*,*,#4443,.T.);
#3044=ORIENTED_EDGE('',*,*,#3692,.F.);
#3045=ORIENTED_EDGE('',*,*,#4447,.F.);
#3046=ORIENTED_EDGE('',*,*,#4448,.T.);
#3047=ORIENTED_EDGE('',*,*,#4445,.T.);
#3048=ORIENTED_EDGE('',*,*,#3691,.F.);
#3049=ORIENTED_EDGE('',*,*,#4449,.F.);
#3050=ORIENTED_EDGE('',*,*,#4450,.T.);
#3051=ORIENTED_EDGE('',*,*,#4447,.T.);
#3052=ORIENTED_EDGE('',*,*,#3690,.F.);
#3053=ORIENTED_EDGE('',*,*,#4451,.F.);
#3054=ORIENTED_EDGE('',*,*,#4452,.T.);
#3055=ORIENTED_EDGE('',*,*,#4449,.T.);
#3056=ORIENTED_EDGE('',*,*,#3689,.F.);
#3057=ORIENTED_EDGE('',*,*,#4453,.F.);
#3058=ORIENTED_EDGE('',*,*,#4454,.T.);
#3059=ORIENTED_EDGE('',*,*,#4451,.T.);
#3060=ORIENTED_EDGE('',*,*,#3688,.F.);
#3061=ORIENTED_EDGE('',*,*,#4455,.F.);
#3062=ORIENTED_EDGE('',*,*,#4456,.T.);
#3063=ORIENTED_EDGE('',*,*,#4453,.T.);
#3064=ORIENTED_EDGE('',*,*,#3687,.F.);
#3065=ORIENTED_EDGE('',*,*,#4457,.F.);
#3066=ORIENTED_EDGE('',*,*,#4458,.T.);
#3067=ORIENTED_EDGE('',*,*,#4455,.T.);
#3068=ORIENTED_EDGE('',*,*,#3686,.F.);
#3069=ORIENTED_EDGE('',*,*,#4459,.F.);
#3070=ORIENTED_EDGE('',*,*,#4460,.T.);
#3071=ORIENTED_EDGE('',*,*,#4457,.T.);
#3072=ORIENTED_EDGE('',*,*,#3685,.F.);
#3073=ORIENTED_EDGE('',*,*,#4461,.F.);
#3074=ORIENTED_EDGE('',*,*,#4462,.T.);
#3075=ORIENTED_EDGE('',*,*,#4459,.T.);
#3076=ORIENTED_EDGE('',*,*,#3684,.F.);
#3077=ORIENTED_EDGE('',*,*,#4463,.F.);
#3078=ORIENTED_EDGE('',*,*,#4464,.T.);
#3079=ORIENTED_EDGE('',*,*,#4461,.T.);
#3080=ORIENTED_EDGE('',*,*,#3683,.F.);
#3081=ORIENTED_EDGE('',*,*,#4465,.F.);
#3082=ORIENTED_EDGE('',*,*,#4466,.T.);
#3083=ORIENTED_EDGE('',*,*,#4463,.T.);
#3084=ORIENTED_EDGE('',*,*,#3682,.F.);
#3085=ORIENTED_EDGE('',*,*,#4467,.F.);
#3086=ORIENTED_EDGE('',*,*,#4468,.T.);
#3087=ORIENTED_EDGE('',*,*,#4465,.T.);
#3088=ORIENTED_EDGE('',*,*,#3681,.F.);
#3089=ORIENTED_EDGE('',*,*,#4436,.F.);
#3090=ORIENTED_EDGE('',*,*,#4469,.T.);
#3091=ORIENTED_EDGE('',*,*,#4467,.T.);
#3092=ORIENTED_EDGE('',*,*,#4470,.F.);
#3093=ORIENTED_EDGE('',*,*,#4397,.F.);
#3094=ORIENTED_EDGE('',*,*,#4471,.T.);
#3095=ORIENTED_EDGE('',*,*,#4432,.T.);
#3096=ORIENTED_EDGE('',*,*,#4435,.F.);
#3097=ORIENTED_EDGE('',*,*,#4438,.F.);
#3098=ORIENTED_EDGE('',*,*,#4440,.F.);
#3099=ORIENTED_EDGE('',*,*,#4442,.F.);
#3100=ORIENTED_EDGE('',*,*,#4444,.F.);
#3101=ORIENTED_EDGE('',*,*,#4446,.F.);
#3102=ORIENTED_EDGE('',*,*,#4448,.F.);
#3103=ORIENTED_EDGE('',*,*,#4450,.F.);
#3104=ORIENTED_EDGE('',*,*,#4452,.F.);
#3105=ORIENTED_EDGE('',*,*,#4454,.F.);
#3106=ORIENTED_EDGE('',*,*,#4456,.F.);
#3107=ORIENTED_EDGE('',*,*,#4458,.F.);
#3108=ORIENTED_EDGE('',*,*,#4460,.F.);
#3109=ORIENTED_EDGE('',*,*,#4462,.F.);
#3110=ORIENTED_EDGE('',*,*,#4464,.F.);
#3111=ORIENTED_EDGE('',*,*,#4466,.F.);
#3112=ORIENTED_EDGE('',*,*,#4468,.F.);
#3113=ORIENTED_EDGE('',*,*,#4469,.F.);
#3114=ORIENTED_EDGE('',*,*,#4396,.F.);
#3115=ORIENTED_EDGE('',*,*,#4400,.F.);
#3116=ORIENTED_EDGE('',*,*,#4403,.F.);
#3117=ORIENTED_EDGE('',*,*,#4406,.F.);
#3118=ORIENTED_EDGE('',*,*,#4409,.F.);
#3119=ORIENTED_EDGE('',*,*,#4412,.F.);
#3120=ORIENTED_EDGE('',*,*,#4415,.F.);
#3121=ORIENTED_EDGE('',*,*,#4418,.F.);
#3122=ORIENTED_EDGE('',*,*,#4421,.F.);
#3123=ORIENTED_EDGE('',*,*,#4424,.F.);
#3124=ORIENTED_EDGE('',*,*,#4427,.F.);
#3125=ORIENTED_EDGE('',*,*,#4430,.F.);
#3126=ORIENTED_EDGE('',*,*,#4433,.F.);
#3127=ORIENTED_EDGE('',*,*,#4471,.F.);
#3128=ORIENTED_EDGE('',*,*,#3698,.F.);
#3129=ORIENTED_EDGE('',*,*,#4472,.F.);
#3130=ORIENTED_EDGE('',*,*,#3357,.T.);
#3131=ORIENTED_EDGE('',*,*,#3353,.T.);
#3132=ORIENTED_EDGE('',*,*,#3697,.F.);
#3133=ORIENTED_EDGE('',*,*,#4473,.F.);
#3134=ORIENTED_EDGE('',*,*,#3358,.T.);
#3135=ORIENTED_EDGE('',*,*,#4472,.T.);
#3136=ORIENTED_EDGE('',*,*,#3717,.F.);
#3137=ORIENTED_EDGE('',*,*,#4474,.F.);
#3138=ORIENTED_EDGE('',*,*,#3359,.T.);
#3139=ORIENTED_EDGE('',*,*,#4473,.T.);
#3140=ORIENTED_EDGE('',*,*,#3716,.F.);
#3141=ORIENTED_EDGE('',*,*,#4475,.F.);
#3142=ORIENTED_EDGE('',*,*,#3360,.T.);
#3143=ORIENTED_EDGE('',*,*,#4474,.T.);
#3144=ORIENTED_EDGE('',*,*,#3715,.F.);
#3145=ORIENTED_EDGE('',*,*,#4476,.F.);
#3146=ORIENTED_EDGE('',*,*,#3361,.T.);
#3147=ORIENTED_EDGE('',*,*,#4475,.T.);
#3148=ORIENTED_EDGE('',*,*,#3714,.F.);
#3149=ORIENTED_EDGE('',*,*,#4477,.F.);
#3150=ORIENTED_EDGE('',*,*,#3362,.T.);
#3151=ORIENTED_EDGE('',*,*,#4476,.T.);
#3152=ORIENTED_EDGE('',*,*,#3713,.F.);
#3153=ORIENTED_EDGE('',*,*,#4478,.F.);
#3154=ORIENTED_EDGE('',*,*,#3363,.T.);
#3155=ORIENTED_EDGE('',*,*,#4477,.T.);
#3156=ORIENTED_EDGE('',*,*,#4479,.F.);
#3157=ORIENTED_EDGE('',*,*,#3364,.T.);
#3158=ORIENTED_EDGE('',*,*,#4478,.T.);
#3159=ORIENTED_EDGE('',*,*,#3712,.F.);
#3160=ORIENTED_EDGE('',*,*,#3709,.F.);
#3161=ORIENTED_EDGE('',*,*,#4480,.F.);
#3162=ORIENTED_EDGE('',*,*,#3367,.T.);
#3163=ORIENTED_EDGE('',*,*,#3345,.T.);
#3164=ORIENTED_EDGE('',*,*,#3708,.F.);
#3165=ORIENTED_EDGE('',*,*,#4481,.F.);
#3166=ORIENTED_EDGE('',*,*,#3368,.T.);
#3167=ORIENTED_EDGE('',*,*,#4480,.T.);
#3168=ORIENTED_EDGE('',*,*,#3707,.F.);
#3169=ORIENTED_EDGE('',*,*,#4482,.F.);
#3170=ORIENTED_EDGE('',*,*,#3369,.T.);
#3171=ORIENTED_EDGE('',*,*,#4481,.T.);
#3172=ORIENTED_EDGE('',*,*,#3706,.F.);
#3173=ORIENTED_EDGE('',*,*,#4483,.F.);
#3174=ORIENTED_EDGE('',*,*,#3370,.T.);
#3175=ORIENTED_EDGE('',*,*,#4482,.T.);
#3176=ORIENTED_EDGE('',*,*,#3705,.F.);
#3177=ORIENTED_EDGE('',*,*,#4484,.F.);
#3178=ORIENTED_EDGE('',*,*,#3371,.T.);
#3179=ORIENTED_EDGE('',*,*,#4483,.T.);
#3180=ORIENTED_EDGE('',*,*,#3704,.F.);
#3181=ORIENTED_EDGE('',*,*,#4485,.F.);
#3182=ORIENTED_EDGE('',*,*,#3372,.T.);
#3183=ORIENTED_EDGE('',*,*,#4484,.T.);
#3184=ORIENTED_EDGE('',*,*,#3703,.F.);
#3185=ORIENTED_EDGE('',*,*,#4486,.F.);
#3186=ORIENTED_EDGE('',*,*,#3373,.T.);
#3187=ORIENTED_EDGE('',*,*,#4485,.T.);
#3188=ORIENTED_EDGE('',*,*,#3702,.F.);
#3189=ORIENTED_EDGE('',*,*,#4487,.F.);
#3190=ORIENTED_EDGE('',*,*,#3374,.T.);
#3191=ORIENTED_EDGE('',*,*,#4486,.T.);
#3192=ORIENTED_EDGE('',*,*,#4488,.F.);
#3193=ORIENTED_EDGE('',*,*,#3354,.T.);
#3194=ORIENTED_EDGE('',*,*,#4487,.T.);
#3195=ORIENTED_EDGE('',*,*,#3701,.F.);
#3196=ORIENTED_EDGE('',*,*,#4398,.T.);
#3197=ORIENTED_EDGE('',*,*,#4394,.T.);
#3198=ORIENTED_EDGE('',*,*,#4470,.T.);
#3199=ORIENTED_EDGE('',*,*,#4431,.T.);
#3200=ORIENTED_EDGE('',*,*,#4428,.T.);
#3201=ORIENTED_EDGE('',*,*,#4425,.T.);
#3202=ORIENTED_EDGE('',*,*,#4422,.T.);
#3203=ORIENTED_EDGE('',*,*,#4419,.T.);
#3204=ORIENTED_EDGE('',*,*,#4416,.T.);
#3205=ORIENTED_EDGE('',*,*,#4413,.T.);
#3206=ORIENTED_EDGE('',*,*,#4410,.T.);
#3207=ORIENTED_EDGE('',*,*,#4407,.T.);
#3208=ORIENTED_EDGE('',*,*,#4404,.T.);
#3209=ORIENTED_EDGE('',*,*,#4401,.T.);
#3210=ORIENTED_EDGE('',*,*,#3725,.F.);
#3211=ORIENTED_EDGE('',*,*,#4489,.F.);
#3212=ORIENTED_EDGE('',*,*,#4377,.T.);
#3213=ORIENTED_EDGE('',*,*,#4490,.T.);
#3214=ORIENTED_EDGE('',*,*,#3724,.T.);
#3215=ORIENTED_EDGE('',*,*,#4351,.F.);
#3216=ORIENTED_EDGE('',*,*,#4378,.F.);
#3217=ORIENTED_EDGE('',*,*,#4489,.T.);
#3218=ORIENTED_EDGE('',*,*,#3726,.F.);
#3219=ORIENTED_EDGE('',*,*,#4490,.F.);
#3220=ORIENTED_EDGE('',*,*,#4376,.T.);
#3221=ORIENTED_EDGE('',*,*,#4347,.T.);
#3222=ORIENTED_EDGE('',*,*,#3759,.F.);
#3223=ORIENTED_EDGE('',*,*,#3741,.F.);
#3224=ORIENTED_EDGE('',*,*,#4382,.T.);
#3225=ORIENTED_EDGE('',*,*,#4373,.T.);
#3226=ORIENTED_EDGE('',*,*,#3377,.F.);
#3227=ORIENTED_EDGE('',*,*,#3758,.F.);
#3228=ORIENTED_EDGE('',*,*,#3324,.T.);
#3229=ORIENTED_EDGE('',*,*,#4386,.T.);
#3230=ORIENTED_EDGE('',*,*,#3751,.F.);
#3231=ORIENTED_EDGE('',*,*,#4332,.F.);
#3232=ORIENTED_EDGE('',*,*,#4375,.T.);
#3233=ORIENTED_EDGE('',*,*,#4341,.T.);
#3234=ORIENTED_EDGE('',*,*,#3731,.F.);
#3235=ORIENTED_EDGE('',*,*,#3745,.F.);
#3236=ORIENTED_EDGE('',*,*,#4381,.T.);
#3237=ORIENTED_EDGE('',*,*,#4371,.T.);
#3238=ORIENTED_EDGE('',*,*,#3719,.F.);
#3239=ORIENTED_EDGE('',*,*,#3748,.F.);
#3240=ORIENTED_EDGE('',*,*,#4379,.T.);
#3241=ORIENTED_EDGE('',*,*,#4356,.T.);
#3242=ORIENTED_EDGE('',*,*,#3736,.T.);
#3243=ORIENTED_EDGE('',*,*,#4366,.F.);
#3244=ORIENTED_EDGE('',*,*,#4380,.F.);
#3245=ORIENTED_EDGE('',*,*,#4362,.T.);
#3246=ORIENTED_EDGE('',*,*,#3699,.T.);
#3247=ORIENTED_EDGE('',*,*,#3351,.F.);
#3248=ORIENTED_EDGE('',*,*,#3356,.F.);
#3249=ORIENTED_EDGE('',*,*,#3349,.T.);
#3250=ORIENTED_EDGE('',*,*,#3710,.T.);
#3251=ORIENTED_EDGE('',*,*,#3343,.F.);
#3252=ORIENTED_EDGE('',*,*,#3366,.F.);
#3253=ORIENTED_EDGE('',*,*,#3341,.T.);
#3254=ORIENTED_EDGE('',*,*,#3711,.T.);
#3255=ORIENTED_EDGE('',*,*,#3339,.F.);
#3256=ORIENTED_EDGE('',*,*,#3365,.F.);
#3257=ORIENTED_EDGE('',*,*,#4479,.T.);
#3258=ORIENTED_EDGE('',*,*,#3700,.T.);
#3259=ORIENTED_EDGE('',*,*,#3347,.F.);
#3260=ORIENTED_EDGE('',*,*,#3355,.F.);
#3261=ORIENTED_EDGE('',*,*,#4488,.T.);
#3262=ORIENTED_EDGE('',*,*,#3389,.T.);
#3263=ORIENTED_EDGE('',*,*,#3307,.F.);
#3264=ORIENTED_EDGE('',*,*,#3332,.F.);
#3265=ORIENTED_EDGE('',*,*,#3305,.T.);
#3266=ORIENTED_EDGE('',*,*,#3390,.T.);
#3267=ORIENTED_EDGE('',*,*,#3303,.F.);
#3268=ORIENTED_EDGE('',*,*,#3331,.F.);
#3269=ORIENTED_EDGE('',*,*,#4388,.T.);
#3270=ORIENTED_EDGE('',*,*,#3375,.T.);
#3271=ORIENTED_EDGE('',*,*,#3292,.F.);
#3272=ORIENTED_EDGE('',*,*,#3326,.F.);
#3273=ORIENTED_EDGE('',*,*,#3757,.T.);
#3274=ORIENTED_EDGE('',*,*,#3393,.F.);
#3275=ORIENTED_EDGE('',*,*,#3299,.F.);
#3276=ORIENTED_EDGE('',*,*,#3328,.T.);
#3277=ORIENTED_EDGE('',*,*,#3297,.T.);
#3278=ORIENTED_EDGE('',*,*,#3394,.T.);
#3279=ORIENTED_EDGE('',*,*,#3295,.F.);
#3280=ORIENTED_EDGE('',*,*,#3327,.F.);
#3281=ORIENTED_EDGE('',*,*,#3290,.T.);
#3282=ORIENTED_EDGE('',*,*,#3384,.T.);
#3283=ORIENTED_EDGE('',*,*,#3312,.F.);
#3284=ORIENTED_EDGE('',*,*,#3337,.F.);
#3285=ORIENTED_EDGE('',*,*,#4392,.T.);
#3286=ORIENTED_EDGE('',*,*,#3383,.T.);
#3287=ORIENTED_EDGE('',*,*,#3315,.F.);
#3288=ORIENTED_EDGE('',*,*,#3318,.F.);
#3289=ORIENTED_EDGE('',*,*,#3310,.T.);
#3290=EDGE_CURVE('',#4491,#4492,#5297,.T.);
#3291=EDGE_CURVE('',#4491,#4493,#5298,.T.);
#3292=EDGE_CURVE('',#4493,#4494,#5299,.T.);
#3293=EDGE_CURVE('',#4492,#4494,#5300,.T.);
#3294=EDGE_CURVE('',#4495,#4496,#5301,.T.);
#3295=EDGE_CURVE('',#4496,#4497,#5302,.T.);
#3296=EDGE_CURVE('',#4498,#4497,#5303,.T.);
#3297=EDGE_CURVE('',#4495,#4498,#5304,.T.);
#3298=EDGE_CURVE('',#4499,#4500,#5305,.T.);
#3299=EDGE_CURVE('',#4500,#4501,#5306,.T.);
#3300=EDGE_CURVE('',#4502,#4501,#5307,.T.);
#3301=EDGE_CURVE('',#4499,#4502,#5308,.T.);
#3302=EDGE_CURVE('',#4503,#4504,#5309,.T.);
#3303=EDGE_CURVE('',#4504,#4505,#5310,.T.);
#3304=EDGE_CURVE('',#4506,#4505,#5311,.T.);
#3305=EDGE_CURVE('',#4503,#4506,#5312,.T.);
#3306=EDGE_CURVE('',#4507,#4508,#5313,.T.);
#3307=EDGE_CURVE('',#4508,#4509,#5314,.T.);
#3308=EDGE_CURVE('',#4510,#4509,#5315,.T.);
#3309=EDGE_CURVE('',#4507,#4510,#5316,.T.);
#3310=EDGE_CURVE('',#4511,#4512,#5317,.T.);
#3311=EDGE_CURVE('',#4511,#4513,#5318,.T.);
#3312=EDGE_CURVE('',#4513,#4514,#5319,.T.);
#3313=EDGE_CURVE('',#4512,#4514,#5320,.T.);
#3314=EDGE_CURVE('',#4515,#4516,#666,.T.);
#3315=EDGE_CURVE('',#4516,#4517,#5321,.T.);
#3316=EDGE_CURVE('',#4518,#4517,#667,.T.);
#3317=EDGE_CURVE('',#4515,#4518,#5322,.T.);
#3318=EDGE_CURVE('',#4511,#4516,#230,.T.);
#3319=EDGE_CURVE('',#4519,#4515,#668,.T.);
#3320=EDGE_CURVE('',#4520,#4519,#669,.T.);
#3321=EDGE_CURVE('',#4521,#4520,#670,.T.);
#3322=EDGE_CURVE('',#4522,#4521,#671,.T.);
#3323=EDGE_CURVE('',#4523,#4522,#672,.T.);
#3324=EDGE_CURVE('',#4524,#4523,#231,.T.);
#3325=EDGE_CURVE('',#4525,#4524,#673,.T.);
#3326=EDGE_CURVE('',#4525,#4493,#232,.T.);
#3327=EDGE_CURVE('',#4491,#4496,#233,.T.);
#3328=EDGE_CURVE('',#4500,#4495,#234,.T.);
#3329=EDGE_CURVE('',#4526,#4499,#674,.T.);
#3330=EDGE_CURVE('',#4527,#4526,#235,.T.);
#3331=EDGE_CURVE('',#4527,#4504,#236,.T.);
#3332=EDGE_CURVE('',#4503,#4508,#237,.T.);
#3333=EDGE_CURVE('',#4528,#4507,#675,.T.);
#3334=EDGE_CURVE('',#4529,#4528,#676,.T.);
#3335=EDGE_CURVE('',#4530,#4529,#677,.T.);
#3336=EDGE_CURVE('',#4531,#4530,#678,.T.);
#3337=EDGE_CURVE('',#4531,#4513,#238,.T.);
#3338=EDGE_CURVE('',#4532,#4533,#5323,.T.);
#3339=EDGE_CURVE('',#4533,#4534,#5324,.T.);
#3340=EDGE_CURVE('',#4535,#4534,#5325,.T.);
#3341=EDGE_CURVE('',#4532,#4535,#5326,.T.);
#3342=EDGE_CURVE('',#4536,#4537,#5327,.T.);
#3343=EDGE_CURVE('',#4537,#4538,#5328,.T.);
#3344=EDGE_CURVE('',#4539,#4538,#5329,.T.);
#3345=EDGE_CURVE('',#4536,#4539,#5330,.T.);
#3346=EDGE_CURVE('',#4540,#4541,#5331,.T.);
#3347=EDGE_CURVE('',#4541,#4542,#5332,.T.);
#3348=EDGE_CURVE('',#4543,#4542,#5333,.T.);
#3349=EDGE_CURVE('',#4540,#4543,#5334,.T.);
#3350=EDGE_CURVE('',#4544,#4545,#679,.T.);
#3351=EDGE_CURVE('',#4545,#4546,#5335,.T.);
#3352=EDGE_CURVE('',#4547,#4546,#680,.T.);
#3353=EDGE_CURVE('',#4544,#4547,#5336,.T.);
#3354=EDGE_CURVE('',#4548,#4549,#239,.T.);
#3355=EDGE_CURVE('',#4548,#4541,#240,.T.);
#3356=EDGE_CURVE('',#4540,#4545,#241,.T.);
#3357=EDGE_CURVE('',#4550,#4544,#681,.T.);
#3358=EDGE_CURVE('',#4551,#4550,#682,.T.);
#3359=EDGE_CURVE('',#4552,#4551,#683,.T.);
#3360=EDGE_CURVE('',#4553,#4552,#684,.T.);
#3361=EDGE_CURVE('',#4554,#4553,#685,.T.);
#3362=EDGE_CURVE('',#4555,#4554,#686,.T.);
#3363=EDGE_CURVE('',#4556,#4555,#687,.T.);
#3364=EDGE_CURVE('',#4557,#4556,#5337,.T.);
#3365=EDGE_CURVE('',#4557,#4533,#242,.T.);
#3366=EDGE_CURVE('',#4532,#4537,#243,.T.);
#3367=EDGE_CURVE('',#4558,#4536,#688,.T.);
#3368=EDGE_CURVE('',#4559,#4558,#689,.T.);
#3369=EDGE_CURVE('',#4560,#4559,#690,.T.);
#3370=EDGE_CURVE('',#4561,#4560,#691,.T.);
#3371=EDGE_CURVE('',#4562,#4561,#692,.T.);
#3372=EDGE_CURVE('',#4563,#4562,#693,.T.);
#3373=EDGE_CURVE('',#4564,#4563,#694,.T.);
#3374=EDGE_CURVE('',#4549,#4564,#695,.T.);
#3375=EDGE_CURVE('',#4565,#4494,#244,.T.);
#3376=EDGE_CURVE('',#4565,#4566,#696,.T.);
#3377=EDGE_CURVE('',#4566,#4567,#245,.T.);
#3378=EDGE_CURVE('',#4567,#4568,#697,.T.);
#3379=EDGE_CURVE('',#4568,#4569,#698,.T.);
#3380=EDGE_CURVE('',#4569,#4570,#699,.T.);
#3381=EDGE_CURVE('',#4570,#4571,#700,.T.);
#3382=EDGE_CURVE('',#4571,#4518,#701,.T.);
#3383=EDGE_CURVE('',#4512,#4517,#246,.T.);
#3384=EDGE_CURVE('',#4572,#4514,#247,.T.);
#3385=EDGE_CURVE('',#4572,#4573,#702,.T.);
#3386=EDGE_CURVE('',#4573,#4574,#703,.T.);
#3387=EDGE_CURVE('',#4574,#4575,#704,.T.);
#3388=EDGE_CURVE('',#4575,#4510,#705,.T.);
#3389=EDGE_CURVE('',#4506,#4509,#248,.T.);
#3390=EDGE_CURVE('',#4576,#4505,#249,.T.);
#3391=EDGE_CURVE('',#4576,#4577,#250,.T.);
#3392=EDGE_CURVE('',#4577,#4502,#706,.T.);
#3393=EDGE_CURVE('',#4501,#4498,#251,.T.);
#3394=EDGE_CURVE('',#4492,#4497,#252,.T.);
#3395=EDGE_CURVE('',#4578,#4579,#253,.T.);
#3396=EDGE_CURVE('',#4579,#4580,#5338,.T.);
#3397=EDGE_CURVE('',#4581,#4580,#5339,.T.);
#3398=EDGE_CURVE('',#4581,#4582,#5340,.T.);
#3399=EDGE_CURVE('',#4583,#4582,#254,.T.);
#3400=EDGE_CURVE('',#4584,#4583,#5341,.T.);
#3401=EDGE_CURVE('',#4585,#4584,#255,.F.);
#3402=EDGE_CURVE('',#4586,#4585,#5342,.T.);
#3403=EDGE_CURVE('',#4587,#4586,#256,.F.);
#3404=EDGE_CURVE('',#4587,#4588,#5343,.T.);
#3405=EDGE_CURVE('',#4588,#4589,#257,.T.);
#3406=EDGE_CURVE('',#4590,#4589,#258,.T.);
#3407=EDGE_CURVE('',#4591,#4590,#259,.F.);
#3408=EDGE_CURVE('',#4592,#4591,#5344,.T.);
#3409=EDGE_CURVE('',#4593,#4592,#260,.F.);
#3410=EDGE_CURVE('',#4593,#4594,#5345,.T.);
#3411=EDGE_CURVE('',#4594,#4595,#261,.T.);
#3412=EDGE_CURVE('',#4596,#4595,#262,.T.);
#3413=EDGE_CURVE('',#4597,#4596,#263,.F.);
#3414=EDGE_CURVE('',#4598,#4597,#5346,.T.);
#3415=EDGE_CURVE('',#4599,#4598,#264,.F.);
#3416=EDGE_CURVE('',#4599,#4600,#5347,.T.);
#3417=EDGE_CURVE('',#4600,#4601,#265,.T.);
#3418=EDGE_CURVE('',#4602,#4601,#266,.T.);
#3419=EDGE_CURVE('',#4603,#4602,#267,.F.);
#3420=EDGE_CURVE('',#4604,#4603,#5348,.T.);
#3421=EDGE_CURVE('',#4605,#4604,#268,.F.);
#3422=EDGE_CURVE('',#4605,#4606,#5349,.T.);
#3423=EDGE_CURVE('',#4606,#4607,#269,.T.);
#3424=EDGE_CURVE('',#4608,#4607,#270,.T.);
#3425=EDGE_CURVE('',#4609,#4608,#271,.F.);
#3426=EDGE_CURVE('',#4610,#4609,#5350,.T.);
#3427=EDGE_CURVE('',#4611,#4610,#272,.F.);
#3428=EDGE_CURVE('',#4611,#4612,#5351,.T.);
#3429=EDGE_CURVE('',#4612,#4613,#273,.T.);
#3430=EDGE_CURVE('',#4614,#4613,#274,.T.);
#3431=EDGE_CURVE('',#4615,#4614,#275,.F.);
#3432=EDGE_CURVE('',#4616,#4615,#5352,.T.);
#3433=EDGE_CURVE('',#4617,#4616,#276,.F.);
#3434=EDGE_CURVE('',#4617,#4618,#5353,.T.);
#3435=EDGE_CURVE('',#4618,#4619,#277,.T.);
#3436=EDGE_CURVE('',#4620,#4619,#278,.T.);
#3437=EDGE_CURVE('',#4621,#4620,#279,.F.);
#3438=EDGE_CURVE('',#4622,#4621,#5354,.T.);
#3439=EDGE_CURVE('',#4623,#4622,#280,.F.);
#3440=EDGE_CURVE('',#4623,#4624,#5355,.T.);
#3441=EDGE_CURVE('',#4624,#4625,#281,.T.);
#3442=EDGE_CURVE('',#4626,#4625,#282,.T.);
#3443=EDGE_CURVE('',#4627,#4626,#283,.F.);
#3444=EDGE_CURVE('',#4628,#4627,#5356,.T.);
#3445=EDGE_CURVE('',#4629,#4628,#284,.F.);
#3446=EDGE_CURVE('',#4629,#4630,#5357,.T.);
#3447=EDGE_CURVE('',#4630,#4631,#285,.T.);
#3448=EDGE_CURVE('',#4632,#4631,#286,.T.);
#3449=EDGE_CURVE('',#4633,#4632,#287,.F.);
#3450=EDGE_CURVE('',#4634,#4633,#5358,.T.);
#3451=EDGE_CURVE('',#4635,#4634,#288,.F.);
#3452=EDGE_CURVE('',#4635,#4636,#5359,.T.);
#3453=EDGE_CURVE('',#4636,#4637,#289,.T.);
#3454=EDGE_CURVE('',#4638,#4637,#290,.T.);
#3455=EDGE_CURVE('',#4639,#4638,#291,.F.);
#3456=EDGE_CURVE('',#4640,#4639,#5360,.T.);
#3457=EDGE_CURVE('',#4641,#4640,#292,.F.);
#3458=EDGE_CURVE('',#4641,#4642,#5361,.T.);
#3459=EDGE_CURVE('',#4642,#4643,#293,.T.);
#3460=EDGE_CURVE('',#4644,#4643,#294,.T.);
#3461=EDGE_CURVE('',#4645,#4644,#295,.F.);
#3462=EDGE_CURVE('',#4646,#4645,#5362,.T.);
#3463=EDGE_CURVE('',#4647,#4646,#296,.F.);
#3464=EDGE_CURVE('',#4647,#4648,#5363,.T.);
#3465=EDGE_CURVE('',#4648,#4649,#297,.T.);
#3466=EDGE_CURVE('',#4650,#4649,#298,.T.);
#3467=EDGE_CURVE('',#4651,#4650,#299,.F.);
#3468=EDGE_CURVE('',#4652,#4651,#5364,.T.);
#3469=EDGE_CURVE('',#4653,#4652,#300,.F.);
#3470=EDGE_CURVE('',#4653,#4654,#5365,.T.);
#3471=EDGE_CURVE('',#4654,#4655,#301,.T.);
#3472=EDGE_CURVE('',#4656,#4655,#302,.T.);
#3473=EDGE_CURVE('',#4657,#4656,#303,.F.);
#3474=EDGE_CURVE('',#4658,#4657,#5366,.T.);
#3475=EDGE_CURVE('',#4659,#4658,#304,.F.);
#3476=EDGE_CURVE('',#4659,#4660,#5367,.T.);
#3477=EDGE_CURVE('',#4660,#4661,#305,.T.);
#3478=EDGE_CURVE('',#4662,#4661,#306,.T.);
#3479=EDGE_CURVE('',#4663,#4662,#307,.F.);
#3480=EDGE_CURVE('',#4664,#4663,#5368,.T.);
#3481=EDGE_CURVE('',#4665,#4664,#308,.F.);
#3482=EDGE_CURVE('',#4665,#4666,#5369,.T.);
#3483=EDGE_CURVE('',#4666,#4667,#309,.T.);
#3484=EDGE_CURVE('',#4668,#4667,#310,.T.);
#3485=EDGE_CURVE('',#4669,#4668,#311,.F.);
#3486=EDGE_CURVE('',#4670,#4669,#5370,.T.);
#3487=EDGE_CURVE('',#4671,#4670,#312,.F.);
#3488=EDGE_CURVE('',#4671,#4672,#5371,.T.);
#3489=EDGE_CURVE('',#4672,#4673,#313,.T.);
#3490=EDGE_CURVE('',#4674,#4673,#314,.T.);
#3491=EDGE_CURVE('',#4675,#4674,#315,.F.);
#3492=EDGE_CURVE('',#4676,#4675,#5372,.T.);
#3493=EDGE_CURVE('',#4677,#4676,#316,.F.);
#3494=EDGE_CURVE('',#4677,#4678,#5373,.T.);
#3495=EDGE_CURVE('',#4678,#4679,#317,.T.);
#3496=EDGE_CURVE('',#4680,#4679,#318,.T.);
#3497=EDGE_CURVE('',#4681,#4680,#319,.F.);
#3498=EDGE_CURVE('',#4682,#4681,#5374,.T.);
#3499=EDGE_CURVE('',#4683,#4682,#320,.F.);
#3500=EDGE_CURVE('',#4683,#4684,#5375,.T.);
#3501=EDGE_CURVE('',#4684,#4685,#321,.T.);
#3502=EDGE_CURVE('',#4686,#4685,#322,.T.);
#3503=EDGE_CURVE('',#4687,#4686,#323,.F.);
#3504=EDGE_CURVE('',#4688,#4687,#5376,.T.);
#3505=EDGE_CURVE('',#4689,#4688,#324,.F.);
#3506=EDGE_CURVE('',#4689,#4690,#5377,.T.);
#3507=EDGE_CURVE('',#4690,#4691,#325,.T.);
#3508=EDGE_CURVE('',#4692,#4691,#326,.T.);
#3509=EDGE_CURVE('',#4693,#4692,#327,.F.);
#3510=EDGE_CURVE('',#4694,#4693,#5378,.T.);
#3511=EDGE_CURVE('',#4695,#4694,#328,.F.);
#3512=EDGE_CURVE('',#4695,#4696,#5379,.T.);
#3513=EDGE_CURVE('',#4696,#4697,#329,.T.);
#3514=EDGE_CURVE('',#4698,#4697,#330,.T.);
#3515=EDGE_CURVE('',#4699,#4698,#331,.F.);
#3516=EDGE_CURVE('',#4700,#4699,#5380,.T.);
#3517=EDGE_CURVE('',#4701,#4700,#332,.F.);
#3518=EDGE_CURVE('',#4701,#4702,#5381,.T.);
#3519=EDGE_CURVE('',#4702,#4703,#333,.T.);
#3520=EDGE_CURVE('',#4704,#4703,#334,.T.);
#3521=EDGE_CURVE('',#4705,#4704,#335,.F.);
#3522=EDGE_CURVE('',#4706,#4705,#5382,.T.);
#3523=EDGE_CURVE('',#4707,#4706,#336,.F.);
#3524=EDGE_CURVE('',#4707,#4708,#5383,.T.);
#3525=EDGE_CURVE('',#4708,#4709,#337,.T.);
#3526=EDGE_CURVE('',#4710,#4709,#338,.T.);
#3527=EDGE_CURVE('',#4711,#4710,#339,.F.);
#3528=EDGE_CURVE('',#4712,#4711,#5384,.T.);
#3529=EDGE_CURVE('',#4713,#4712,#340,.F.);
#3530=EDGE_CURVE('',#4713,#4714,#5385,.T.);
#3531=EDGE_CURVE('',#4714,#4715,#341,.T.);
#3532=EDGE_CURVE('',#4716,#4715,#342,.T.);
#3533=EDGE_CURVE('',#4717,#4716,#343,.F.);
#3534=EDGE_CURVE('',#4718,#4717,#5386,.T.);
#3535=EDGE_CURVE('',#4719,#4718,#344,.F.);
#3536=EDGE_CURVE('',#4719,#4720,#5387,.T.);
#3537=EDGE_CURVE('',#4720,#4721,#345,.T.);
#3538=EDGE_CURVE('',#4722,#4721,#346,.T.);
#3539=EDGE_CURVE('',#4723,#4722,#347,.F.);
#3540=EDGE_CURVE('',#4724,#4723,#5388,.T.);
#3541=EDGE_CURVE('',#4725,#4724,#348,.F.);
#3542=EDGE_CURVE('',#4725,#4726,#5389,.T.);
#3543=EDGE_CURVE('',#4726,#4727,#349,.T.);
#3544=EDGE_CURVE('',#4728,#4727,#350,.T.);
#3545=EDGE_CURVE('',#4729,#4728,#351,.F.);
#3546=EDGE_CURVE('',#4730,#4729,#5390,.T.);
#3547=EDGE_CURVE('',#4730,#4731,#5391,.T.);
#3548=EDGE_CURVE('',#4732,#4731,#352,.T.);
#3549=EDGE_CURVE('',#4732,#4578,#5392,.T.);
#3550=EDGE_CURVE('',#4733,#4734,#353,.T.);
#3551=EDGE_CURVE('',#4734,#4735,#5393,.T.);
#3552=EDGE_CURVE('',#4735,#4736,#354,.T.);
#3553=EDGE_CURVE('',#4736,#4737,#355,.T.);
#3554=EDGE_CURVE('',#4737,#4738,#5394,.T.);
#3555=EDGE_CURVE('',#4738,#4739,#356,.T.);
#3556=EDGE_CURVE('',#4739,#4733,#5395,.T.);
#3557=EDGE_CURVE('',#4740,#4741,#5396,.T.);
#3558=EDGE_CURVE('',#4741,#4742,#357,.T.);
#3559=EDGE_CURVE('',#4742,#4743,#5397,.T.);
#3560=EDGE_CURVE('',#4743,#4744,#358,.T.);
#3561=EDGE_CURVE('',#4745,#4744,#359,.T.);
#3562=EDGE_CURVE('',#4745,#4746,#360,.T.);
#3563=EDGE_CURVE('',#4747,#4746,#5398,.T.);
#3564=EDGE_CURVE('',#4747,#4748,#361,.T.);
#3565=EDGE_CURVE('',#4749,#4748,#5399,.T.);
#3566=EDGE_CURVE('',#4749,#4750,#362,.T.);
#3567=EDGE_CURVE('',#4751,#4750,#5400,.T.);
#3568=EDGE_CURVE('',#4751,#4752,#363,.T.);
#3569=EDGE_CURVE('',#4752,#4753,#5401,.T.);
#3570=EDGE_CURVE('',#4753,#4740,#364,.T.);
#3571=EDGE_CURVE('',#4754,#4755,#365,.T.);
#3572=EDGE_CURVE('',#4755,#4756,#366,.T.);
#3573=EDGE_CURVE('',#4756,#4757,#367,.T.);
#3574=EDGE_CURVE('',#4757,#4758,#5402,.T.);
#3575=EDGE_CURVE('',#4758,#4759,#368,.T.);
#3576=EDGE_CURVE('',#4759,#4760,#5403,.T.);
#3577=EDGE_CURVE('',#4760,#4761,#369,.T.);
#3578=EDGE_CURVE('',#4762,#4761,#5404,.T.);
#3579=EDGE_CURVE('',#4762,#4763,#370,.T.);
#3580=EDGE_CURVE('',#4764,#4763,#5405,.T.);
#3581=EDGE_CURVE('',#4764,#4765,#371,.T.);
#3582=EDGE_CURVE('',#4754,#4765,#372,.T.);
#3583=EDGE_CURVE('',#4766,#4767,#373,.T.);
#3584=EDGE_CURVE('',#4768,#4767,#5406,.T.);
#3585=EDGE_CURVE('',#4768,#4769,#374,.T.);
#3586=EDGE_CURVE('',#4769,#4770,#375,.T.);
#3587=EDGE_CURVE('',#4770,#4771,#5407,.T.);
#3588=EDGE_CURVE('',#4771,#4772,#376,.T.);
#3589=EDGE_CURVE('',#4772,#4766,#5408,.T.);
#3590=EDGE_CURVE('',#4773,#4774,#377,.T.);
#3591=EDGE_CURVE('',#4774,#4775,#5409,.T.);
#3592=EDGE_CURVE('',#4775,#4776,#378,.T.);
#3593=EDGE_CURVE('',#4776,#4777,#379,.T.);
#3594=EDGE_CURVE('',#4777,#4778,#380,.T.);
#3595=EDGE_CURVE('',#4779,#4778,#5410,.T.);
#3596=EDGE_CURVE('',#4779,#4780,#381,.T.);
#3597=EDGE_CURVE('',#4780,#4781,#5411,.T.);
#3598=EDGE_CURVE('',#4781,#4782,#382,.T.);
#3599=EDGE_CURVE('',#4782,#4783,#5412,.T.);
#3600=EDGE_CURVE('',#4783,#4784,#383,.T.);
#3601=EDGE_CURVE('',#4784,#4773,#5413,.T.);
#3602=EDGE_CURVE('',#4785,#4785,#384,.T.);
#3603=EDGE_CURVE('',#4786,#4786,#385,.T.);
#3604=EDGE_CURVE('',#4787,#4787,#386,.T.);
#3605=EDGE_CURVE('',#4788,#4788,#387,.T.);
#3606=EDGE_CURVE('',#4789,#4789,#388,.T.);
#3607=EDGE_CURVE('',#4790,#4790,#389,.T.);
#3608=EDGE_CURVE('',#4791,#4791,#390,.T.);
#3609=EDGE_CURVE('',#4792,#4792,#391,.T.);
#3610=EDGE_CURVE('',#4793,#4794,#392,.T.);
#3611=EDGE_CURVE('',#4794,#4795,#393,.T.);
#3612=EDGE_CURVE('',#4795,#4796,#394,.T.);
#3613=EDGE_CURVE('',#4796,#4797,#5414,.T.);
#3614=EDGE_CURVE('',#4797,#4798,#395,.T.);
#3615=EDGE_CURVE('',#4799,#4798,#396,.T.);
#3616=EDGE_CURVE('',#4799,#4800,#397,.T.);
#3617=EDGE_CURVE('',#4801,#4800,#5415,.T.);
#3618=EDGE_CURVE('',#4801,#4802,#398,.T.);
#3619=EDGE_CURVE('',#4802,#4803,#5416,.T.);
#3620=EDGE_CURVE('',#4803,#4804,#399,.T.);
#3621=EDGE_CURVE('',#4804,#4805,#400,.T.);
#3622=EDGE_CURVE('',#4805,#4806,#401,.T.);
#3623=EDGE_CURVE('',#4793,#4806,#402,.T.);
#3624=EDGE_CURVE('',#4807,#4808,#403,.T.);
#3625=EDGE_CURVE('',#4807,#4809,#404,.T.);
#3626=EDGE_CURVE('',#4810,#4809,#5417,.T.);
#3627=EDGE_CURVE('',#4810,#4811,#405,.T.);
#3628=EDGE_CURVE('',#4811,#4812,#5418,.T.);
#3629=EDGE_CURVE('',#4812,#4813,#406,.T.);
#3630=EDGE_CURVE('',#4808,#4813,#5419,.T.);
#3631=EDGE_CURVE('',#4814,#4815,#407,.T.);
#3632=EDGE_CURVE('',#4815,#4816,#5420,.T.);
#3633=EDGE_CURVE('',#4816,#4817,#408,.T.);
#3634=EDGE_CURVE('',#4818,#4817,#5421,.T.);
#3635=EDGE_CURVE('',#4819,#4818,#409,.T.);
#3636=EDGE_CURVE('',#4819,#4820,#410,.T.);
#3637=EDGE_CURVE('',#4821,#4820,#5422,.T.);
#3638=EDGE_CURVE('',#4821,#4822,#411,.T.);
#3639=EDGE_CURVE('',#4823,#4822,#412,.T.);
#3640=EDGE_CURVE('',#4823,#4824,#413,.T.);
#3641=EDGE_CURVE('',#4825,#4824,#5423,.T.);
#3642=EDGE_CURVE('',#4825,#4826,#414,.T.);
#3643=EDGE_CURVE('',#4814,#4826,#5424,.T.);
#3644=EDGE_CURVE('',#4827,#4828,#415,.T.);
#3645=EDGE_CURVE('',#4827,#4829,#5425,.T.);
#3646=EDGE_CURVE('',#4829,#4830,#416,.T.);
#3647=EDGE_CURVE('',#4831,#4830,#5426,.T.);
#3648=EDGE_CURVE('',#4831,#4832,#417,.T.);
#3649=EDGE_CURVE('',#4833,#4832,#5427,.T.);
#3650=EDGE_CURVE('',#4833,#4834,#418,.T.);
#3651=EDGE_CURVE('',#4828,#4834,#5428,.T.);
#3652=EDGE_CURVE('',#4835,#4836,#419,.T.);
#3653=EDGE_CURVE('',#4837,#4836,#5429,.T.);
#3654=EDGE_CURVE('',#4837,#4838,#420,.T.);
#3655=EDGE_CURVE('',#4838,#4839,#421,.T.);
#3656=EDGE_CURVE('',#4839,#4840,#5430,.T.);
#3657=EDGE_CURVE('',#4840,#4841,#422,.T.);
#3658=EDGE_CURVE('',#4835,#4841,#5431,.T.);
#3659=EDGE_CURVE('',#4842,#4843,#423,.T.);
#3660=EDGE_CURVE('',#4844,#4843,#5432,.T.);
#3661=EDGE_CURVE('',#4844,#4845,#424,.T.);
#3662=EDGE_CURVE('',#4846,#4845,#5433,.T.);
#3663=EDGE_CURVE('',#4846,#4847,#425,.T.);
#3664=EDGE_CURVE('',#4848,#4847,#426,.T.);
#3665=EDGE_CURVE('',#4848,#4849,#427,.T.);
#3666=EDGE_CURVE('',#4849,#4850,#5434,.T.);
#3667=EDGE_CURVE('',#4850,#4851,#428,.T.);
#3668=EDGE_CURVE('',#4842,#4851,#429,.T.);
#3669=EDGE_CURVE('',#4852,#4853,#430,.T.);
#3670=EDGE_CURVE('',#4854,#4853,#431,.T.);
#3671=EDGE_CURVE('',#4854,#4855,#432,.T.);
#3672=EDGE_CURVE('',#4856,#4855,#5435,.T.);
#3673=EDGE_CURVE('',#4856,#4857,#433,.T.);
#3674=EDGE_CURVE('',#4857,#4858,#5436,.T.);
#3675=EDGE_CURVE('',#4858,#4859,#434,.T.);
#3676=EDGE_CURVE('',#4859,#4860,#5437,.T.);
#3677=EDGE_CURVE('',#4860,#4861,#435,.T.);
#3678=EDGE_CURVE('',#4852,#4861,#436,.T.);
#3679=EDGE_CURVE('',#4862,#4863,#437,.F.);
#3680=EDGE_CURVE('',#4863,#4864,#438,.F.);
#3681=EDGE_CURVE('',#4864,#4865,#439,.F.);
#3682=EDGE_CURVE('',#4865,#4866,#440,.F.);
#3683=EDGE_CURVE('',#4866,#4867,#707,.T.);
#3684=EDGE_CURVE('',#4867,#4868,#708,.T.);
#3685=EDGE_CURVE('',#4868,#4869,#709,.T.);
#3686=EDGE_CURVE('',#4869,#4870,#710,.T.);
#3687=EDGE_CURVE('',#4870,#4871,#711,.T.);
#3688=EDGE_CURVE('',#4871,#4872,#712,.T.);
#3689=EDGE_CURVE('',#4872,#4873,#441,.F.);
#3690=EDGE_CURVE('',#4873,#4874,#442,.F.);
#3691=EDGE_CURVE('',#4874,#4875,#713,.T.);
#3692=EDGE_CURVE('',#4875,#4876,#443,.F.);
#3693=EDGE_CURVE('',#4876,#4877,#714,.T.);
#3694=EDGE_CURVE('',#4877,#4878,#715,.T.);
#3695=EDGE_CURVE('',#4878,#4879,#716,.T.);
#3696=EDGE_CURVE('',#4879,#4862,#717,.T.);
#3697=EDGE_CURVE('',#4880,#4881,#718,.T.);
#3698=EDGE_CURVE('',#4881,#4547,#719,.T.);
#3699=EDGE_CURVE('',#4543,#4546,#444,.T.);
#3700=EDGE_CURVE('',#4882,#4542,#445,.T.);
#3701=EDGE_CURVE('',#4882,#4883,#446,.T.);
#3702=EDGE_CURVE('',#4883,#4884,#720,.T.);
#3703=EDGE_CURVE('',#4884,#4885,#721,.T.);
#3704=EDGE_CURVE('',#4885,#4886,#722,.T.);
#3705=EDGE_CURVE('',#4886,#4887,#723,.T.);
#3706=EDGE_CURVE('',#4887,#4888,#724,.T.);
#3707=EDGE_CURVE('',#4888,#4889,#725,.T.);
#3708=EDGE_CURVE('',#4889,#4890,#726,.T.);
#3709=EDGE_CURVE('',#4890,#4539,#727,.T.);
#3710=EDGE_CURVE('',#4535,#4538,#447,.T.);
#3711=EDGE_CURVE('',#4891,#4534,#448,.T.);
#3712=EDGE_CURVE('',#4891,#4892,#5438,.T.);
#3713=EDGE_CURVE('',#4892,#4893,#728,.T.);
#3714=EDGE_CURVE('',#4893,#4894,#729,.T.);
#3715=EDGE_CURVE('',#4894,#4895,#730,.T.);
#3716=EDGE_CURVE('',#4895,#4896,#731,.T.);
#3717=EDGE_CURVE('',#4896,#4880,#732,.T.);
#3718=EDGE_CURVE('',#4897,#4898,#733,.T.);
#3719=EDGE_CURVE('',#4898,#4899,#449,.T.);
#3720=EDGE_CURVE('',#4899,#4900,#734,.T.);
#3721=EDGE_CURVE('',#4900,#4901,#450,.F.);
#3722=EDGE_CURVE('',#4901,#4902,#451,.F.);
#3723=EDGE_CURVE('',#4902,#4903,#735,.T.);
#3724=EDGE_CURVE('',#4904,#4903,#452,.T.);
#3725=EDGE_CURVE('',#4904,#4905,#453,.T.);
#3726=EDGE_CURVE('',#4905,#4906,#5439,.T.);
#3727=EDGE_CURVE('',#4906,#4907,#736,.T.);
#3728=EDGE_CURVE('',#4907,#4908,#454,.F.);
#3729=EDGE_CURVE('',#4908,#4909,#455,.F.);
#3730=EDGE_CURVE('',#4909,#4910,#737,.T.);
#3731=EDGE_CURVE('',#4910,#4911,#456,.T.);
#3732=EDGE_CURVE('',#4911,#4912,#738,.T.);
#3733=EDGE_CURVE('',#4912,#4913,#739,.T.);
#3734=EDGE_CURVE('',#4913,#4914,#457,.F.);
#3735=EDGE_CURVE('',#4914,#4915,#740,.T.);
#3736=EDGE_CURVE('',#4916,#4915,#458,.T.);
#3737=EDGE_CURVE('',#4916,#4917,#741,.T.);
#3738=EDGE_CURVE('',#4917,#4918,#459,.F.);
#3739=EDGE_CURVE('',#4918,#4897,#742,.T.);
#3740=EDGE_CURVE('',#4919,#4920,#743,.T.);
#3741=EDGE_CURVE('',#4920,#4921,#5440,.T.);
#3742=EDGE_CURVE('',#4922,#4921,#744,.T.);
#3743=EDGE_CURVE('',#4919,#4922,#5441,.T.);
#3744=EDGE_CURVE('',#4923,#4924,#745,.T.);
#3745=EDGE_CURVE('',#4924,#4910,#5442,.T.);
#3746=EDGE_CURVE('',#4923,#4909,#5443,.T.);
#3747=EDGE_CURVE('',#4925,#4926,#746,.T.);
#3748=EDGE_CURVE('',#4926,#4898,#5444,.T.);
#3749=EDGE_CURVE('',#4925,#4897,#5445,.T.);
#3750=EDGE_CURVE('',#4927,#4928,#747,.T.);
#3751=EDGE_CURVE('',#4928,#4929,#460,.T.);
#3752=EDGE_CURVE('',#4929,#4930,#748,.T.);
#3753=EDGE_CURVE('',#4930,#4931,#749,.T.);
#3754=EDGE_CURVE('',#4931,#4932,#750,.T.);
#3755=EDGE_CURVE('',#4932,#4933,#751,.T.);
#3756=EDGE_CURVE('',#4933,#4927,#752,.T.);
#3757=EDGE_CURVE('',#4525,#4565,#5446,.T.);
#3758=EDGE_CURVE('',#4524,#4566,#5447,.T.);
#3759=EDGE_CURVE('',#4921,#4934,#461,.T.);
#3760=EDGE_CURVE('',#4934,#4935,#753,.T.);
#3761=EDGE_CURVE('',#4935,#4936,#754,.T.);
#3762=EDGE_CURVE('',#4936,#4937,#755,.T.);
#3763=EDGE_CURVE('',#4937,#4922,#756,.T.);
#3764=EDGE_CURVE('',#4579,#4938,#5448,.T.);
#3765=EDGE_CURVE('',#4938,#4939,#5449,.T.);
#3766=EDGE_CURVE('',#4939,#4580,#5450,.T.);
#3767=EDGE_CURVE('',#4940,#4941,#462,.T.);
#3768=EDGE_CURVE('',#4941,#4942,#5451,.T.);
#3769=EDGE_CURVE('',#4943,#4942,#463,.T.);
#3770=EDGE_CURVE('',#4943,#4944,#5452,.T.);
#3771=EDGE_CURVE('',#4945,#4944,#464,.T.);
#3772=EDGE_CURVE('',#4945,#4946,#5453,.T.);
#3773=EDGE_CURVE('',#4947,#4946,#465,.T.);
#3774=EDGE_CURVE('',#4940,#4947,#5454,.T.);
#3775=EDGE_CURVE('',#4948,#4949,#466,.T.);
#3776=EDGE_CURVE('',#4950,#4948,#5455,.T.);
#3777=EDGE_CURVE('',#4951,#4950,#467,.T.);
#3778=EDGE_CURVE('',#4952,#4951,#468,.T.);
#3779=EDGE_CURVE('',#4952,#4953,#5456,.T.);
#3780=EDGE_CURVE('',#4954,#4953,#469,.T.);
#3781=EDGE_CURVE('',#4949,#4954,#5457,.T.);
#3782=EDGE_CURVE('',#4955,#4956,#470,.T.);
#3783=EDGE_CURVE('',#4956,#4957,#5458,.T.);
#3784=EDGE_CURVE('',#4958,#4957,#471,.T.);
#3785=EDGE_CURVE('',#4959,#4958,#5459,.T.);
#3786=EDGE_CURVE('',#4960,#4959,#472,.T.);
#3787=EDGE_CURVE('',#4960,#4961,#5460,.T.);
#3788=EDGE_CURVE('',#4955,#4961,#473,.T.);
#3789=EDGE_CURVE('',#4962,#4963,#5461,.T.);
#3790=EDGE_CURVE('',#4964,#4962,#474,.T.);
#3791=EDGE_CURVE('',#4964,#4965,#5462,.T.);
#3792=EDGE_CURVE('',#4966,#4965,#475,.T.);
#3793=EDGE_CURVE('',#4967,#4966,#476,.T.);
#3794=EDGE_CURVE('',#4968,#4967,#477,.T.);
#3795=EDGE_CURVE('',#4969,#4968,#5463,.T.);
#3796=EDGE_CURVE('',#4970,#4969,#478,.T.);
#3797=EDGE_CURVE('',#4971,#4970,#5464,.T.);
#3798=EDGE_CURVE('',#4972,#4971,#479,.T.);
#3799=EDGE_CURVE('',#4973,#4972,#5465,.T.);
#3800=EDGE_CURVE('',#4963,#4973,#480,.T.);
#3801=EDGE_CURVE('',#4974,#4975,#481,.T.);
#3802=EDGE_CURVE('',#4974,#4976,#5466,.T.);
#3803=EDGE_CURVE('',#4977,#4976,#482,.T.);
#3804=EDGE_CURVE('',#4977,#4978,#483,.T.);
#3805=EDGE_CURVE('',#4979,#4978,#484,.T.);
#3806=EDGE_CURVE('',#4980,#4979,#5467,.T.);
#3807=EDGE_CURVE('',#4981,#4980,#485,.T.);
#3808=EDGE_CURVE('',#4982,#4981,#486,.T.);
#3809=EDGE_CURVE('',#4983,#4982,#487,.T.);
#3810=EDGE_CURVE('',#4983,#4984,#488,.T.);
#3811=EDGE_CURVE('',#4985,#4984,#489,.T.);
#3812=EDGE_CURVE('',#4986,#4985,#490,.T.);
#3813=EDGE_CURVE('',#4987,#4986,#491,.T.);
#3814=EDGE_CURVE('',#4975,#4987,#5468,.T.);
#3815=EDGE_CURVE('',#4988,#4988,#492,.T.);
#3816=EDGE_CURVE('',#4989,#4989,#493,.T.);
#3817=EDGE_CURVE('',#4990,#4990,#494,.T.);
#3818=EDGE_CURVE('',#4991,#4991,#495,.T.);
#3819=EDGE_CURVE('',#4992,#4992,#496,.T.);
#3820=EDGE_CURVE('',#4993,#4993,#497,.T.);
#3821=EDGE_CURVE('',#4994,#4994,#498,.T.);
#3822=EDGE_CURVE('',#4995,#4995,#499,.T.);
#3823=EDGE_CURVE('',#4996,#4997,#5469,.T.);
#3824=EDGE_CURVE('',#4998,#4997,#500,.T.);
#3825=EDGE_CURVE('',#4998,#4999,#5470,.T.);
#3826=EDGE_CURVE('',#5000,#4999,#501,.T.);
#3827=EDGE_CURVE('',#5000,#5001,#502,.T.);
#3828=EDGE_CURVE('',#5002,#5001,#503,.T.);
#3829=EDGE_CURVE('',#5002,#5003,#5471,.T.);
#3830=EDGE_CURVE('',#5004,#5003,#504,.T.);
#3831=EDGE_CURVE('',#5004,#5005,#505,.T.);
#3832=EDGE_CURVE('',#5005,#5006,#5472,.T.);
#3833=EDGE_CURVE('',#5007,#5006,#506,.T.);
#3834=EDGE_CURVE('',#5008,#5007,#5473,.T.);
#3835=EDGE_CURVE('',#4996,#5008,#507,.T.);
#3836=EDGE_CURVE('',#5009,#5010,#5474,.T.);
#3837=EDGE_CURVE('',#5011,#5010,#508,.T.);
#3838=EDGE_CURVE('',#5012,#5011,#5475,.T.);
#3839=EDGE_CURVE('',#5013,#5012,#509,.T.);
#3840=EDGE_CURVE('',#5014,#5013,#5476,.T.);
#3841=EDGE_CURVE('',#5015,#5014,#510,.T.);
#3842=EDGE_CURVE('',#5016,#5015,#511,.T.);
#3843=EDGE_CURVE('',#5017,#5016,#512,.T.);
#3844=EDGE_CURVE('',#5017,#5018,#513,.T.);
#3845=EDGE_CURVE('',#5019,#5018,#514,.T.);
#3846=EDGE_CURVE('',#5019,#5020,#5477,.T.);
#3847=EDGE_CURVE('',#5009,#5020,#515,.T.);
#3848=EDGE_CURVE('',#5021,#5022,#5478,.T.);
#3849=EDGE_CURVE('',#5023,#5021,#516,.T.);
#3850=EDGE_CURVE('',#5024,#5023,#5479,.T.);
#3851=EDGE_CURVE('',#5025,#5024,#517,.T.);
#3852=EDGE_CURVE('',#5026,#5025,#5480,.T.);
#3853=EDGE_CURVE('',#5027,#5026,#518,.T.);
#3854=EDGE_CURVE('',#5027,#5028,#5481,.T.);
#3855=EDGE_CURVE('',#5029,#5028,#519,.T.);
#3856=EDGE_CURVE('',#5029,#5030,#5482,.T.);
#3857=EDGE_CURVE('',#5031,#5030,#520,.T.);
#3858=EDGE_CURVE('',#5031,#5032,#5483,.T.);
#3859=EDGE_CURVE('',#5033,#5032,#521,.T.);
#3860=EDGE_CURVE('',#5033,#5034,#522,.T.);
#3861=EDGE_CURVE('',#5022,#5034,#523,.T.);
#3862=EDGE_CURVE('',#5035,#5036,#524,.T.);
#3863=EDGE_CURVE('',#5037,#5035,#5484,.T.);
#3864=EDGE_CURVE('',#5038,#5037,#525,.T.);
#3865=EDGE_CURVE('',#5039,#5038,#526,.T.);
#3866=EDGE_CURVE('',#5040,#5039,#5485,.T.);
#3867=EDGE_CURVE('',#5041,#5040,#527,.T.);
#3868=EDGE_CURVE('',#5036,#5041,#5486,.T.);
#3869=EDGE_CURVE('',#5042,#5043,#5487,.T.);
#3870=EDGE_CURVE('',#5044,#5043,#528,.T.);
#3871=EDGE_CURVE('',#5045,#5044,#5488,.T.);
#3872=EDGE_CURVE('',#5046,#5045,#529,.T.);
#3873=EDGE_CURVE('',#5047,#5046,#530,.T.);
#3874=EDGE_CURVE('',#5047,#5048,#5489,.T.);
#3875=EDGE_CURVE('',#5042,#5048,#531,.T.);
#3876=EDGE_CURVE('',#5049,#5050,#532,.T.);
#3877=EDGE_CURVE('',#5049,#5051,#533,.T.);
#3878=EDGE_CURVE('',#5052,#5051,#534,.T.);
#3879=EDGE_CURVE('',#5052,#5053,#5490,.T.);
#3880=EDGE_CURVE('',#5054,#5053,#535,.T.);
#3881=EDGE_CURVE('',#5054,#5055,#5491,.T.);
#3882=EDGE_CURVE('',#5056,#5055,#536,.T.);
#3883=EDGE_CURVE('',#5056,#5057,#537,.T.);
#3884=EDGE_CURVE('',#5058,#5057,#538,.T.);
#3885=EDGE_CURVE('',#5050,#5058,#5492,.T.);
#3886=EDGE_CURVE('',#5059,#5060,#539,.T.);
#3887=EDGE_CURVE('',#5061,#5060,#540,.T.);
#3888=EDGE_CURVE('',#5061,#5062,#541,.T.);
#3889=EDGE_CURVE('',#5063,#5062,#542,.T.);
#3890=EDGE_CURVE('',#5064,#5063,#5493,.T.);
#3891=EDGE_CURVE('',#5065,#5064,#543,.T.);
#3892=EDGE_CURVE('',#5066,#5065,#5494,.T.);
#3893=EDGE_CURVE('',#5067,#5066,#544,.T.);
#3894=EDGE_CURVE('',#5067,#5068,#5495,.T.);
#3895=EDGE_CURVE('',#5059,#5068,#545,.T.);
#3896=EDGE_CURVE('',#4938,#5069,#546,.T.);
#3897=EDGE_CURVE('',#5070,#5069,#5496,.T.);
#3898=EDGE_CURVE('',#5070,#5071,#547,.T.);
#3899=EDGE_CURVE('',#5072,#5071,#5497,.T.);
#3900=EDGE_CURVE('',#5072,#5073,#5498,.T.);
#3901=EDGE_CURVE('',#5073,#5074,#548,.F.);
#3902=EDGE_CURVE('',#5074,#5075,#549,.T.);
#3903=EDGE_CURVE('',#5076,#5075,#550,.T.);
#3904=EDGE_CURVE('',#5077,#5076,#5499,.T.);
#3905=EDGE_CURVE('',#5077,#5078,#551,.F.);
#3906=EDGE_CURVE('',#5078,#5079,#5500,.T.);
#3907=EDGE_CURVE('',#5079,#5080,#552,.F.);
#3908=EDGE_CURVE('',#5080,#5081,#553,.T.);
#3909=EDGE_CURVE('',#5082,#5081,#554,.T.);
#3910=EDGE_CURVE('',#5083,#5082,#5501,.T.);
#3911=EDGE_CURVE('',#5083,#5084,#555,.F.);
#3912=EDGE_CURVE('',#5084,#5085,#5502,.T.);
#3913=EDGE_CURVE('',#5085,#5086,#556,.F.);
#3914=EDGE_CURVE('',#5086,#5087,#557,.T.);
#3915=EDGE_CURVE('',#5088,#5087,#558,.T.);
#3916=EDGE_CURVE('',#5089,#5088,#5503,.T.);
#3917=EDGE_CURVE('',#5089,#5090,#559,.F.);
#3918=EDGE_CURVE('',#5090,#5091,#5504,.T.);
#3919=EDGE_CURVE('',#5091,#5092,#560,.F.);
#3920=EDGE_CURVE('',#5092,#5093,#561,.T.);
#3921=EDGE_CURVE('',#5094,#5093,#562,.T.);
#3922=EDGE_CURVE('',#5095,#5094,#5505,.T.);
#3923=EDGE_CURVE('',#5095,#5096,#563,.F.);
#3924=EDGE_CURVE('',#5096,#5097,#5506,.T.);
#3925=EDGE_CURVE('',#5097,#5098,#564,.F.);
#3926=EDGE_CURVE('',#5098,#5099,#565,.T.);
#3927=EDGE_CURVE('',#5100,#5099,#566,.T.);
#3928=EDGE_CURVE('',#5101,#5100,#5507,.T.);
#3929=EDGE_CURVE('',#5101,#5102,#567,.F.);
#3930=EDGE_CURVE('',#5102,#5103,#5508,.T.);
#3931=EDGE_CURVE('',#5103,#5104,#568,.F.);
#3932=EDGE_CURVE('',#5104,#5105,#569,.T.);
#3933=EDGE_CURVE('',#5106,#5105,#570,.T.);
#3934=EDGE_CURVE('',#5107,#5106,#5509,.T.);
#3935=EDGE_CURVE('',#5107,#5108,#571,.F.);
#3936=EDGE_CURVE('',#5108,#5109,#5510,.T.);
#3937=EDGE_CURVE('',#5109,#5110,#572,.F.);
#3938=EDGE_CURVE('',#5110,#5111,#573,.T.);
#3939=EDGE_CURVE('',#5112,#5111,#574,.T.);
#3940=EDGE_CURVE('',#5113,#5112,#5511,.T.);
#3941=EDGE_CURVE('',#5113,#5114,#575,.F.);
#3942=EDGE_CURVE('',#5114,#5115,#5512,.T.);
#3943=EDGE_CURVE('',#5115,#5116,#576,.F.);
#3944=EDGE_CURVE('',#5116,#5117,#577,.T.);
#3945=EDGE_CURVE('',#5118,#5117,#578,.T.);
#3946=EDGE_CURVE('',#5119,#5118,#5513,.T.);
#3947=EDGE_CURVE('',#5119,#5120,#579,.F.);
#3948=EDGE_CURVE('',#5120,#5121,#5514,.T.);
#3949=EDGE_CURVE('',#5121,#5122,#580,.F.);
#3950=EDGE_CURVE('',#5122,#5123,#581,.T.);
#3951=EDGE_CURVE('',#5124,#5123,#582,.T.);
#3952=EDGE_CURVE('',#5125,#5124,#5515,.T.);
#3953=EDGE_CURVE('',#5125,#5126,#583,.F.);
#3954=EDGE_CURVE('',#5126,#5127,#5516,.T.);
#3955=EDGE_CURVE('',#5127,#5128,#584,.F.);
#3956=EDGE_CURVE('',#5128,#5129,#585,.T.);
#3957=EDGE_CURVE('',#5130,#5129,#586,.T.);
#3958=EDGE_CURVE('',#5131,#5130,#5517,.T.);
#3959=EDGE_CURVE('',#5131,#5132,#587,.F.);
#3960=EDGE_CURVE('',#5132,#5133,#5518,.T.);
#3961=EDGE_CURVE('',#5133,#5134,#588,.F.);
#3962=EDGE_CURVE('',#5134,#5135,#589,.T.);
#3963=EDGE_CURVE('',#5136,#5135,#590,.T.);
#3964=EDGE_CURVE('',#5137,#5136,#5519,.T.);
#3965=EDGE_CURVE('',#5137,#5138,#591,.F.);
#3966=EDGE_CURVE('',#5138,#5139,#5520,.T.);
#3967=EDGE_CURVE('',#5139,#5140,#592,.F.);
#3968=EDGE_CURVE('',#5140,#5141,#593,.T.);
#3969=EDGE_CURVE('',#5142,#5141,#594,.T.);
#3970=EDGE_CURVE('',#5143,#5142,#5521,.T.);
#3971=EDGE_CURVE('',#5143,#5144,#595,.F.);
#3972=EDGE_CURVE('',#5144,#5145,#5522,.T.);
#3973=EDGE_CURVE('',#5145,#5146,#596,.F.);
#3974=EDGE_CURVE('',#5146,#5147,#597,.T.);
#3975=EDGE_CURVE('',#5148,#5147,#598,.T.);
#3976=EDGE_CURVE('',#5149,#5148,#5523,.T.);
#3977=EDGE_CURVE('',#5149,#5150,#599,.F.);
#3978=EDGE_CURVE('',#5150,#5151,#5524,.T.);
#3979=EDGE_CURVE('',#5151,#5152,#600,.F.);
#3980=EDGE_CURVE('',#5152,#5153,#601,.T.);
#3981=EDGE_CURVE('',#5154,#5153,#602,.T.);
#3982=EDGE_CURVE('',#5155,#5154,#5525,.T.);
#3983=EDGE_CURVE('',#5155,#5156,#603,.F.);
#3984=EDGE_CURVE('',#5156,#5157,#5526,.T.);
#3985=EDGE_CURVE('',#5157,#5158,#604,.F.);
#3986=EDGE_CURVE('',#5158,#5159,#605,.T.);
#3987=EDGE_CURVE('',#5160,#5159,#606,.T.);
#3988=EDGE_CURVE('',#5161,#5160,#5527,.T.);
#3989=EDGE_CURVE('',#5161,#5162,#607,.F.);
#3990=EDGE_CURVE('',#5162,#5163,#5528,.T.);
#3991=EDGE_CURVE('',#5163,#5164,#608,.F.);
#3992=EDGE_CURVE('',#5164,#5165,#609,.T.);
#3993=EDGE_CURVE('',#5166,#5165,#610,.T.);
#3994=EDGE_CURVE('',#5167,#5166,#5529,.T.);
#3995=EDGE_CURVE('',#5167,#5168,#611,.F.);
#3996=EDGE_CURVE('',#5168,#5169,#5530,.T.);
#3997=EDGE_CURVE('',#5169,#5170,#612,.F.);
#3998=EDGE_CURVE('',#5170,#5171,#613,.T.);
#3999=EDGE_CURVE('',#5172,#5171,#614,.T.);
#4000=EDGE_CURVE('',#5173,#5172,#5531,.T.);
#4001=EDGE_CURVE('',#5173,#5174,#615,.F.);
#4002=EDGE_CURVE('',#5174,#5175,#5532,.T.);
#4003=EDGE_CURVE('',#5175,#5176,#616,.F.);
#4004=EDGE_CURVE('',#5176,#5177,#617,.T.);
#4005=EDGE_CURVE('',#5178,#5177,#618,.T.);
#4006=EDGE_CURVE('',#5179,#5178,#5533,.T.);
#4007=EDGE_CURVE('',#5179,#5180,#619,.F.);
#4008=EDGE_CURVE('',#5180,#5181,#5534,.T.);
#4009=EDGE_CURVE('',#5181,#5182,#620,.F.);
#4010=EDGE_CURVE('',#5182,#5183,#621,.T.);
#4011=EDGE_CURVE('',#5184,#5183,#622,.T.);
#4012=EDGE_CURVE('',#5185,#5184,#5535,.T.);
#4013=EDGE_CURVE('',#5185,#5186,#623,.F.);
#4014=EDGE_CURVE('',#5186,#5187,#5536,.T.);
#4015=EDGE_CURVE('',#5187,#5188,#624,.F.);
#4016=EDGE_CURVE('',#5188,#5189,#625,.T.);
#4017=EDGE_CURVE('',#5190,#5189,#626,.T.);
#4018=EDGE_CURVE('',#5191,#5190,#5537,.T.);
#4019=EDGE_CURVE('',#5191,#5192,#627,.F.);
#4020=EDGE_CURVE('',#5192,#5193,#5538,.T.);
#4021=EDGE_CURVE('',#5193,#5194,#628,.F.);
#4022=EDGE_CURVE('',#5194,#5195,#629,.T.);
#4023=EDGE_CURVE('',#5196,#5195,#630,.T.);
#4024=EDGE_CURVE('',#5197,#5196,#5539,.T.);
#4025=EDGE_CURVE('',#5197,#5198,#631,.F.);
#4026=EDGE_CURVE('',#5198,#5199,#5540,.T.);
#4027=EDGE_CURVE('',#5199,#5200,#632,.F.);
#4028=EDGE_CURVE('',#5200,#5201,#633,.T.);
#4029=EDGE_CURVE('',#5202,#5201,#634,.T.);
#4030=EDGE_CURVE('',#5203,#5202,#5541,.T.);
#4031=EDGE_CURVE('',#5203,#5204,#635,.F.);
#4032=EDGE_CURVE('',#5204,#5205,#5542,.T.);
#4033=EDGE_CURVE('',#5205,#5206,#636,.F.);
#4034=EDGE_CURVE('',#5206,#5207,#637,.T.);
#4035=EDGE_CURVE('',#5208,#5207,#638,.T.);
#4036=EDGE_CURVE('',#5209,#5208,#5543,.T.);
#4037=EDGE_CURVE('',#5209,#5210,#639,.F.);
#4038=EDGE_CURVE('',#5210,#5211,#5544,.T.);
#4039=EDGE_CURVE('',#5211,#5212,#640,.F.);
#4040=EDGE_CURVE('',#5212,#5213,#641,.T.);
#4041=EDGE_CURVE('',#5214,#5213,#642,.T.);
#4042=EDGE_CURVE('',#5215,#5214,#5545,.T.);
#4043=EDGE_CURVE('',#5215,#5216,#643,.F.);
#4044=EDGE_CURVE('',#5216,#5217,#5546,.T.);
#4045=EDGE_CURVE('',#5217,#5218,#644,.F.);
#4046=EDGE_CURVE('',#5218,#5219,#5547,.T.);
#4047=EDGE_CURVE('',#5219,#5220,#645,.T.);
#4048=EDGE_CURVE('',#5221,#5220,#5548,.T.);
#4049=EDGE_CURVE('',#5221,#4939,#5549,.T.);
#4050=EDGE_CURVE('',#5070,#4732,#5550,.T.);
#4051=EDGE_CURVE('',#4578,#5069,#5551,.T.);
#4052=EDGE_CURVE('',#5072,#4730,#5552,.T.);
#4053=EDGE_CURVE('',#5071,#4731,#5553,.T.);
#4054=EDGE_CURVE('',#5073,#4729,#5554,.T.);
#4055=EDGE_CURVE('',#5074,#4728,#5555,.T.);
#4056=EDGE_CURVE('',#5075,#4727,#5556,.T.);
#4057=EDGE_CURVE('',#5076,#4726,#5557,.T.);
#4058=EDGE_CURVE('',#5079,#4723,#5558,.T.);
#4059=EDGE_CURVE('',#5080,#4722,#5559,.T.);
#4060=EDGE_CURVE('',#5081,#4721,#5560,.T.);
#4061=EDGE_CURVE('',#5082,#4720,#5561,.T.);
#4062=EDGE_CURVE('',#5085,#4717,#5562,.T.);
#4063=EDGE_CURVE('',#5086,#4716,#5563,.T.);
#4064=EDGE_CURVE('',#5087,#4715,#5564,.T.);
#4065=EDGE_CURVE('',#5088,#4714,#5565,.T.);
#4066=EDGE_CURVE('',#5091,#4711,#5566,.T.);
#4067=EDGE_CURVE('',#5092,#4710,#5567,.T.);
#4068=EDGE_CURVE('',#5093,#4709,#5568,.T.);
#4069=EDGE_CURVE('',#5094,#4708,#5569,.T.);
#4070=EDGE_CURVE('',#5097,#4705,#5570,.T.);
#4071=EDGE_CURVE('',#5098,#4704,#5571,.T.);
#4072=EDGE_CURVE('',#5099,#4703,#5572,.T.);
#4073=EDGE_CURVE('',#5100,#4702,#5573,.T.);
#4074=EDGE_CURVE('',#5103,#4699,#5574,.T.);
#4075=EDGE_CURVE('',#5104,#4698,#5575,.T.);
#4076=EDGE_CURVE('',#5105,#4697,#5576,.T.);
#4077=EDGE_CURVE('',#5106,#4696,#5577,.T.);
#4078=EDGE_CURVE('',#5109,#4693,#5578,.T.);
#4079=EDGE_CURVE('',#5110,#4692,#5579,.T.);
#4080=EDGE_CURVE('',#5111,#4691,#5580,.T.);
#4081=EDGE_CURVE('',#5112,#4690,#5581,.T.);
#4082=EDGE_CURVE('',#5115,#4687,#5582,.T.);
#4083=EDGE_CURVE('',#5116,#4686,#5583,.T.);
#4084=EDGE_CURVE('',#5117,#4685,#5584,.T.);
#4085=EDGE_CURVE('',#5118,#4684,#5585,.T.);
#4086=EDGE_CURVE('',#5121,#4681,#5586,.T.);
#4087=EDGE_CURVE('',#5122,#4680,#5587,.T.);
#4088=EDGE_CURVE('',#5123,#4679,#5588,.T.);
#4089=EDGE_CURVE('',#5124,#4678,#5589,.T.);
#4090=EDGE_CURVE('',#5127,#4675,#5590,.T.);
#4091=EDGE_CURVE('',#5128,#4674,#5591,.T.);
#4092=EDGE_CURVE('',#5129,#4673,#5592,.T.);
#4093=EDGE_CURVE('',#5130,#4672,#5593,.T.);
#4094=EDGE_CURVE('',#5133,#4669,#5594,.T.);
#4095=EDGE_CURVE('',#5134,#4668,#5595,.T.);
#4096=EDGE_CURVE('',#5135,#4667,#5596,.T.);
#4097=EDGE_CURVE('',#5136,#4666,#5597,.T.);
#4098=EDGE_CURVE('',#5139,#4663,#5598,.T.);
#4099=EDGE_CURVE('',#5140,#4662,#5599,.T.);
#4100=EDGE_CURVE('',#5141,#4661,#5600,.T.);
#4101=EDGE_CURVE('',#5142,#4660,#5601,.T.);
#4102=EDGE_CURVE('',#5145,#4657,#5602,.T.);
#4103=EDGE_CURVE('',#5146,#4656,#5603,.T.);
#4104=EDGE_CURVE('',#5147,#4655,#5604,.T.);
#4105=EDGE_CURVE('',#5148,#4654,#5605,.T.);
#4106=EDGE_CURVE('',#5151,#4651,#5606,.T.);
#4107=EDGE_CURVE('',#5152,#4650,#5607,.T.);
#4108=EDGE_CURVE('',#5153,#4649,#5608,.T.);
#4109=EDGE_CURVE('',#5154,#4648,#5609,.T.);
#4110=EDGE_CURVE('',#5157,#4645,#5610,.T.);
#4111=EDGE_CURVE('',#5158,#4644,#5611,.T.);
#4112=EDGE_CURVE('',#5159,#4643,#5612,.T.);
#4113=EDGE_CURVE('',#5160,#4642,#5613,.T.);
#4114=EDGE_CURVE('',#5163,#4639,#5614,.T.);
#4115=EDGE_CURVE('',#5164,#4638,#5615,.T.);
#4116=EDGE_CURVE('',#5165,#4637,#5616,.T.);
#4117=EDGE_CURVE('',#5166,#4636,#5617,.T.);
#4118=EDGE_CURVE('',#5169,#4633,#5618,.T.);
#4119=EDGE_CURVE('',#5170,#4632,#5619,.T.);
#4120=EDGE_CURVE('',#5171,#4631,#5620,.T.);
#4121=EDGE_CURVE('',#5172,#4630,#5621,.T.);
#4122=EDGE_CURVE('',#5175,#4627,#5622,.T.);
#4123=EDGE_CURVE('',#5176,#4626,#5623,.T.);
#4124=EDGE_CURVE('',#5177,#4625,#5624,.T.);
#4125=EDGE_CURVE('',#5178,#4624,#5625,.T.);
#4126=EDGE_CURVE('',#5181,#4621,#5626,.T.);
#4127=EDGE_CURVE('',#5182,#4620,#5627,.T.);
#4128=EDGE_CURVE('',#5183,#4619,#5628,.T.);
#4129=EDGE_CURVE('',#5184,#4618,#5629,.T.);
#4130=EDGE_CURVE('',#5187,#4615,#5630,.T.);
#4131=EDGE_CURVE('',#5188,#4614,#5631,.T.);
#4132=EDGE_CURVE('',#5189,#4613,#5632,.T.);
#4133=EDGE_CURVE('',#5190,#4612,#5633,.T.);
#4134=EDGE_CURVE('',#5193,#4609,#5634,.T.);
#4135=EDGE_CURVE('',#5194,#4608,#5635,.T.);
#4136=EDGE_CURVE('',#5195,#4607,#5636,.T.);
#4137=EDGE_CURVE('',#5196,#4606,#5637,.T.);
#4138=EDGE_CURVE('',#5199,#4603,#5638,.T.);
#4139=EDGE_CURVE('',#5200,#4602,#5639,.T.);
#4140=EDGE_CURVE('',#5201,#4601,#5640,.T.);
#4141=EDGE_CURVE('',#5202,#4600,#5641,.T.);
#4142=EDGE_CURVE('',#5205,#4597,#5642,.T.);
#4143=EDGE_CURVE('',#5206,#4596,#5643,.T.);
#4144=EDGE_CURVE('',#5207,#4595,#5644,.T.);
#4145=EDGE_CURVE('',#5208,#4594,#5645,.T.);
#4146=EDGE_CURVE('',#5211,#4591,#5646,.T.);
#4147=EDGE_CURVE('',#5212,#4590,#5647,.T.);
#4148=EDGE_CURVE('',#5213,#4589,#5648,.T.);
#4149=EDGE_CURVE('',#5214,#4588,#5649,.T.);
#4150=EDGE_CURVE('',#5217,#4585,#5650,.T.);
#4151=EDGE_CURVE('',#5218,#4584,#5651,.T.);
#4152=EDGE_CURVE('',#5078,#4724,#5652,.T.);
#4153=EDGE_CURVE('',#5077,#4725,#5653,.T.);
#4154=EDGE_CURVE('',#5084,#4718,#5654,.T.);
#4155=EDGE_CURVE('',#5083,#4719,#5655,.T.);
#4156=EDGE_CURVE('',#5090,#4712,#5656,.T.);
#4157=EDGE_CURVE('',#5089,#4713,#5657,.T.);
#4158=EDGE_CURVE('',#5096,#4706,#5658,.T.);
#4159=EDGE_CURVE('',#5095,#4707,#5659,.T.);
#4160=EDGE_CURVE('',#5102,#4700,#5660,.T.);
#4161=EDGE_CURVE('',#5101,#4701,#5661,.T.);
#4162=EDGE_CURVE('',#5108,#4694,#5662,.T.);
#4163=EDGE_CURVE('',#5107,#4695,#5663,.T.);
#4164=EDGE_CURVE('',#5114,#4688,#5664,.T.);
#4165=EDGE_CURVE('',#5113,#4689,#5665,.T.);
#4166=EDGE_CURVE('',#5120,#4682,#5666,.T.);
#4167=EDGE_CURVE('',#5119,#4683,#5667,.T.);
#4168=EDGE_CURVE('',#5126,#4676,#5668,.T.);
#4169=EDGE_CURVE('',#5125,#4677,#5669,.T.);
#4170=EDGE_CURVE('',#5132,#4670,#5670,.T.);
#4171=EDGE_CURVE('',#5131,#4671,#5671,.T.);
#4172=EDGE_CURVE('',#5138,#4664,#5672,.T.);
#4173=EDGE_CURVE('',#5137,#4665,#5673,.T.);
#4174=EDGE_CURVE('',#5144,#4658,#5674,.T.);
#4175=EDGE_CURVE('',#5143,#4659,#5675,.T.);
#4176=EDGE_CURVE('',#5150,#4652,#5676,.T.);
#4177=EDGE_CURVE('',#5149,#4653,#5677,.T.);
#4178=EDGE_CURVE('',#5156,#4646,#5678,.T.);
#4179=EDGE_CURVE('',#5155,#4647,#5679,.T.);
#4180=EDGE_CURVE('',#5162,#4640,#5680,.T.);
#4181=EDGE_CURVE('',#5161,#4641,#5681,.T.);
#4182=EDGE_CURVE('',#5168,#4634,#5682,.T.);
#4183=EDGE_CURVE('',#5167,#4635,#5683,.T.);
#4184=EDGE_CURVE('',#5174,#4628,#5684,.T.);
#4185=EDGE_CURVE('',#5173,#4629,#5685,.T.);
#4186=EDGE_CURVE('',#5180,#4622,#5686,.T.);
#4187=EDGE_CURVE('',#5179,#4623,#5687,.T.);
#4188=EDGE_CURVE('',#5186,#4616,#5688,.T.);
#4189=EDGE_CURVE('',#5185,#4617,#5689,.T.);
#4190=EDGE_CURVE('',#5192,#4610,#5690,.T.);
#4191=EDGE_CURVE('',#5191,#4611,#5691,.T.);
#4192=EDGE_CURVE('',#5198,#4604,#5692,.T.);
#4193=EDGE_CURVE('',#5197,#4605,#5693,.T.);
#4194=EDGE_CURVE('',#5204,#4598,#5694,.T.);
#4195=EDGE_CURVE('',#5203,#4599,#5695,.T.);
#4196=EDGE_CURVE('',#5210,#4592,#5696,.T.);
#4197=EDGE_CURVE('',#5209,#4593,#5697,.T.);
#4198=EDGE_CURVE('',#5216,#4586,#5698,.T.);
#4199=EDGE_CURVE('',#5215,#4587,#5699,.T.);
#4200=EDGE_CURVE('',#4983,#4793,#5700,.T.);
#4201=EDGE_CURVE('',#4806,#4984,#5701,.F.);
#4202=EDGE_CURVE('',#4977,#4799,#5702,.T.);
#4203=EDGE_CURVE('',#4798,#4978,#5703,.F.);
#4204=EDGE_CURVE('',#4796,#4980,#5704,.F.);
#4205=EDGE_CURVE('',#4979,#4797,#5705,.F.);
#4206=EDGE_CURVE('',#4794,#4982,#5706,.F.);
#4207=EDGE_CURVE('',#4981,#4795,#5707,.T.);
#4208=EDGE_CURVE('',#4802,#4975,#5708,.T.);
#4209=EDGE_CURVE('',#4987,#4803,#5709,.T.);
#4210=EDGE_CURVE('',#4974,#4801,#5710,.F.);
#4211=EDGE_CURVE('',#4800,#4976,#5711,.F.);
#4212=EDGE_CURVE('',#4804,#4986,#5712,.F.);
#4213=EDGE_CURVE('',#4985,#4805,#5713,.T.);
#4214=EDGE_CURVE('',#4784,#4971,#5714,.T.);
#4215=EDGE_CURVE('',#4970,#4773,#5715,.F.);
#4216=EDGE_CURVE('',#4782,#4973,#5716,.T.);
#4217=EDGE_CURVE('',#4972,#4783,#5717,.F.);
#4218=EDGE_CURVE('',#4780,#4962,#5718,.T.);
#4219=EDGE_CURVE('',#4963,#4781,#5719,.F.);
#4220=EDGE_CURVE('',#4964,#4779,#5720,.F.);
#4221=EDGE_CURVE('',#4778,#4965,#5721,.T.);
#4222=EDGE_CURVE('',#4776,#4967,#5722,.F.);
#4223=EDGE_CURVE('',#4966,#4777,#5723,.T.);
#4224=EDGE_CURVE('',#4774,#4969,#5724,.T.);
#4225=EDGE_CURVE('',#4968,#4775,#5725,.T.);
#4226=EDGE_CURVE('',#4811,#4959,#5726,.T.);
#4227=EDGE_CURVE('',#4958,#4812,#5727,.F.);
#4228=EDGE_CURVE('',#4960,#4810,#5728,.F.);
#4229=EDGE_CURVE('',#4809,#4961,#5729,.F.);
#4230=EDGE_CURVE('',#4955,#4807,#5730,.T.);
#4231=EDGE_CURVE('',#4956,#4808,#5731,.F.);
#4232=EDGE_CURVE('',#4813,#4957,#5732,.T.);
#4233=EDGE_CURVE('',#5004,#4819,#5733,.T.);
#4234=EDGE_CURVE('',#5005,#4818,#5734,.F.);
#4235=EDGE_CURVE('',#4817,#5006,#5735,.T.);
#4236=EDGE_CURVE('',#4815,#5008,#5736,.T.);
#4237=EDGE_CURVE('',#5007,#4816,#5737,.F.);
#4238=EDGE_CURVE('',#4996,#4814,#5738,.F.);
#4239=EDGE_CURVE('',#4826,#4997,#5739,.T.);
#4240=EDGE_CURVE('',#4998,#4825,#5740,.F.);
#4241=EDGE_CURVE('',#4824,#4999,#5741,.F.);
#4242=EDGE_CURVE('',#5000,#4823,#5742,.T.);
#4243=EDGE_CURVE('',#4822,#5001,#5743,.F.);
#4244=EDGE_CURVE('',#5002,#4821,#5744,.T.);
#4245=EDGE_CURVE('',#4820,#5003,#5745,.F.);
#4246=EDGE_CURVE('',#4772,#4949,#5746,.T.);
#4247=EDGE_CURVE('',#4954,#4766,#5747,.F.);
#4248=EDGE_CURVE('',#4950,#4770,#5748,.T.);
#4249=EDGE_CURVE('',#4948,#4771,#5749,.F.);
#4250=EDGE_CURVE('',#4769,#4951,#5750,.F.);
#4251=EDGE_CURVE('',#4952,#4768,#5751,.F.);
#4252=EDGE_CURVE('',#4767,#4953,#5752,.T.);
#4253=EDGE_CURVE('',#4941,#4828,#5753,.F.);
#4254=EDGE_CURVE('',#4834,#4942,#5754,.F.);
#4255=EDGE_CURVE('',#4943,#4833,#5755,.T.);
#4256=EDGE_CURVE('',#4832,#4944,#5756,.T.);
#4257=EDGE_CURVE('',#4945,#4831,#5757,.F.);
#4258=EDGE_CURVE('',#4830,#4946,#5758,.T.);
#4259=EDGE_CURVE('',#4940,#4827,#5759,.T.);
#4260=EDGE_CURVE('',#4947,#4829,#5760,.F.);
#4261=EDGE_CURVE('',#4755,#5016,#5761,.F.);
#4262=EDGE_CURVE('',#5015,#4756,#5762,.T.);
#4263=EDGE_CURVE('',#5017,#4754,#5763,.T.);
#4264=EDGE_CURVE('',#4765,#5018,#5764,.F.);
#4265=EDGE_CURVE('',#5019,#4764,#5765,.T.);
#4266=EDGE_CURVE('',#4763,#5020,#5766,.T.);
#4267=EDGE_CURVE('',#5009,#4762,#5767,.F.);
#4268=EDGE_CURVE('',#4761,#5010,#5768,.T.);
#4269=EDGE_CURVE('',#4759,#5012,#5769,.T.);
#4270=EDGE_CURVE('',#5011,#4760,#5770,.F.);
#4271=EDGE_CURVE('',#4757,#5014,#5771,.F.);
#4272=EDGE_CURVE('',#5013,#4758,#5772,.F.);
#4273=EDGE_CURVE('',#5029,#4749,#5773,.F.);
#4274=EDGE_CURVE('',#4748,#5030,#5774,.T.);
#4275=EDGE_CURVE('',#5031,#4747,#5775,.F.);
#4276=EDGE_CURVE('',#4746,#5032,#5776,.F.);
#4277=EDGE_CURVE('',#5033,#4745,#5777,.T.);
#4278=EDGE_CURVE('',#4744,#5034,#5778,.F.);
#4279=EDGE_CURVE('',#4742,#5021,#5779,.T.);
#4280=EDGE_CURVE('',#5022,#4743,#5780,.F.);
#4281=EDGE_CURVE('',#4740,#5024,#5781,.T.);
#4282=EDGE_CURVE('',#5023,#4741,#5782,.F.);
#4283=EDGE_CURVE('',#5026,#4752,#5783,.T.);
#4284=EDGE_CURVE('',#5025,#4753,#5784,.F.);
#4285=EDGE_CURVE('',#5027,#4751,#5785,.F.);
#4286=EDGE_CURVE('',#4750,#5028,#5786,.T.);
#4287=EDGE_CURVE('',#4739,#5036,#5787,.T.);
#4288=EDGE_CURVE('',#5041,#4733,#5788,.F.);
#4289=EDGE_CURVE('',#5037,#4737,#5789,.T.);
#4290=EDGE_CURVE('',#5035,#4738,#5790,.F.);
#4291=EDGE_CURVE('',#4736,#5038,#5791,.F.);
#4292=EDGE_CURVE('',#4734,#5040,#5792,.T.);
#4293=EDGE_CURVE('',#5039,#4735,#5793,.T.);
#4294=EDGE_CURVE('',#5042,#4835,#5794,.F.);
#4295=EDGE_CURVE('',#4841,#5043,#5795,.T.);
#4296=EDGE_CURVE('',#4839,#5045,#5796,.F.);
#4297=EDGE_CURVE('',#5044,#4840,#5797,.F.);
#4298=EDGE_CURVE('',#5047,#4837,#5798,.F.);
#4299=EDGE_CURVE('',#5046,#4838,#5799,.T.);
#4300=EDGE_CURVE('',#4836,#5048,#5800,.T.);
#4301=EDGE_CURVE('',#5056,#4842,#5801,.T.);
#4302=EDGE_CURVE('',#4851,#5057,#5802,.F.);
#4303=EDGE_CURVE('',#4849,#5050,#5803,.T.);
#4304=EDGE_CURVE('',#5058,#4850,#5804,.F.);
#4305=EDGE_CURVE('',#5049,#4848,#5805,.T.);
#4306=EDGE_CURVE('',#4847,#5051,#5806,.F.);
#4307=EDGE_CURVE('',#5052,#4846,#5807,.T.);
#4308=EDGE_CURVE('',#4845,#5053,#5808,.T.);
#4309=EDGE_CURVE('',#5054,#4844,#5809,.F.);
#4310=EDGE_CURVE('',#4843,#5055,#5810,.F.);
#4311=EDGE_CURVE('',#5067,#4856,#5811,.F.);
#4312=EDGE_CURVE('',#4855,#5068,#5812,.F.);
#4313=EDGE_CURVE('',#5059,#4854,#5813,.T.);
#4314=EDGE_CURVE('',#4853,#5060,#5814,.F.);
#4315=EDGE_CURVE('',#5061,#4852,#5815,.T.);
#4316=EDGE_CURVE('',#4861,#5062,#5816,.F.);
#4317=EDGE_CURVE('',#4859,#5064,#5817,.T.);
#4318=EDGE_CURVE('',#5063,#4860,#5818,.F.);
#4319=EDGE_CURVE('',#4857,#5066,#5819,.T.);
#4320=EDGE_CURVE('',#5065,#4858,#5820,.F.);
#4321=EDGE_CURVE('',#5219,#4583,#5821,.T.);
#4322=EDGE_CURVE('',#5220,#4582,#5822,.T.);
#4323=EDGE_CURVE('',#5221,#4581,#5823,.T.);
#4324=EDGE_CURVE('',#5222,#4937,#5824,.T.);
#4325=EDGE_CURVE('',#5222,#4919,#757,.T.);
#4326=EDGE_CURVE('',#5223,#4936,#5825,.T.);
#4327=EDGE_CURVE('',#5223,#5222,#758,.T.);
#4328=EDGE_CURVE('',#5224,#4935,#5826,.T.);
#4329=EDGE_CURVE('',#5224,#5223,#759,.T.);
#4330=EDGE_CURVE('',#5225,#4927,#5827,.T.);
#4331=EDGE_CURVE('',#5225,#5226,#760,.T.);
#4332=EDGE_CURVE('',#5226,#4928,#5828,.T.);
#4333=EDGE_CURVE('',#5227,#4933,#5829,.T.);
#4334=EDGE_CURVE('',#5227,#5225,#761,.T.);
#4335=EDGE_CURVE('',#5228,#4932,#5830,.T.);
#4336=EDGE_CURVE('',#5228,#5227,#762,.T.);
#4337=EDGE_CURVE('',#5229,#4931,#5831,.T.);
#4338=EDGE_CURVE('',#5229,#5228,#763,.T.);
#4339=EDGE_CURVE('',#5230,#4930,#5832,.T.);
#4340=EDGE_CURVE('',#5230,#5229,#764,.T.);
#4341=EDGE_CURVE('',#5231,#4929,#5833,.T.);
#4342=EDGE_CURVE('',#5231,#5230,#765,.T.);
#4343=EDGE_CURVE('',#5232,#4908,#5834,.T.);
#4344=EDGE_CURVE('',#5232,#4923,#646,.F.);
#4345=EDGE_CURVE('',#5233,#4907,#5835,.T.);
#4346=EDGE_CURVE('',#5233,#5232,#647,.F.);
#4347=EDGE_CURVE('',#5234,#4906,#5836,.T.);
#4348=EDGE_CURVE('',#5234,#5233,#766,.T.);
#4349=EDGE_CURVE('',#5235,#4902,#5837,.T.);
#4350=EDGE_CURVE('',#5235,#5236,#767,.T.);
#4351=EDGE_CURVE('',#5236,#4903,#5838,.T.);
#4352=EDGE_CURVE('',#5237,#4901,#5839,.T.);
#4353=EDGE_CURVE('',#5237,#5235,#648,.F.);
#4354=EDGE_CURVE('',#5238,#4900,#5840,.T.);
#4355=EDGE_CURVE('',#5238,#5237,#649,.F.);
#4356=EDGE_CURVE('',#5239,#4899,#5841,.T.);
#4357=EDGE_CURVE('',#5239,#5238,#768,.T.);
#4358=EDGE_CURVE('',#5240,#4918,#5842,.T.);
#4359=EDGE_CURVE('',#5240,#4925,#769,.T.);
#4360=EDGE_CURVE('',#5241,#4917,#5843,.T.);
#4361=EDGE_CURVE('',#5241,#5240,#650,.F.);
#4362=EDGE_CURVE('',#5242,#4916,#5844,.T.);
#4363=EDGE_CURVE('',#5242,#5241,#770,.T.);
#4364=EDGE_CURVE('',#5243,#4914,#5845,.T.);
#4365=EDGE_CURVE('',#5243,#5244,#771,.T.);
#4366=EDGE_CURVE('',#5244,#4915,#5846,.T.);
#4367=EDGE_CURVE('',#5245,#4913,#5847,.T.);
#4368=EDGE_CURVE('',#5245,#5243,#651,.F.);
#4369=EDGE_CURVE('',#5246,#4912,#5848,.T.);
#4370=EDGE_CURVE('',#5246,#5245,#772,.T.);
#4371=EDGE_CURVE('',#5247,#4911,#5849,.T.);
#4372=EDGE_CURVE('',#5247,#5246,#773,.T.);
#4373=EDGE_CURVE('',#5248,#4934,#5850,.T.);
#4374=EDGE_CURVE('',#5248,#5224,#774,.T.);
#4375=EDGE_CURVE('',#5226,#5231,#652,.T.);
#4376=EDGE_CURVE('',#5249,#5234,#5851,.T.);
#4377=EDGE_CURVE('',#5250,#5249,#653,.T.);
#4378=EDGE_CURVE('',#5250,#5236,#654,.T.);
#4379=EDGE_CURVE('',#4926,#5239,#655,.T.);
#4380=EDGE_CURVE('',#5242,#5244,#656,.T.);
#4381=EDGE_CURVE('',#4924,#5247,#657,.T.);
#4382=EDGE_CURVE('',#4920,#5248,#658,.T.);
#4383=EDGE_CURVE('',#4521,#4569,#5852,.T.);
#4384=EDGE_CURVE('',#4520,#4570,#5853,.T.);
#4385=EDGE_CURVE('',#4522,#4568,#5854,.T.);
#4386=EDGE_CURVE('',#4523,#4567,#5855,.T.);
#4387=EDGE_CURVE('',#4526,#4577,#5856,.T.);
#4388=EDGE_CURVE('',#4527,#4576,#5857,.T.);
#4389=EDGE_CURVE('',#4528,#4575,#5858,.T.);
#4390=EDGE_CURVE('',#4529,#4574,#5859,.T.);
#4391=EDGE_CURVE('',#4530,#4573,#5860,.T.);
#4392=EDGE_CURVE('',#4531,#4572,#5861,.T.);
#4393=EDGE_CURVE('',#4519,#4571,#5862,.T.);
#4394=EDGE_CURVE('',#5251,#5252,#775,.T.);
#4395=EDGE_CURVE('',#5253,#5251,#5863,.T.);
#4396=EDGE_CURVE('',#5253,#5254,#776,.T.);
#4397=EDGE_CURVE('',#5254,#5252,#5864,.T.);
#4398=EDGE_CURVE('',#5255,#5251,#777,.T.);
#4399=EDGE_CURVE('',#5256,#5255,#5865,.T.);
#4400=EDGE_CURVE('',#5256,#5253,#778,.T.);
#4401=EDGE_CURVE('',#5257,#5255,#779,.T.);
#4402=EDGE_CURVE('',#5258,#5257,#5866,.T.);
#4403=EDGE_CURVE('',#5258,#5256,#780,.T.);
#4404=EDGE_CURVE('',#5259,#5257,#781,.T.);
#4405=EDGE_CURVE('',#5260,#5259,#5867,.T.);
#4406=EDGE_CURVE('',#5260,#5258,#782,.T.);
#4407=EDGE_CURVE('',#5261,#5259,#783,.T.);
#4408=EDGE_CURVE('',#5262,#5261,#5868,.T.);
#4409=EDGE_CURVE('',#5262,#5260,#784,.T.);
#4410=EDGE_CURVE('',#5263,#5261,#785,.T.);
#4411=EDGE_CURVE('',#5264,#5263,#5869,.T.);
#4412=EDGE_CURVE('',#5264,#5262,#786,.T.);
#4413=EDGE_CURVE('',#5265,#5263,#787,.T.);
#4414=EDGE_CURVE('',#5266,#5265,#5870,.T.);
#4415=EDGE_CURVE('',#5266,#5264,#788,.T.);
#4416=EDGE_CURVE('',#5267,#5265,#789,.T.);
#4417=EDGE_CURVE('',#5268,#5267,#5871,.T.);
#4418=EDGE_CURVE('',#5268,#5266,#790,.T.);
#4419=EDGE_CURVE('',#5269,#5267,#791,.T.);
#4420=EDGE_CURVE('',#5270,#5269,#5872,.T.);
#4421=EDGE_CURVE('',#5270,#5268,#792,.T.);
#4422=EDGE_CURVE('',#5271,#5269,#793,.T.);
#4423=EDGE_CURVE('',#5272,#5271,#5873,.T.);
#4424=EDGE_CURVE('',#5272,#5270,#794,.T.);
#4425=EDGE_CURVE('',#5273,#5271,#795,.T.);
#4426=EDGE_CURVE('',#5274,#5273,#5874,.T.);
#4427=EDGE_CURVE('',#5274,#5272,#796,.T.);
#4428=EDGE_CURVE('',#5275,#5273,#797,.T.);
#4429=EDGE_CURVE('',#5276,#5275,#5875,.T.);
#4430=EDGE_CURVE('',#5276,#5274,#798,.T.);
#4431=EDGE_CURVE('',#5277,#5275,#799,.T.);
#4432=EDGE_CURVE('',#5278,#5277,#5876,.T.);
#4433=EDGE_CURVE('',#5278,#5276,#800,.T.);
#4434=EDGE_CURVE('',#5279,#4863,#5877,.T.);
#4435=EDGE_CURVE('',#5279,#5280,#659,.F.);
#4436=EDGE_CURVE('',#5280,#4864,#5878,.T.);
#4437=EDGE_CURVE('',#5281,#4862,#5879,.T.);
#4438=EDGE_CURVE('',#5281,#5279,#660,.F.);
#4439=EDGE_CURVE('',#5282,#4879,#5880,.T.);
#4440=EDGE_CURVE('',#5282,#5281,#801,.T.);
#4441=EDGE_CURVE('',#5283,#4878,#5881,.T.);
#4442=EDGE_CURVE('',#5283,#5282,#802,.T.);
#4443=EDGE_CURVE('',#5284,#4877,#5882,.T.);
#4444=EDGE_CURVE('',#5284,#5283,#803,.T.);
#4445=EDGE_CURVE('',#5285,#4876,#5883,.T.);
#4446=EDGE_CURVE('',#5285,#5284,#804,.T.);
#4447=EDGE_CURVE('',#5286,#4875,#5884,.T.);
#4448=EDGE_CURVE('',#5286,#5285,#661,.F.);
#4449=EDGE_CURVE('',#5287,#4874,#5885,.T.);
#4450=EDGE_CURVE('',#5287,#5286,#805,.T.);
#4451=EDGE_CURVE('',#5288,#4873,#5886,.T.);
#4452=EDGE_CURVE('',#5288,#5287,#662,.F.);
#4453=EDGE_CURVE('',#5289,#4872,#5887,.T.);
#4454=EDGE_CURVE('',#5289,#5288,#663,.F.);
#4455=EDGE_CURVE('',#5290,#4871,#5888,.T.);
#4456=EDGE_CURVE('',#5290,#5289,#806,.T.);
#4457=EDGE_CURVE('',#5291,#4870,#5889,.T.);
#4458=EDGE_CURVE('',#5291,#5290,#807,.T.);
#4459=EDGE_CURVE('',#5292,#4869,#5890,.T.);
#4460=EDGE_CURVE('',#5292,#5291,#808,.T.);
#4461=EDGE_CURVE('',#5293,#4868,#5891,.T.);
#4462=EDGE_CURVE('',#5293,#5292,#809,.T.);
#4463=EDGE_CURVE('',#5294,#4867,#5892,.T.);
#4464=EDGE_CURVE('',#5294,#5293,#810,.T.);
#4465=EDGE_CURVE('',#5295,#4866,#5893,.T.);
#4466=EDGE_CURVE('',#5295,#5294,#811,.T.);
#4467=EDGE_CURVE('',#5296,#4865,#5894,.T.);
#4468=EDGE_CURVE('',#5296,#5295,#664,.F.);
#4469=EDGE_CURVE('',#5280,#5296,#665,.F.);
#4470=EDGE_CURVE('',#5252,#5277,#812,.T.);
#4471=EDGE_CURVE('',#5254,#5278,#813,.T.);
#4472=EDGE_CURVE('',#4550,#4881,#5895,.T.);
#4473=EDGE_CURVE('',#4551,#4880,#5896,.T.);
#4474=EDGE_CURVE('',#4552,#4896,#5897,.T.);
#4475=EDGE_CURVE('',#4553,#4895,#5898,.T.);
#4476=EDGE_CURVE('',#4554,#4894,#5899,.T.);
#4477=EDGE_CURVE('',#4555,#4893,#5900,.T.);
#4478=EDGE_CURVE('',#4556,#4892,#5901,.T.);
#4479=EDGE_CURVE('',#4557,#4891,#5902,.T.);
#4480=EDGE_CURVE('',#4558,#4890,#5903,.T.);
#4481=EDGE_CURVE('',#4559,#4889,#5904,.T.);
#4482=EDGE_CURVE('',#4560,#4888,#5905,.T.);
#4483=EDGE_CURVE('',#4561,#4887,#5906,.T.);
#4484=EDGE_CURVE('',#4562,#4886,#5907,.T.);
#4485=EDGE_CURVE('',#4563,#4885,#5908,.T.);
#4486=EDGE_CURVE('',#4564,#4884,#5909,.T.);
#4487=EDGE_CURVE('',#4549,#4883,#5910,.T.);
#4488=EDGE_CURVE('',#4548,#4882,#5911,.T.);
#4489=EDGE_CURVE('',#5250,#4904,#5912,.T.);
#4490=EDGE_CURVE('',#5249,#4905,#5913,.T.);
#4491=VERTEX_POINT('',#10954);
#4492=VERTEX_POINT('',#10955);
#4493=VERTEX_POINT('',#10957);
#4494=VERTEX_POINT('',#10959);
#4495=VERTEX_POINT('',#10963);
#4496=VERTEX_POINT('',#10964);
#4497=VERTEX_POINT('',#10966);
#4498=VERTEX_POINT('',#10968);
#4499=VERTEX_POINT('',#10972);
#4500=VERTEX_POINT('',#10973);
#4501=VERTEX_POINT('',#10975);
#4502=VERTEX_POINT('',#10977);
#4503=VERTEX_POINT('',#10981);
#4504=VERTEX_POINT('',#10982);
#4505=VERTEX_POINT('',#10984);
#4506=VERTEX_POINT('',#10986);
#4507=VERTEX_POINT('',#10990);
#4508=VERTEX_POINT('',#10991);
#4509=VERTEX_POINT('',#10993);
#4510=VERTEX_POINT('',#10995);
#4511=VERTEX_POINT('',#10999);
#4512=VERTEX_POINT('',#11000);
#4513=VERTEX_POINT('',#11002);
#4514=VERTEX_POINT('',#11004);
#4515=VERTEX_POINT('',#11017);
#4516=VERTEX_POINT('',#11018);
#4517=VERTEX_POINT('',#11020);
#4518=VERTEX_POINT('',#11024);
#4519=VERTEX_POINT('',#11031);
#4520=VERTEX_POINT('',#11035);
#4521=VERTEX_POINT('',#11039);
#4522=VERTEX_POINT('',#11043);
#4523=VERTEX_POINT('',#11047);
#4524=VERTEX_POINT('',#11049);
#4525=VERTEX_POINT('',#11053);
#4526=VERTEX_POINT('',#11060);
#4527=VERTEX_POINT('',#11062);
#4528=VERTEX_POINT('',#11068);
#4529=VERTEX_POINT('',#11072);
#4530=VERTEX_POINT('',#11076);
#4531=VERTEX_POINT('',#11080);
#4532=VERTEX_POINT('',#11084);
#4533=VERTEX_POINT('',#11085);
#4534=VERTEX_POINT('',#11087);
#4535=VERTEX_POINT('',#11089);
#4536=VERTEX_POINT('',#11093);
#4537=VERTEX_POINT('',#11094);
#4538=VERTEX_POINT('',#11096);
#4539=VERTEX_POINT('',#11098);
#4540=VERTEX_POINT('',#11102);
#4541=VERTEX_POINT('',#11103);
#4542=VERTEX_POINT('',#11105);
#4543=VERTEX_POINT('',#11107);
#4544=VERTEX_POINT('',#11120);
#4545=VERTEX_POINT('',#11121);
#4546=VERTEX_POINT('',#11123);
#4547=VERTEX_POINT('',#11127);
#4548=VERTEX_POINT('',#11131);
#4549=VERTEX_POINT('',#11132);
#4550=VERTEX_POINT('',#11138);
#4551=VERTEX_POINT('',#11142);
#4552=VERTEX_POINT('',#11146);
#4553=VERTEX_POINT('',#11150);
#4554=VERTEX_POINT('',#11154);
#4555=VERTEX_POINT('',#11158);
#4556=VERTEX_POINT('',#11162);
#4557=VERTEX_POINT('',#11164);
#4558=VERTEX_POINT('',#11170);
#4559=VERTEX_POINT('',#11174);
#4560=VERTEX_POINT('',#11178);
#4561=VERTEX_POINT('',#11182);
#4562=VERTEX_POINT('',#11186);
#4563=VERTEX_POINT('',#11190);
#4564=VERTEX_POINT('',#11194);
#4565=VERTEX_POINT('',#11200);
#4566=VERTEX_POINT('',#11204);
#4567=VERTEX_POINT('',#11206);
#4568=VERTEX_POINT('',#11210);
#4569=VERTEX_POINT('',#11214);
#4570=VERTEX_POINT('',#11218);
#4571=VERTEX_POINT('',#11222);
#4572=VERTEX_POINT('',#11228);
#4573=VERTEX_POINT('',#11232);
#4574=VERTEX_POINT('',#11236);
#4575=VERTEX_POINT('',#11240);
#4576=VERTEX_POINT('',#11246);
#4577=VERTEX_POINT('',#11248);
#4578=VERTEX_POINT('',#11255);
#4579=VERTEX_POINT('',#11256);
#4580=VERTEX_POINT('',#11258);
#4581=VERTEX_POINT('',#11260);
#4582=VERTEX_POINT('',#11262);
#4583=VERTEX_POINT('',#11264);
#4584=VERTEX_POINT('',#11266);
#4585=VERTEX_POINT('',#11268);
#4586=VERTEX_POINT('',#11270);
#4587=VERTEX_POINT('',#11272);
#4588=VERTEX_POINT('',#11274);
#4589=VERTEX_POINT('',#11276);
#4590=VERTEX_POINT('',#11278);
#4591=VERTEX_POINT('',#11280);
#4592=VERTEX_POINT('',#11282);
#4593=VERTEX_POINT('',#11284);
#4594=VERTEX_POINT('',#11286);
#4595=VERTEX_POINT('',#11288);
#4596=VERTEX_POINT('',#11290);
#4597=VERTEX_POINT('',#11292);
#4598=VERTEX_POINT('',#11294);
#4599=VERTEX_POINT('',#11296);
#4600=VERTEX_POINT('',#11298);
#4601=VERTEX_POINT('',#11300);
#4602=VERTEX_POINT('',#11302);
#4603=VERTEX_POINT('',#11304);
#4604=VERTEX_POINT('',#11306);
#4605=VERTEX_POINT('',#11308);
#4606=VERTEX_POINT('',#11310);
#4607=VERTEX_POINT('',#11312);
#4608=VERTEX_POINT('',#11314);
#4609=VERTEX_POINT('',#11316);
#4610=VERTEX_POINT('',#11318);
#4611=VERTEX_POINT('',#11320);
#4612=VERTEX_POINT('',#11322);
#4613=VERTEX_POINT('',#11324);
#4614=VERTEX_POINT('',#11326);
#4615=VERTEX_POINT('',#11328);
#4616=VERTEX_POINT('',#11330);
#4617=VERTEX_POINT('',#11332);
#4618=VERTEX_POINT('',#11334);
#4619=VERTEX_POINT('',#11336);
#4620=VERTEX_POINT('',#11338);
#4621=VERTEX_POINT('',#11340);
#4622=VERTEX_POINT('',#11342);
#4623=VERTEX_POINT('',#11344);
#4624=VERTEX_POINT('',#11346);
#4625=VERTEX_POINT('',#11348);
#4626=VERTEX_POINT('',#11350);
#4627=VERTEX_POINT('',#11352);
#4628=VERTEX_POINT('',#11354);
#4629=VERTEX_POINT('',#11356);
#4630=VERTEX_POINT('',#11358);
#4631=VERTEX_POINT('',#11360);
#4632=VERTEX_POINT('',#11362);
#4633=VERTEX_POINT('',#11364);
#4634=VERTEX_POINT('',#11366);
#4635=VERTEX_POINT('',#11368);
#4636=VERTEX_POINT('',#11370);
#4637=VERTEX_POINT('',#11372);
#4638=VERTEX_POINT('',#11374);
#4639=VERTEX_POINT('',#11376);
#4640=VERTEX_POINT('',#11378);
#4641=VERTEX_POINT('',#11380);
#4642=VERTEX_POINT('',#11382);
#4643=VERTEX_POINT('',#11384);
#4644=VERTEX_POINT('',#11386);
#4645=VERTEX_POINT('',#11388);
#4646=VERTEX_POINT('',#11390);
#4647=VERTEX_POINT('',#11392);
#4648=VERTEX_POINT('',#11394);
#4649=VERTEX_POINT('',#11396);
#4650=VERTEX_POINT('',#11398);
#4651=VERTEX_POINT('',#11400);
#4652=VERTEX_POINT('',#11402);
#4653=VERTEX_POINT('',#11404);
#4654=VERTEX_POINT('',#11406);
#4655=VERTEX_POINT('',#11408);
#4656=VERTEX_POINT('',#11410);
#4657=VERTEX_POINT('',#11412);
#4658=VERTEX_POINT('',#11414);
#4659=VERTEX_POINT('',#11416);
#4660=VERTEX_POINT('',#11418);
#4661=VERTEX_POINT('',#11420);
#4662=VERTEX_POINT('',#11422);
#4663=VERTEX_POINT('',#11424);
#4664=VERTEX_POINT('',#11426);
#4665=VERTEX_POINT('',#11428);
#4666=VERTEX_POINT('',#11430);
#4667=VERTEX_POINT('',#11432);
#4668=VERTEX_POINT('',#11434);
#4669=VERTEX_POINT('',#11436);
#4670=VERTEX_POINT('',#11438);
#4671=VERTEX_POINT('',#11440);
#4672=VERTEX_POINT('',#11442);
#4673=VERTEX_POINT('',#11444);
#4674=VERTEX_POINT('',#11446);
#4675=VERTEX_POINT('',#11448);
#4676=VERTEX_POINT('',#11450);
#4677=VERTEX_POINT('',#11452);
#4678=VERTEX_POINT('',#11454);
#4679=VERTEX_POINT('',#11456);
#4680=VERTEX_POINT('',#11458);
#4681=VERTEX_POINT('',#11460);
#4682=VERTEX_POINT('',#11462);
#4683=VERTEX_POINT('',#11464);
#4684=VERTEX_POINT('',#11466);
#4685=VERTEX_POINT('',#11468);
#4686=VERTEX_POINT('',#11470);
#4687=VERTEX_POINT('',#11472);
#4688=VERTEX_POINT('',#11474);
#4689=VERTEX_POINT('',#11476);
#4690=VERTEX_POINT('',#11478);
#4691=VERTEX_POINT('',#11480);
#4692=VERTEX_POINT('',#11482);
#4693=VERTEX_POINT('',#11484);
#4694=VERTEX_POINT('',#11486);
#4695=VERTEX_POINT('',#11488);
#4696=VERTEX_POINT('',#11490);
#4697=VERTEX_POINT('',#11492);
#4698=VERTEX_POINT('',#11494);
#4699=VERTEX_POINT('',#11496);
#4700=VERTEX_POINT('',#11498);
#4701=VERTEX_POINT('',#11500);
#4702=VERTEX_POINT('',#11502);
#4703=VERTEX_POINT('',#11504);
#4704=VERTEX_POINT('',#11506);
#4705=VERTEX_POINT('',#11508);
#4706=VERTEX_POINT('',#11510);
#4707=VERTEX_POINT('',#11512);
#4708=VERTEX_POINT('',#11514);
#4709=VERTEX_POINT('',#11516);
#4710=VERTEX_POINT('',#11518);
#4711=VERTEX_POINT('',#11520);
#4712=VERTEX_POINT('',#11522);
#4713=VERTEX_POINT('',#11524);
#4714=VERTEX_POINT('',#11526);
#4715=VERTEX_POINT('',#11528);
#4716=VERTEX_POINT('',#11530);
#4717=VERTEX_POINT('',#11532);
#4718=VERTEX_POINT('',#11534);
#4719=VERTEX_POINT('',#11536);
#4720=VERTEX_POINT('',#11538);
#4721=VERTEX_POINT('',#11540);
#4722=VERTEX_POINT('',#11542);
#4723=VERTEX_POINT('',#11544);
#4724=VERTEX_POINT('',#11546);
#4725=VERTEX_POINT('',#11548);
#4726=VERTEX_POINT('',#11550);
#4727=VERTEX_POINT('',#11552);
#4728=VERTEX_POINT('',#11554);
#4729=VERTEX_POINT('',#11556);
#4730=VERTEX_POINT('',#11558);
#4731=VERTEX_POINT('',#11560);
#4732=VERTEX_POINT('',#11562);
#4733=VERTEX_POINT('',#11565);
#4734=VERTEX_POINT('',#11566);
#4735=VERTEX_POINT('',#11568);
#4736=VERTEX_POINT('',#11570);
#4737=VERTEX_POINT('',#11572);
#4738=VERTEX_POINT('',#11574);
#4739=VERTEX_POINT('',#11576);
#4740=VERTEX_POINT('',#11579);
#4741=VERTEX_POINT('',#11580);
#4742=VERTEX_POINT('',#11582);
#4743=VERTEX_POINT('',#11584);
#4744=VERTEX_POINT('',#11586);
#4745=VERTEX_POINT('',#11588);
#4746=VERTEX_POINT('',#11590);
#4747=VERTEX_POINT('',#11592);
#4748=VERTEX_POINT('',#11594);
#4749=VERTEX_POINT('',#11596);
#4750=VERTEX_POINT('',#11598);
#4751=VERTEX_POINT('',#11600);
#4752=VERTEX_POINT('',#11602);
#4753=VERTEX_POINT('',#11604);
#4754=VERTEX_POINT('',#11607);
#4755=VERTEX_POINT('',#11608);
#4756=VERTEX_POINT('',#11610);
#4757=VERTEX_POINT('',#11612);
#4758=VERTEX_POINT('',#11614);
#4759=VERTEX_POINT('',#11616);
#4760=VERTEX_POINT('',#11618);
#4761=VERTEX_POINT('',#11620);
#4762=VERTEX_POINT('',#11622);
#4763=VERTEX_POINT('',#11624);
#4764=VERTEX_POINT('',#11626);
#4765=VERTEX_POINT('',#11628);
#4766=VERTEX_POINT('',#11631);
#4767=VERTEX_POINT('',#11632);
#4768=VERTEX_POINT('',#11634);
#4769=VERTEX_POINT('',#11636);
#4770=VERTEX_POINT('',#11638);
#4771=VERTEX_POINT('',#11640);
#4772=VERTEX_POINT('',#11642);
#4773=VERTEX_POINT('',#11645);
#4774=VERTEX_POINT('',#11646);
#4775=VERTEX_POINT('',#11648);
#4776=VERTEX_POINT('',#11650);
#4777=VERTEX_POINT('',#11652);
#4778=VERTEX_POINT('',#11654);
#4779=VERTEX_POINT('',#11656);
#4780=VERTEX_POINT('',#11658);
#4781=VERTEX_POINT('',#11660);
#4782=VERTEX_POINT('',#11662);
#4783=VERTEX_POINT('',#11664);
#4784=VERTEX_POINT('',#11666);
#4785=VERTEX_POINT('',#11669);
#4786=VERTEX_POINT('',#11671);
#4787=VERTEX_POINT('',#11673);
#4788=VERTEX_POINT('',#11675);
#4789=VERTEX_POINT('',#11677);
#4790=VERTEX_POINT('',#11679);
#4791=VERTEX_POINT('',#11681);
#4792=VERTEX_POINT('',#11683);
#4793=VERTEX_POINT('',#11685);
#4794=VERTEX_POINT('',#11686);
#4795=VERTEX_POINT('',#11688);
#4796=VERTEX_POINT('',#11690);
#4797=VERTEX_POINT('',#11692);
#4798=VERTEX_POINT('',#11694);
#4799=VERTEX_POINT('',#11696);
#4800=VERTEX_POINT('',#11698);
#4801=VERTEX_POINT('',#11700);
#4802=VERTEX_POINT('',#11702);
#4803=VERTEX_POINT('',#11704);
#4804=VERTEX_POINT('',#11706);
#4805=VERTEX_POINT('',#11708);
#4806=VERTEX_POINT('',#11710);
#4807=VERTEX_POINT('',#11713);
#4808=VERTEX_POINT('',#11714);
#4809=VERTEX_POINT('',#11716);
#4810=VERTEX_POINT('',#11718);
#4811=VERTEX_POINT('',#11720);
#4812=VERTEX_POINT('',#11722);
#4813=VERTEX_POINT('',#11724);
#4814=VERTEX_POINT('',#11727);
#4815=VERTEX_POINT('',#11728);
#4816=VERTEX_POINT('',#11730);
#4817=VERTEX_POINT('',#11732);
#4818=VERTEX_POINT('',#11734);
#4819=VERTEX_POINT('',#11736);
#4820=VERTEX_POINT('',#11738);
#4821=VERTEX_POINT('',#11740);
#4822=VERTEX_POINT('',#11742);
#4823=VERTEX_POINT('',#11744);
#4824=VERTEX_POINT('',#11746);
#4825=VERTEX_POINT('',#11748);
#4826=VERTEX_POINT('',#11750);
#4827=VERTEX_POINT('',#11753);
#4828=VERTEX_POINT('',#11754);
#4829=VERTEX_POINT('',#11756);
#4830=VERTEX_POINT('',#11758);
#4831=VERTEX_POINT('',#11760);
#4832=VERTEX_POINT('',#11762);
#4833=VERTEX_POINT('',#11764);
#4834=VERTEX_POINT('',#11766);
#4835=VERTEX_POINT('',#11769);
#4836=VERTEX_POINT('',#11770);
#4837=VERTEX_POINT('',#11772);
#4838=VERTEX_POINT('',#11774);
#4839=VERTEX_POINT('',#11776);
#4840=VERTEX_POINT('',#11778);
#4841=VERTEX_POINT('',#11780);
#4842=VERTEX_POINT('',#11783);
#4843=VERTEX_POINT('',#11784);
#4844=VERTEX_POINT('',#11786);
#4845=VERTEX_POINT('',#11788);
#4846=VERTEX_POINT('',#11790);
#4847=VERTEX_POINT('',#11792);
#4848=VERTEX_POINT('',#11794);
#4849=VERTEX_POINT('',#11796);
#4850=VERTEX_POINT('',#11798);
#4851=VERTEX_POINT('',#11800);
#4852=VERTEX_POINT('',#11803);
#4853=VERTEX_POINT('',#11804);
#4854=VERTEX_POINT('',#11806);
#4855=VERTEX_POINT('',#11808);
#4856=VERTEX_POINT('',#11810);
#4857=VERTEX_POINT('',#11812);
#4858=VERTEX_POINT('',#11814);
#4859=VERTEX_POINT('',#11816);
#4860=VERTEX_POINT('',#11818);
#4861=VERTEX_POINT('',#11820);
#4862=VERTEX_POINT('',#11823);
#4863=VERTEX_POINT('',#11824);
#4864=VERTEX_POINT('',#11826);
#4865=VERTEX_POINT('',#11828);
#4866=VERTEX_POINT('',#11830);
#4867=VERTEX_POINT('',#11834);
#4868=VERTEX_POINT('',#11838);
#4869=VERTEX_POINT('',#11842);
#4870=VERTEX_POINT('',#11846);
#4871=VERTEX_POINT('',#11850);
#4872=VERTEX_POINT('',#11854);
#4873=VERTEX_POINT('',#11856);
#4874=VERTEX_POINT('',#11858);
#4875=VERTEX_POINT('',#11862);
#4876=VERTEX_POINT('',#11864);
#4877=VERTEX_POINT('',#11868);
#4878=VERTEX_POINT('',#11872);
#4879=VERTEX_POINT('',#11876);
#4880=VERTEX_POINT('',#11883);
#4881=VERTEX_POINT('',#11884);
#4882=VERTEX_POINT('',#11890);
#4883=VERTEX_POINT('',#11892);
#4884=VERTEX_POINT('',#11896);
#4885=VERTEX_POINT('',#11900);
#4886=VERTEX_POINT('',#11904);
#4887=VERTEX_POINT('',#11908);
#4888=VERTEX_POINT('',#11912);
#4889=VERTEX_POINT('',#11916);
#4890=VERTEX_POINT('',#11920);
#4891=VERTEX_POINT('',#11926);
#4892=VERTEX_POINT('',#11928);
#4893=VERTEX_POINT('',#11932);
#4894=VERTEX_POINT('',#11936);
#4895=VERTEX_POINT('',#11940);
#4896=VERTEX_POINT('',#11944);
#4897=VERTEX_POINT('',#11951);
#4898=VERTEX_POINT('',#11952);
#4899=VERTEX_POINT('',#11954);
#4900=VERTEX_POINT('',#11958);
#4901=VERTEX_POINT('',#11960);
#4902=VERTEX_POINT('',#11962);
#4903=VERTEX_POINT('',#11966);
#4904=VERTEX_POINT('',#11968);
#4905=VERTEX_POINT('',#11970);
#4906=VERTEX_POINT('',#11972);
#4907=VERTEX_POINT('',#11976);
#4908=VERTEX_POINT('',#11978);
#4909=VERTEX_POINT('',#11980);
#4910=VERTEX_POINT('',#11984);
#4911=VERTEX_POINT('',#11986);
#4912=VERTEX_POINT('',#11990);
#4913=VERTEX_POINT('',#11994);
#4914=VERTEX_POINT('',#11996);
#4915=VERTEX_POINT('',#12000);
#4916=VERTEX_POINT('',#12002);
#4917=VERTEX_POINT('',#12006);
#4918=VERTEX_POINT('',#12008);
#4919=VERTEX_POINT('',#12023);
#4920=VERTEX_POINT('',#12024);
#4921=VERTEX_POINT('',#12026);
#4922=VERTEX_POINT('',#12030);
#4923=VERTEX_POINT('',#12043);
#4924=VERTEX_POINT('',#12044);
#4925=VERTEX_POINT('',#12058);
#4926=VERTEX_POINT('',#12059);
#4927=VERTEX_POINT('',#12066);
#4928=VERTEX_POINT('',#12067);
#4929=VERTEX_POINT('',#12069);
#4930=VERTEX_POINT('',#12073);
#4931=VERTEX_POINT('',#12077);
#4932=VERTEX_POINT('',#12081);
#4933=VERTEX_POINT('',#12085);
#4934=VERTEX_POINT('',#12101);
#4935=VERTEX_POINT('',#12105);
#4936=VERTEX_POINT('',#12109);
#4937=VERTEX_POINT('',#12113);
#4938=VERTEX_POINT('',#12119);
#4939=VERTEX_POINT('',#12121);
#4940=VERTEX_POINT('',#12125);
#4941=VERTEX_POINT('',#12126);
#4942=VERTEX_POINT('',#12128);
#4943=VERTEX_POINT('',#12130);
#4944=VERTEX_POINT('',#12132);
#4945=VERTEX_POINT('',#12134);
#4946=VERTEX_POINT('',#12136);
#4947=VERTEX_POINT('',#12138);
#4948=VERTEX_POINT('',#12141);
#4949=VERTEX_POINT('',#12142);
#4950=VERTEX_POINT('',#12144);
#4951=VERTEX_POINT('',#12146);
#4952=VERTEX_POINT('',#12148);
#4953=VERTEX_POINT('',#12150);
#4954=VERTEX_POINT('',#12152);
#4955=VERTEX_POINT('',#12155);
#4956=VERTEX_POINT('',#12156);
#4957=VERTEX_POINT('',#12158);
#4958=VERTEX_POINT('',#12160);
#4959=VERTEX_POINT('',#12162);
#4960=VERTEX_POINT('',#12164);
#4961=VERTEX_POINT('',#12166);
#4962=VERTEX_POINT('',#12169);
#4963=VERTEX_POINT('',#12170);
#4964=VERTEX_POINT('',#12172);
#4965=VERTEX_POINT('',#12174);
#4966=VERTEX_POINT('',#12176);
#4967=VERTEX_POINT('',#12178);
#4968=VERTEX_POINT('',#12180);
#4969=VERTEX_POINT('',#12182);
#4970=VERTEX_POINT('',#12184);
#4971=VERTEX_POINT('',#12186);
#4972=VERTEX_POINT('',#12188);
#4973=VERTEX_POINT('',#12190);
#4974=VERTEX_POINT('',#12193);
#4975=VERTEX_POINT('',#12194);
#4976=VERTEX_POINT('',#12196);
#4977=VERTEX_POINT('',#12198);
#4978=VERTEX_POINT('',#12200);
#4979=VERTEX_POINT('',#12202);
#4980=VERTEX_POINT('',#12204);
#4981=VERTEX_POINT('',#12206);
#4982=VERTEX_POINT('',#12208);
#4983=VERTEX_POINT('',#12210);
#4984=VERTEX_POINT('',#12212);
#4985=VERTEX_POINT('',#12214);
#4986=VERTEX_POINT('',#12216);
#4987=VERTEX_POINT('',#12218);
#4988=VERTEX_POINT('',#12221);
#4989=VERTEX_POINT('',#12223);
#4990=VERTEX_POINT('',#12225);
#4991=VERTEX_POINT('',#12227);
#4992=VERTEX_POINT('',#12229);
#4993=VERTEX_POINT('',#12231);
#4994=VERTEX_POINT('',#12233);
#4995=VERTEX_POINT('',#12235);
#4996=VERTEX_POINT('',#12237);
#4997=VERTEX_POINT('',#12238);
#4998=VERTEX_POINT('',#12240);
#4999=VERTEX_POINT('',#12242);
#5000=VERTEX_POINT('',#12244);
#5001=VERTEX_POINT('',#12246);
#5002=VERTEX_POINT('',#12248);
#5003=VERTEX_POINT('',#12250);
#5004=VERTEX_POINT('',#12252);
#5005=VERTEX_POINT('',#12254);
#5006=VERTEX_POINT('',#12256);
#5007=VERTEX_POINT('',#12258);
#5008=VERTEX_POINT('',#12260);
#5009=VERTEX_POINT('',#12263);
#5010=VERTEX_POINT('',#12264);
#5011=VERTEX_POINT('',#12266);
#5012=VERTEX_POINT('',#12268);
#5013=VERTEX_POINT('',#12270);
#5014=VERTEX_POINT('',#12272);
#5015=VERTEX_POINT('',#12274);
#5016=VERTEX_POINT('',#12276);
#5017=VERTEX_POINT('',#12278);
#5018=VERTEX_POINT('',#12280);
#5019=VERTEX_POINT('',#12282);
#5020=VERTEX_POINT('',#12284);
#5021=VERTEX_POINT('',#12287);
#5022=VERTEX_POINT('',#12288);
#5023=VERTEX_POINT('',#12290);
#5024=VERTEX_POINT('',#12292);
#5025=VERTEX_POINT('',#12294);
#5026=VERTEX_POINT('',#12296);
#5027=VERTEX_POINT('',#12298);
#5028=VERTEX_POINT('',#12300);
#5029=VERTEX_POINT('',#12302);
#5030=VERTEX_POINT('',#12304);
#5031=VERTEX_POINT('',#12306);
#5032=VERTEX_POINT('',#12308);
#5033=VERTEX_POINT('',#12310);
#5034=VERTEX_POINT('',#12312);
#5035=VERTEX_POINT('',#12315);
#5036=VERTEX_POINT('',#12316);
#5037=VERTEX_POINT('',#12318);
#5038=VERTEX_POINT('',#12320);
#5039=VERTEX_POINT('',#12322);
#5040=VERTEX_POINT('',#12324);
#5041=VERTEX_POINT('',#12326);
#5042=VERTEX_POINT('',#12329);
#5043=VERTEX_POINT('',#12330);
#5044=VERTEX_POINT('',#12332);
#5045=VERTEX_POINT('',#12334);
#5046=VERTEX_POINT('',#12336);
#5047=VERTEX_POINT('',#12338);
#5048=VERTEX_POINT('',#12340);
#5049=VERTEX_POINT('',#12343);
#5050=VERTEX_POINT('',#12344);
#5051=VERTEX_POINT('',#12346);
#5052=VERTEX_POINT('',#12348);
#5053=VERTEX_POINT('',#12350);
#5054=VERTEX_POINT('',#12352);
#5055=VERTEX_POINT('',#12354);
#5056=VERTEX_POINT('',#12356);
#5057=VERTEX_POINT('',#12358);
#5058=VERTEX_POINT('',#12360);
#5059=VERTEX_POINT('',#12363);
#5060=VERTEX_POINT('',#12364);
#5061=VERTEX_POINT('',#12366);
#5062=VERTEX_POINT('',#12368);
#5063=VERTEX_POINT('',#12370);
#5064=VERTEX_POINT('',#12372);
#5065=VERTEX_POINT('',#12374);
#5066=VERTEX_POINT('',#12376);
#5067=VERTEX_POINT('',#12378);
#5068=VERTEX_POINT('',#12380);
#5069=VERTEX_POINT('',#12383);
#5070=VERTEX_POINT('',#12385);
#5071=VERTEX_POINT('',#12387);
#5072=VERTEX_POINT('',#12389);
#5073=VERTEX_POINT('',#12391);
#5074=VERTEX_POINT('',#12393);
#5075=VERTEX_POINT('',#12395);
#5076=VERTEX_POINT('',#12397);
#5077=VERTEX_POINT('',#12399);
#5078=VERTEX_POINT('',#12401);
#5079=VERTEX_POINT('',#12403);
#5080=VERTEX_POINT('',#12405);
#5081=VERTEX_POINT('',#12407);
#5082=VERTEX_POINT('',#12409);
#5083=VERTEX_POINT('',#12411);
#5084=VERTEX_POINT('',#12413);
#5085=VERTEX_POINT('',#12415);
#5086=VERTEX_POINT('',#12417);
#5087=VERTEX_POINT('',#12419);
#5088=VERTEX_POINT('',#12421);
#5089=VERTEX_POINT('',#12423);
#5090=VERTEX_POINT('',#12425);
#5091=VERTEX_POINT('',#12427);
#5092=VERTEX_POINT('',#12429);
#5093=VERTEX_POINT('',#12431);
#5094=VERTEX_POINT('',#12433);
#5095=VERTEX_POINT('',#12435);
#5096=VERTEX_POINT('',#12437);
#5097=VERTEX_POINT('',#12439);
#5098=VERTEX_POINT('',#12441);
#5099=VERTEX_POINT('',#12443);
#5100=VERTEX_POINT('',#12445);
#5101=VERTEX_POINT('',#12447);
#5102=VERTEX_POINT('',#12449);
#5103=VERTEX_POINT('',#12451);
#5104=VERTEX_POINT('',#12453);
#5105=VERTEX_POINT('',#12455);
#5106=VERTEX_POINT('',#12457);
#5107=VERTEX_POINT('',#12459);
#5108=VERTEX_POINT('',#12461);
#5109=VERTEX_POINT('',#12463);
#5110=VERTEX_POINT('',#12465);
#5111=VERTEX_POINT('',#12467);
#5112=VERTEX_POINT('',#12469);
#5113=VERTEX_POINT('',#12471);
#5114=VERTEX_POINT('',#12473);
#5115=VERTEX_POINT('',#12475);
#5116=VERTEX_POINT('',#12477);
#5117=VERTEX_POINT('',#12479);
#5118=VERTEX_POINT('',#12481);
#5119=VERTEX_POINT('',#12483);
#5120=VERTEX_POINT('',#12485);
#5121=VERTEX_POINT('',#12487);
#5122=VERTEX_POINT('',#12489);
#5123=VERTEX_POINT('',#12491);
#5124=VERTEX_POINT('',#12493);
#5125=VERTEX_POINT('',#12495);
#5126=VERTEX_POINT('',#12497);
#5127=VERTEX_POINT('',#12499);
#5128=VERTEX_POINT('',#12501);
#5129=VERTEX_POINT('',#12503);
#5130=VERTEX_POINT('',#12505);
#5131=VERTEX_POINT('',#12507);
#5132=VERTEX_POINT('',#12509);
#5133=VERTEX_POINT('',#12511);
#5134=VERTEX_POINT('',#12513);
#5135=VERTEX_POINT('',#12515);
#5136=VERTEX_POINT('',#12517);
#5137=VERTEX_POINT('',#12519);
#5138=VERTEX_POINT('',#12521);
#5139=VERTEX_POINT('',#12523);
#5140=VERTEX_POINT('',#12525);
#5141=VERTEX_POINT('',#12527);
#5142=VERTEX_POINT('',#12529);
#5143=VERTEX_POINT('',#12531);
#5144=VERTEX_POINT('',#12533);
#5145=VERTEX_POINT('',#12535);
#5146=VERTEX_POINT('',#12537);
#5147=VERTEX_POINT('',#12539);
#5148=VERTEX_POINT('',#12541);
#5149=VERTEX_POINT('',#12543);
#5150=VERTEX_POINT('',#12545);
#5151=VERTEX_POINT('',#12547);
#5152=VERTEX_POINT('',#12549);
#5153=VERTEX_POINT('',#12551);
#5154=VERTEX_POINT('',#12553);
#5155=VERTEX_POINT('',#12555);
#5156=VERTEX_POINT('',#12557);
#5157=VERTEX_POINT('',#12559);
#5158=VERTEX_POINT('',#12561);
#5159=VERTEX_POINT('',#12563);
#5160=VERTEX_POINT('',#12565);
#5161=VERTEX_POINT('',#12567);
#5162=VERTEX_POINT('',#12569);
#5163=VERTEX_POINT('',#12571);
#5164=VERTEX_POINT('',#12573);
#5165=VERTEX_POINT('',#12575);
#5166=VERTEX_POINT('',#12577);
#5167=VERTEX_POINT('',#12579);
#5168=VERTEX_POINT('',#12581);
#5169=VERTEX_POINT('',#12583);
#5170=VERTEX_POINT('',#12585);
#5171=VERTEX_POINT('',#12587);
#5172=VERTEX_POINT('',#12589);
#5173=VERTEX_POINT('',#12591);
#5174=VERTEX_POINT('',#12593);
#5175=VERTEX_POINT('',#12595);
#5176=VERTEX_POINT('',#12597);
#5177=VERTEX_POINT('',#12599);
#5178=VERTEX_POINT('',#12601);
#5179=VERTEX_POINT('',#12603);
#5180=VERTEX_POINT('',#12605);
#5181=VERTEX_POINT('',#12607);
#5182=VERTEX_POINT('',#12609);
#5183=VERTEX_POINT('',#12611);
#5184=VERTEX_POINT('',#12613);
#5185=VERTEX_POINT('',#12615);
#5186=VERTEX_POINT('',#12617);
#5187=VERTEX_POINT('',#12619);
#5188=VERTEX_POINT('',#12621);
#5189=VERTEX_POINT('',#12623);
#5190=VERTEX_POINT('',#12625);
#5191=VERTEX_POINT('',#12627);
#5192=VERTEX_POINT('',#12629);
#5193=VERTEX_POINT('',#12631);
#5194=VERTEX_POINT('',#12633);
#5195=VERTEX_POINT('',#12635);
#5196=VERTEX_POINT('',#12637);
#5197=VERTEX_POINT('',#12639);
#5198=VERTEX_POINT('',#12641);
#5199=VERTEX_POINT('',#12643);
#5200=VERTEX_POINT('',#12645);
#5201=VERTEX_POINT('',#12647);
#5202=VERTEX_POINT('',#12649);
#5203=VERTEX_POINT('',#12651);
#5204=VERTEX_POINT('',#12653);
#5205=VERTEX_POINT('',#12655);
#5206=VERTEX_POINT('',#12657);
#5207=VERTEX_POINT('',#12659);
#5208=VERTEX_POINT('',#12661);
#5209=VERTEX_POINT('',#12663);
#5210=VERTEX_POINT('',#12665);
#5211=VERTEX_POINT('',#12667);
#5212=VERTEX_POINT('',#12669);
#5213=VERTEX_POINT('',#12671);
#5214=VERTEX_POINT('',#12673);
#5215=VERTEX_POINT('',#12675);
#5216=VERTEX_POINT('',#12677);
#5217=VERTEX_POINT('',#12679);
#5218=VERTEX_POINT('',#12681);
#5219=VERTEX_POINT('',#12683);
#5220=VERTEX_POINT('',#12685);
#5221=VERTEX_POINT('',#12687);
#5222=VERTEX_POINT('',#13255);
#5223=VERTEX_POINT('',#13268);
#5224=VERTEX_POINT('',#13281);
#5225=VERTEX_POINT('',#13294);
#5226=VERTEX_POINT('',#13298);
#5227=VERTEX_POINT('',#13309);
#5228=VERTEX_POINT('',#13322);
#5229=VERTEX_POINT('',#13335);
#5230=VERTEX_POINT('',#13348);
#5231=VERTEX_POINT('',#13361);
#5232=VERTEX_POINT('',#13367);
#5233=VERTEX_POINT('',#13371);
#5234=VERTEX_POINT('',#13382);
#5235=VERTEX_POINT('',#13395);
#5236=VERTEX_POINT('',#13399);
#5237=VERTEX_POINT('',#13403);
#5238=VERTEX_POINT('',#13407);
#5239=VERTEX_POINT('',#13418);
#5240=VERTEX_POINT('',#13431);
#5241=VERTEX_POINT('',#13437);
#5242=VERTEX_POINT('',#13448);
#5243=VERTEX_POINT('',#13461);
#5244=VERTEX_POINT('',#13465);
#5245=VERTEX_POINT('',#13469);
#5246=VERTEX_POINT('',#13480);
#5247=VERTEX_POINT('',#13493);
#5248=VERTEX_POINT('',#13506);
#5249=VERTEX_POINT('',#13513);
#5250=VERTEX_POINT('',#13515);
#5251=VERTEX_POINT('',#13624);
#5252=VERTEX_POINT('',#13625);
#5253=VERTEX_POINT('',#13627);
#5254=VERTEX_POINT('',#13631);
#5255=VERTEX_POINT('',#13644);
#5256=VERTEX_POINT('',#13646);
#5257=VERTEX_POINT('',#13661);
#5258=VERTEX_POINT('',#13663);
#5259=VERTEX_POINT('',#13678);
#5260=VERTEX_POINT('',#13680);
#5261=VERTEX_POINT('',#13695);
#5262=VERTEX_POINT('',#13697);
#5263=VERTEX_POINT('',#13712);
#5264=VERTEX_POINT('',#13714);
#5265=VERTEX_POINT('',#13729);
#5266=VERTEX_POINT('',#13731);
#5267=VERTEX_POINT('',#13746);
#5268=VERTEX_POINT('',#13748);
#5269=VERTEX_POINT('',#13763);
#5270=VERTEX_POINT('',#13765);
#5271=VERTEX_POINT('',#13780);
#5272=VERTEX_POINT('',#13782);
#5273=VERTEX_POINT('',#13797);
#5274=VERTEX_POINT('',#13799);
#5275=VERTEX_POINT('',#13814);
#5276=VERTEX_POINT('',#13816);
#5277=VERTEX_POINT('',#13831);
#5278=VERTEX_POINT('',#13833);
#5279=VERTEX_POINT('',#13839);
#5280=VERTEX_POINT('',#13841);
#5281=VERTEX_POINT('',#13845);
#5282=VERTEX_POINT('',#13856);
#5283=VERTEX_POINT('',#13869);
#5284=VERTEX_POINT('',#13882);
#5285=VERTEX_POINT('',#13895);
#5286=VERTEX_POINT('',#13901);
#5287=VERTEX_POINT('',#13912);
#5288=VERTEX_POINT('',#13918);
#5289=VERTEX_POINT('',#13922);
#5290=VERTEX_POINT('',#13933);
#5291=VERTEX_POINT('',#13946);
#5292=VERTEX_POINT('',#13959);
#5293=VERTEX_POINT('',#13972);
#5294=VERTEX_POINT('',#13985);
#5295=VERTEX_POINT('',#13998);
#5296=VERTEX_POINT('',#14004);
#5297=LINE('',#10953,#5914);
#5298=LINE('',#10956,#5915);
#5299=LINE('',#10958,#5916);
#5300=LINE('',#10960,#5917);
#5301=LINE('',#10962,#5918);
#5302=LINE('',#10965,#5919);
#5303=LINE('',#10967,#5920);
#5304=LINE('',#10969,#5921);
#5305=LINE('',#10971,#5922);
#5306=LINE('',#10974,#5923);
#5307=LINE('',#10976,#5924);
#5308=LINE('',#10978,#5925);
#5309=LINE('',#10980,#5926);
#5310=LINE('',#10983,#5927);
#5311=LINE('',#10985,#5928);
#5312=LINE('',#10987,#5929);
#5313=LINE('',#10989,#5930);
#5314=LINE('',#10992,#5931);
#5315=LINE('',#10994,#5932);
#5316=LINE('',#10996,#5933);
#5317=LINE('',#10998,#5934);
#5318=LINE('',#11001,#5935);
#5319=LINE('',#11003,#5936);
#5320=LINE('',#11005,#5937);
#5321=LINE('',#11019,#5938);
#5322=LINE('',#11025,#5939);
#5323=LINE('',#11083,#5940);
#5324=LINE('',#11086,#5941);
#5325=LINE('',#11088,#5942);
#5326=LINE('',#11090,#5943);
#5327=LINE('',#11092,#5944);
#5328=LINE('',#11095,#5945);
#5329=LINE('',#11097,#5946);
#5330=LINE('',#11099,#5947);
#5331=LINE('',#11101,#5948);
#5332=LINE('',#11104,#5949);
#5333=LINE('',#11106,#5950);
#5334=LINE('',#11108,#5951);
#5335=LINE('',#11122,#5952);
#5336=LINE('',#11128,#5953);
#5337=LINE('',#11163,#5954);
#5338=LINE('',#11257,#5955);
#5339=LINE('',#11259,#5956);
#5340=LINE('',#11261,#5957);
#5341=LINE('',#11265,#5958);
#5342=LINE('',#11269,#5959);
#5343=LINE('',#11273,#5960);
#5344=LINE('',#11281,#5961);
#5345=LINE('',#11285,#5962);
#5346=LINE('',#11293,#5963);
#5347=LINE('',#11297,#5964);
#5348=LINE('',#11305,#5965);
#5349=LINE('',#11309,#5966);
#5350=LINE('',#11317,#5967);
#5351=LINE('',#11321,#5968);
#5352=LINE('',#11329,#5969);
#5353=LINE('',#11333,#5970);
#5354=LINE('',#11341,#5971);
#5355=LINE('',#11345,#5972);
#5356=LINE('',#11353,#5973);
#5357=LINE('',#11357,#5974);
#5358=LINE('',#11365,#5975);
#5359=LINE('',#11369,#5976);
#5360=LINE('',#11377,#5977);
#5361=LINE('',#11381,#5978);
#5362=LINE('',#11389,#5979);
#5363=LINE('',#11393,#5980);
#5364=LINE('',#11401,#5981);
#5365=LINE('',#11405,#5982);
#5366=LINE('',#11413,#5983);
#5367=LINE('',#11417,#5984);
#5368=LINE('',#11425,#5985);
#5369=LINE('',#11429,#5986);
#5370=LINE('',#11437,#5987);
#5371=LINE('',#11441,#5988);
#5372=LINE('',#11449,#5989);
#5373=LINE('',#11453,#5990);
#5374=LINE('',#11461,#5991);
#5375=LINE('',#11465,#5992);
#5376=LINE('',#11473,#5993);
#5377=LINE('',#11477,#5994);
#5378=LINE('',#11485,#5995);
#5379=LINE('',#11489,#5996);
#5380=LINE('',#11497,#5997);
#5381=LINE('',#11501,#5998);
#5382=LINE('',#11509,#5999);
#5383=LINE('',#11513,#6000);
#5384=LINE('',#11521,#6001);
#5385=LINE('',#11525,#6002);
#5386=LINE('',#11533,#6003);
#5387=LINE('',#11537,#6004);
#5388=LINE('',#11545,#6005);
#5389=LINE('',#11549,#6006);
#5390=LINE('',#11557,#6007);
#5391=LINE('',#11559,#6008);
#5392=LINE('',#11563,#6009);
#5393=LINE('',#11567,#6010);
#5394=LINE('',#11573,#6011);
#5395=LINE('',#11577,#6012);
#5396=LINE('',#11578,#6013);
#5397=LINE('',#11583,#6014);
#5398=LINE('',#11591,#6015);
#5399=LINE('',#11595,#6016);
#5400=LINE('',#11599,#6017);
#5401=LINE('',#11603,#6018);
#5402=LINE('',#11613,#6019);
#5403=LINE('',#11617,#6020);
#5404=LINE('',#11621,#6021);
#5405=LINE('',#11625,#6022);
#5406=LINE('',#11633,#6023);
#5407=LINE('',#11639,#6024);
#5408=LINE('',#11643,#6025);
#5409=LINE('',#11647,#6026);
#5410=LINE('',#11655,#6027);
#5411=LINE('',#11659,#6028);
#5412=LINE('',#11663,#6029);
#5413=LINE('',#11667,#6030);
#5414=LINE('',#11691,#6031);
#5415=LINE('',#11699,#6032);
#5416=LINE('',#11703,#6033);
#5417=LINE('',#11717,#6034);
#5418=LINE('',#11721,#6035);
#5419=LINE('',#11725,#6036);
#5420=LINE('',#11729,#6037);
#5421=LINE('',#11733,#6038);
#5422=LINE('',#11739,#6039);
#5423=LINE('',#11747,#6040);
#5424=LINE('',#11751,#6041);
#5425=LINE('',#11755,#6042);
#5426=LINE('',#11759,#6043);
#5427=LINE('',#11763,#6044);
#5428=LINE('',#11767,#6045);
#5429=LINE('',#11771,#6046);
#5430=LINE('',#11777,#6047);
#5431=LINE('',#11781,#6048);
#5432=LINE('',#11785,#6049);
#5433=LINE('',#11789,#6050);
#5434=LINE('',#11797,#6051);
#5435=LINE('',#11809,#6052);
#5436=LINE('',#11813,#6053);
#5437=LINE('',#11817,#6054);
#5438=LINE('',#11927,#6055);
#5439=LINE('',#11971,#6056);
#5440=LINE('',#12025,#6057);
#5441=LINE('',#12031,#6058);
#5442=LINE('',#12045,#6059);
#5443=LINE('',#12046,#6060);
#5444=LINE('',#12060,#6061);
#5445=LINE('',#12061,#6062);
#5446=LINE('',#12097,#6063);
#5447=LINE('',#12098,#6064);
#5448=LINE('',#12118,#6065);
#5449=LINE('',#12120,#6066);
#5450=LINE('',#12122,#6067);
#5451=LINE('',#12127,#6068);
#5452=LINE('',#12131,#6069);
#5453=LINE('',#12135,#6070);
#5454=LINE('',#12139,#6071);
#5455=LINE('',#12143,#6072);
#5456=LINE('',#12149,#6073);
#5457=LINE('',#12153,#6074);
#5458=LINE('',#12157,#6075);
#5459=LINE('',#12161,#6076);
#5460=LINE('',#12165,#6077);
#5461=LINE('',#12168,#6078);
#5462=LINE('',#12173,#6079);
#5463=LINE('',#12181,#6080);
#5464=LINE('',#12185,#6081);
#5465=LINE('',#12189,#6082);
#5466=LINE('',#12195,#6083);
#5467=LINE('',#12203,#6084);
#5468=LINE('',#12219,#6085);
#5469=LINE('',#12236,#6086);
#5470=LINE('',#12241,#6087);
#5471=LINE('',#12249,#6088);
#5472=LINE('',#12255,#6089);
#5473=LINE('',#12259,#6090);
#5474=LINE('',#12262,#6091);
#5475=LINE('',#12267,#6092);
#5476=LINE('',#12271,#6093);
#5477=LINE('',#12283,#6094);
#5478=LINE('',#12286,#6095);
#5479=LINE('',#12291,#6096);
#5480=LINE('',#12295,#6097);
#5481=LINE('',#12299,#6098);
#5482=LINE('',#12303,#6099);
#5483=LINE('',#12307,#6100);
#5484=LINE('',#12317,#6101);
#5485=LINE('',#12323,#6102);
#5486=LINE('',#12327,#6103);
#5487=LINE('',#12328,#6104);
#5488=LINE('',#12333,#6105);
#5489=LINE('',#12339,#6106);
#5490=LINE('',#12349,#6107);
#5491=LINE('',#12353,#6108);
#5492=LINE('',#12361,#6109);
#5493=LINE('',#12371,#6110);
#5494=LINE('',#12375,#6111);
#5495=LINE('',#12379,#6112);
#5496=LINE('',#12384,#6113);
#5497=LINE('',#12388,#6114);
#5498=LINE('',#12390,#6115);
#5499=LINE('',#12398,#6116);
#5500=LINE('',#12402,#6117);
#5501=LINE('',#12410,#6118);
#5502=LINE('',#12414,#6119);
#5503=LINE('',#12422,#6120);
#5504=LINE('',#12426,#6121);
#5505=LINE('',#12434,#6122);
#5506=LINE('',#12438,#6123);
#5507=LINE('',#12446,#6124);
#5508=LINE('',#12450,#6125);
#5509=LINE('',#12458,#6126);
#5510=LINE('',#12462,#6127);
#5511=LINE('',#12470,#6128);
#5512=LINE('',#12474,#6129);
#5513=LINE('',#12482,#6130);
#5514=LINE('',#12486,#6131);
#5515=LINE('',#12494,#6132);
#5516=LINE('',#12498,#6133);
#5517=LINE('',#12506,#6134);
#5518=LINE('',#12510,#6135);
#5519=LINE('',#12518,#6136);
#5520=LINE('',#12522,#6137);
#5521=LINE('',#12530,#6138);
#5522=LINE('',#12534,#6139);
#5523=LINE('',#12542,#6140);
#5524=LINE('',#12546,#6141);
#5525=LINE('',#12554,#6142);
#5526=LINE('',#12558,#6143);
#5527=LINE('',#12566,#6144);
#5528=LINE('',#12570,#6145);
#5529=LINE('',#12578,#6146);
#5530=LINE('',#12582,#6147);
#5531=LINE('',#12590,#6148);
#5532=LINE('',#12594,#6149);
#5533=LINE('',#12602,#6150);
#5534=LINE('',#12606,#6151);
#5535=LINE('',#12614,#6152);
#5536=LINE('',#12618,#6153);
#5537=LINE('',#12626,#6154);
#5538=LINE('',#12630,#6155);
#5539=LINE('',#12638,#6156);
#5540=LINE('',#12642,#6157);
#5541=LINE('',#12650,#6158);
#5542=LINE('',#12654,#6159);
#5543=LINE('',#12662,#6160);
#5544=LINE('',#12666,#6161);
#5545=LINE('',#12674,#6162);
#5546=LINE('',#12678,#6163);
#5547=LINE('',#12682,#6164);
#5548=LINE('',#12686,#6165);
#5549=LINE('',#12688,#6166);
#5550=LINE('',#12690,#6167);
#5551=LINE('',#12691,#6168);
#5552=LINE('',#12693,#6169);
#5553=LINE('',#12694,#6170);
#5554=LINE('',#12696,#6171);
#5555=LINE('',#12698,#6172);
#5556=LINE('',#12700,#6173);
#5557=LINE('',#12702,#6174);
#5558=LINE('',#12704,#6175);
#5559=LINE('',#12705,#6176);
#5560=LINE('',#12707,#6177);
#5561=LINE('',#12709,#6178);
#5562=LINE('',#12711,#6179);
#5563=LINE('',#12712,#6180);
#5564=LINE('',#12714,#6181);
#5565=LINE('',#12716,#6182);
#5566=LINE('',#12718,#6183);
#5567=LINE('',#12719,#6184);
#5568=LINE('',#12721,#6185);
#5569=LINE('',#12723,#6186);
#5570=LINE('',#12725,#6187);
#5571=LINE('',#12726,#6188);
#5572=LINE('',#12728,#6189);
#5573=LINE('',#12730,#6190);
#5574=LINE('',#12732,#6191);
#5575=LINE('',#12733,#6192);
#5576=LINE('',#12735,#6193);
#5577=LINE('',#12737,#6194);
#5578=LINE('',#12739,#6195);
#5579=LINE('',#12740,#6196);
#5580=LINE('',#12742,#6197);
#5581=LINE('',#12744,#6198);
#5582=LINE('',#12746,#6199);
#5583=LINE('',#12747,#6200);
#5584=LINE('',#12749,#6201);
#5585=LINE('',#12751,#6202);
#5586=LINE('',#12753,#6203);
#5587=LINE('',#12754,#6204);
#5588=LINE('',#12756,#6205);
#5589=LINE('',#12758,#6206);
#5590=LINE('',#12760,#6207);
#5591=LINE('',#12761,#6208);
#5592=LINE('',#12763,#6209);
#5593=LINE('',#12765,#6210);
#5594=LINE('',#12767,#6211);
#5595=LINE('',#12768,#6212);
#5596=LINE('',#12770,#6213);
#5597=LINE('',#12772,#6214);
#5598=LINE('',#12774,#6215);
#5599=LINE('',#12775,#6216);
#5600=LINE('',#12777,#6217);
#5601=LINE('',#12779,#6218);
#5602=LINE('',#12781,#6219);
#5603=LINE('',#12782,#6220);
#5604=LINE('',#12784,#6221);
#5605=LINE('',#12786,#6222);
#5606=LINE('',#12788,#6223);
#5607=LINE('',#12789,#6224);
#5608=LINE('',#12791,#6225);
#5609=LINE('',#12793,#6226);
#5610=LINE('',#12795,#6227);
#5611=LINE('',#12796,#6228);
#5612=LINE('',#12798,#6229);
#5613=LINE('',#12800,#6230);
#5614=LINE('',#12802,#6231);
#5615=LINE('',#12803,#6232);
#5616=LINE('',#12805,#6233);
#5617=LINE('',#12807,#6234);
#5618=LINE('',#12809,#6235);
#5619=LINE('',#12810,#6236);
#5620=LINE('',#12812,#6237);
#5621=LINE('',#12814,#6238);
#5622=LINE('',#12816,#6239);
#5623=LINE('',#12817,#6240);
#5624=LINE('',#12819,#6241);
#5625=LINE('',#12821,#6242);
#5626=LINE('',#12823,#6243);
#5627=LINE('',#12824,#6244);
#5628=LINE('',#12826,#6245);
#5629=LINE('',#12828,#6246);
#5630=LINE('',#12830,#6247);
#5631=LINE('',#12831,#6248);
#5632=LINE('',#12833,#6249);
#5633=LINE('',#12835,#6250);
#5634=LINE('',#12837,#6251);
#5635=LINE('',#12838,#6252);
#5636=LINE('',#12840,#6253);
#5637=LINE('',#12842,#6254);
#5638=LINE('',#12844,#6255);
#5639=LINE('',#12845,#6256);
#5640=LINE('',#12847,#6257);
#5641=LINE('',#12849,#6258);
#5642=LINE('',#12851,#6259);
#5643=LINE('',#12852,#6260);
#5644=LINE('',#12854,#6261);
#5645=LINE('',#12856,#6262);
#5646=LINE('',#12858,#6263);
#5647=LINE('',#12859,#6264);
#5648=LINE('',#12861,#6265);
#5649=LINE('',#12863,#6266);
#5650=LINE('',#12865,#6267);
#5651=LINE('',#12866,#6268);
#5652=LINE('',#12875,#6269);
#5653=LINE('',#12877,#6270);
#5654=LINE('',#12880,#6271);
#5655=LINE('',#12882,#6272);
#5656=LINE('',#12885,#6273);
#5657=LINE('',#12887,#6274);
#5658=LINE('',#12890,#6275);
#5659=LINE('',#12892,#6276);
#5660=LINE('',#12895,#6277);
#5661=LINE('',#12897,#6278);
#5662=LINE('',#12900,#6279);
#5663=LINE('',#12902,#6280);
#5664=LINE('',#12905,#6281);
#5665=LINE('',#12907,#6282);
#5666=LINE('',#12910,#6283);
#5667=LINE('',#12912,#6284);
#5668=LINE('',#12915,#6285);
#5669=LINE('',#12917,#6286);
#5670=LINE('',#12920,#6287);
#5671=LINE('',#12922,#6288);
#5672=LINE('',#12925,#6289);
#5673=LINE('',#12927,#6290);
#5674=LINE('',#12930,#6291);
#5675=LINE('',#12932,#6292);
#5676=LINE('',#12935,#6293);
#5677=LINE('',#12937,#6294);
#5678=LINE('',#12940,#6295);
#5679=LINE('',#12942,#6296);
#5680=LINE('',#12945,#6297);
#5681=LINE('',#12947,#6298);
#5682=LINE('',#12950,#6299);
#5683=LINE('',#12952,#6300);
#5684=LINE('',#12955,#6301);
#5685=LINE('',#12957,#6302);
#5686=LINE('',#12960,#6303);
#5687=LINE('',#12962,#6304);
#5688=LINE('',#12965,#6305);
#5689=LINE('',#12967,#6306);
#5690=LINE('',#12970,#6307);
#5691=LINE('',#12972,#6308);
#5692=LINE('',#12975,#6309);
#5693=LINE('',#12977,#6310);
#5694=LINE('',#12980,#6311);
#5695=LINE('',#12982,#6312);
#5696=LINE('',#12985,#6313);
#5697=LINE('',#12987,#6314);
#5698=LINE('',#12990,#6315);
#5699=LINE('',#12992,#6316);
#5700=LINE('',#12997,#6317);
#5701=LINE('',#12998,#6318);
#5702=LINE('',#13000,#6319);
#5703=LINE('',#13001,#6320);
#5704=LINE('',#13003,#6321);
#5705=LINE('',#13004,#6322);
#5706=LINE('',#13006,#6323);
#5707=LINE('',#13007,#6324);
#5708=LINE('',#13009,#6325);
#5709=LINE('',#13010,#6326);
#5710=LINE('',#13012,#6327);
#5711=LINE('',#13013,#6328);
#5712=LINE('',#13015,#6329);
#5713=LINE('',#13016,#6330);
#5714=LINE('',#13025,#6331);
#5715=LINE('',#13026,#6332);
#5716=LINE('',#13028,#6333);
#5717=LINE('',#13029,#6334);
#5718=LINE('',#13031,#6335);
#5719=LINE('',#13032,#6336);
#5720=LINE('',#13034,#6337);
#5721=LINE('',#13035,#6338);
#5722=LINE('',#13037,#6339);
#5723=LINE('',#13038,#6340);
#5724=LINE('',#13040,#6341);
#5725=LINE('',#13041,#6342);
#5726=LINE('',#13049,#6343);
#5727=LINE('',#13050,#6344);
#5728=LINE('',#13052,#6345);
#5729=LINE('',#13053,#6346);
#5730=LINE('',#13055,#6347);
#5731=LINE('',#13056,#6348);
#5732=LINE('',#13058,#6349);
#5733=LINE('',#13063,#6350);
#5734=LINE('',#13064,#6351);
#5735=LINE('',#13066,#6352);
#5736=LINE('',#13068,#6353);
#5737=LINE('',#13069,#6354);
#5738=LINE('',#13071,#6355);
#5739=LINE('',#13072,#6356);
#5740=LINE('',#13074,#6357);
#5741=LINE('',#13075,#6358);
#5742=LINE('',#13077,#6359);
#5743=LINE('',#13078,#6360);
#5744=LINE('',#13080,#6361);
#5745=LINE('',#13081,#6362);
#5746=LINE('',#13089,#6363);
#5747=LINE('',#13090,#6364);
#5748=LINE('',#13092,#6365);
#5749=LINE('',#13093,#6366);
#5750=LINE('',#13095,#6367);
#5751=LINE('',#13097,#6368);
#5752=LINE('',#13098,#6369);
#5753=LINE('',#13103,#6370);
#5754=LINE('',#13104,#6371);
#5755=LINE('',#13106,#6372);
#5756=LINE('',#13107,#6373);
#5757=LINE('',#13109,#6374);
#5758=LINE('',#13110,#6375);
#5759=LINE('',#13112,#6376);
#5760=LINE('',#13113,#6377);
#5761=LINE('',#13119,#6378);
#5762=LINE('',#13120,#6379);
#5763=LINE('',#13122,#6380);
#5764=LINE('',#13123,#6381);
#5765=LINE('',#13125,#6382);
#5766=LINE('',#13126,#6383);
#5767=LINE('',#13128,#6384);
#5768=LINE('',#13129,#6385);
#5769=LINE('',#13131,#6386);
#5770=LINE('',#13132,#6387);
#5771=LINE('',#13134,#6388);
#5772=LINE('',#13135,#6389);
#5773=LINE('',#13143,#6390);
#5774=LINE('',#13144,#6391);
#5775=LINE('',#13146,#6392);
#5776=LINE('',#13147,#6393);
#5777=LINE('',#13149,#6394);
#5778=LINE('',#13150,#6395);
#5779=LINE('',#13152,#6396);
#5780=LINE('',#13153,#6397);
#5781=LINE('',#13155,#6398);
#5782=LINE('',#13156,#6399);
#5783=LINE('',#13158,#6400);
#5784=LINE('',#13159,#6401);
#5785=LINE('',#13161,#6402);
#5786=LINE('',#13163,#6403);
#5787=LINE('',#13171,#6404);
#5788=LINE('',#13172,#6405);
#5789=LINE('',#13174,#6406);
#5790=LINE('',#13175,#6407);
#5791=LINE('',#13177,#6408);
#5792=LINE('',#13179,#6409);
#5793=LINE('',#13180,#6410);
#5794=LINE('',#13185,#6411);
#5795=LINE('',#13186,#6412);
#5796=LINE('',#13188,#6413);
#5797=LINE('',#13189,#6414);
#5798=LINE('',#13191,#6415);
#5799=LINE('',#13192,#6416);
#5800=LINE('',#13194,#6417);
#5801=LINE('',#13199,#6418);
#5802=LINE('',#13200,#6419);
#5803=LINE('',#13202,#6420);
#5804=LINE('',#13203,#6421);
#5805=LINE('',#13205,#6422);
#5806=LINE('',#13206,#6423);
#5807=LINE('',#13208,#6424);
#5808=LINE('',#13209,#6425);
#5809=LINE('',#13211,#6426);
#5810=LINE('',#13212,#6427);
#5811=LINE('',#13219,#6428);
#5812=LINE('',#13220,#6429);
#5813=LINE('',#13222,#6430);
#5814=LINE('',#13223,#6431);
#5815=LINE('',#13225,#6432);
#5816=LINE('',#13226,#6433);
#5817=LINE('',#13228,#6434);
#5818=LINE('',#13229,#6435);
#5819=LINE('',#13231,#6436);
#5820=LINE('',#13232,#6437);
#5821=LINE('',#13239,#6438);
#5822=LINE('',#13241,#6439);
#5823=LINE('',#13243,#6440);
#5824=LINE('',#13254,#6441);
#5825=LINE('',#13267,#6442);
#5826=LINE('',#13280,#6443);
#5827=LINE('',#13293,#6444);
#5828=LINE('',#13299,#6445);
#5829=LINE('',#13308,#6446);
#5830=LINE('',#13321,#6447);
#5831=LINE('',#13334,#6448);
#5832=LINE('',#13347,#6449);
#5833=LINE('',#13360,#6450);
#5834=LINE('',#13366,#6451);
#5835=LINE('',#13370,#6452);
#5836=LINE('',#13381,#6453);
#5837=LINE('',#13394,#6454);
#5838=LINE('',#13400,#6455);
#5839=LINE('',#13402,#6456);
#5840=LINE('',#13406,#6457);
#5841=LINE('',#13417,#6458);
#5842=LINE('',#13430,#6459);
#5843=LINE('',#13436,#6460);
#5844=LINE('',#13447,#6461);
#5845=LINE('',#13460,#6462);
#5846=LINE('',#13466,#6463);
#5847=LINE('',#13468,#6464);
#5848=LINE('',#13479,#6465);
#5849=LINE('',#13492,#6466);
#5850=LINE('',#13505,#6467);
#5851=LINE('',#13512,#6468);
#5852=LINE('',#13529,#6469);
#5853=LINE('',#13530,#6470);
#5854=LINE('',#13539,#6471);
#5855=LINE('',#13548,#6472);
#5856=LINE('',#13557,#6473);
#5857=LINE('',#13559,#6474);
#5858=LINE('',#13568,#6475);
#5859=LINE('',#13577,#6476);
#5860=LINE('',#13586,#6477);
#5861=LINE('',#13595,#6478);
#5862=LINE('',#13604,#6479);
#5863=LINE('',#13626,#6480);
#5864=LINE('',#13632,#6481);
#5865=LINE('',#13645,#6482);
#5866=LINE('',#13662,#6483);
#5867=LINE('',#13679,#6484);
#5868=LINE('',#13696,#6485);
#5869=LINE('',#13713,#6486);
#5870=LINE('',#13730,#6487);
#5871=LINE('',#13747,#6488);
#5872=LINE('',#13764,#6489);
#5873=LINE('',#13781,#6490);
#5874=LINE('',#13798,#6491);
#5875=LINE('',#13815,#6492);
#5876=LINE('',#13832,#6493);
#5877=LINE('',#13838,#6494);
#5878=LINE('',#13842,#6495);
#5879=LINE('',#13844,#6496);
#5880=LINE('',#13855,#6497);
#5881=LINE('',#13868,#6498);
#5882=LINE('',#13881,#6499);
#5883=LINE('',#13894,#6500);
#5884=LINE('',#13900,#6501);
#5885=LINE('',#13911,#6502);
#5886=LINE('',#13917,#6503);
#5887=LINE('',#13921,#6504);
#5888=LINE('',#13932,#6505);
#5889=LINE('',#13945,#6506);
#5890=LINE('',#13958,#6507);
#5891=LINE('',#13971,#6508);
#5892=LINE('',#13984,#6509);
#5893=LINE('',#13997,#6510);
#5894=LINE('',#14003,#6511);
#5895=LINE('',#14031,#6512);
#5896=LINE('',#14040,#6513);
#5897=LINE('',#14049,#6514);
#5898=LINE('',#14058,#6515);
#5899=LINE('',#14067,#6516);
#5900=LINE('',#14076,#6517);
#5901=LINE('',#14085,#6518);
#5902=LINE('',#14087,#6519);
#5903=LINE('',#14096,#6520);
#5904=LINE('',#14105,#6521);
#5905=LINE('',#14114,#6522);
#5906=LINE('',#14123,#6523);
#5907=LINE('',#14132,#6524);
#5908=LINE('',#14141,#6525);
#5909=LINE('',#14150,#6526);
#5910=LINE('',#14159,#6527);
#5911=LINE('',#14161,#6528);
#5912=LINE('',#14164,#6529);
#5913=LINE('',#14165,#6530);
#5914=VECTOR('',#8788,1.);
#5915=VECTOR('',#8789,1.);
#5916=VECTOR('',#8790,1.);
#5917=VECTOR('',#8791,1.);
#5918=VECTOR('',#8794,1.);
#5919=VECTOR('',#8795,1.);
#5920=VECTOR('',#8796,1.);
#5921=VECTOR('',#8797,1.);
#5922=VECTOR('',#8800,1.);
#5923=VECTOR('',#8801,1.);
#5924=VECTOR('',#8802,1.);
#5925=VECTOR('',#8803,1.);
#5926=VECTOR('',#8806,1.);
#5927=VECTOR('',#8807,1.);
#5928=VECTOR('',#8808,1.);
#5929=VECTOR('',#8809,1.);
#5930=VECTOR('',#8812,1.);
#5931=VECTOR('',#8813,1.);
#5932=VECTOR('',#8814,1.);
#5933=VECTOR('',#8815,1.);
#5934=VECTOR('',#8818,1.);
#5935=VECTOR('',#8819,1.);
#5936=VECTOR('',#8820,1.);
#5937=VECTOR('',#8821,1.);
#5938=VECTOR('',#8822,1.);
#5939=VECTOR('',#8823,1.);
#5940=VECTOR('',#8846,1.);
#5941=VECTOR('',#8847,1.);
#5942=VECTOR('',#8848,1.);
#5943=VECTOR('',#8849,1.);
#5944=VECTOR('',#8852,1.);
#5945=VECTOR('',#8853,1.);
#5946=VECTOR('',#8854,1.);
#5947=VECTOR('',#8855,1.);
#5948=VECTOR('',#8858,1.);
#5949=VECTOR('',#8859,1.);
#5950=VECTOR('',#8860,1.);
#5951=VECTOR('',#8861,1.);
#5952=VECTOR('',#8862,1.);
#5953=VECTOR('',#8863,1.);
#5954=VECTOR('',#8872,1.);
#5955=VECTOR('',#8899,1.);
#5956=VECTOR('',#8900,1.);
#5957=VECTOR('',#8901,1.);
#5958=VECTOR('',#8904,1.);
#5959=VECTOR('',#8907,1.);
#5960=VECTOR('',#8910,1.);
#5961=VECTOR('',#8917,1.);
#5962=VECTOR('',#8920,1.);
#5963=VECTOR('',#8927,1.);
#5964=VECTOR('',#8930,1.);
#5965=VECTOR('',#8937,1.);
#5966=VECTOR('',#8940,1.);
#5967=VECTOR('',#8947,1.);
#5968=VECTOR('',#8950,1.);
#5969=VECTOR('',#8957,1.);
#5970=VECTOR('',#8960,1.);
#5971=VECTOR('',#8967,1.);
#5972=VECTOR('',#8970,1.);
#5973=VECTOR('',#8977,1.);
#5974=VECTOR('',#8980,1.);
#5975=VECTOR('',#8987,1.);
#5976=VECTOR('',#8990,1.);
#5977=VECTOR('',#8997,1.);
#5978=VECTOR('',#9000,1.);
#5979=VECTOR('',#9007,1.);
#5980=VECTOR('',#9010,1.);
#5981=VECTOR('',#9017,1.);
#5982=VECTOR('',#9020,1.);
#5983=VECTOR('',#9027,1.);
#5984=VECTOR('',#9030,1.);
#5985=VECTOR('',#9037,1.);
#5986=VECTOR('',#9040,1.);
#5987=VECTOR('',#9047,1.);
#5988=VECTOR('',#9050,1.);
#5989=VECTOR('',#9057,1.);
#5990=VECTOR('',#9060,1.);
#5991=VECTOR('',#9067,1.);
#5992=VECTOR('',#9070,1.);
#5993=VECTOR('',#9077,1.);
#5994=VECTOR('',#9080,1.);
#5995=VECTOR('',#9087,1.);
#5996=VECTOR('',#9090,1.);
#5997=VECTOR('',#9097,1.);
#5998=VECTOR('',#9100,1.);
#5999=VECTOR('',#9107,1.);
#6000=VECTOR('',#9110,1.);
#6001=VECTOR('',#9117,1.);
#6002=VECTOR('',#9120,1.);
#6003=VECTOR('',#9127,1.);
#6004=VECTOR('',#9130,1.);
#6005=VECTOR('',#9137,1.);
#6006=VECTOR('',#9140,1.);
#6007=VECTOR('',#9147,1.);
#6008=VECTOR('',#9148,1.);
#6009=VECTOR('',#9151,1.);
#6010=VECTOR('',#9154,1.);
#6011=VECTOR('',#9159,1.);
#6012=VECTOR('',#9162,1.);
#6013=VECTOR('',#9163,1.);
#6014=VECTOR('',#9166,1.);
#6015=VECTOR('',#9173,1.);
#6016=VECTOR('',#9176,1.);
#6017=VECTOR('',#9179,1.);
#6018=VECTOR('',#9182,1.);
#6019=VECTOR('',#9191,1.);
#6020=VECTOR('',#9194,1.);
#6021=VECTOR('',#9197,1.);
#6022=VECTOR('',#9200,1.);
#6023=VECTOR('',#9207,1.);
#6024=VECTOR('',#9212,1.);
#6025=VECTOR('',#9215,1.);
#6026=VECTOR('',#9218,1.);
#6027=VECTOR('',#9225,1.);
#6028=VECTOR('',#9228,1.);
#6029=VECTOR('',#9231,1.);
#6030=VECTOR('',#9234,1.);
#6031=VECTOR('',#9257,1.);
#6032=VECTOR('',#9264,1.);
#6033=VECTOR('',#9267,1.);
#6034=VECTOR('',#9280,1.);
#6035=VECTOR('',#9283,1.);
#6036=VECTOR('',#9286,1.);
#6037=VECTOR('',#9289,1.);
#6038=VECTOR('',#9292,1.);
#6039=VECTOR('',#9297,1.);
#6040=VECTOR('',#9304,1.);
#6041=VECTOR('',#9307,1.);
#6042=VECTOR('',#9310,1.);
#6043=VECTOR('',#9313,1.);
#6044=VECTOR('',#9316,1.);
#6045=VECTOR('',#9319,1.);
#6046=VECTOR('',#9322,1.);
#6047=VECTOR('',#9327,1.);
#6048=VECTOR('',#9330,1.);
#6049=VECTOR('',#9333,1.);
#6050=VECTOR('',#9336,1.);
#6051=VECTOR('',#9343,1.);
#6052=VECTOR('',#9354,1.);
#6053=VECTOR('',#9357,1.);
#6054=VECTOR('',#9360,1.);
#6055=VECTOR('',#9389,1.);
#6056=VECTOR('',#9400,1.);
#6057=VECTOR('',#9413,1.);
#6058=VECTOR('',#9414,1.);
#6059=VECTOR('',#9415,1.);
#6060=VECTOR('',#9416,1.);
#6061=VECTOR('',#9417,1.);
#6062=VECTOR('',#9418,1.);
#6063=VECTOR('',#9423,1.);
#6064=VECTOR('',#9424,1.);
#6065=VECTOR('',#9431,1.);
#6066=VECTOR('',#9432,1.);
#6067=VECTOR('',#9433,1.);
#6068=VECTOR('',#9438,1.);
#6069=VECTOR('',#9441,1.);
#6070=VECTOR('',#9444,1.);
#6071=VECTOR('',#9447,1.);
#6072=VECTOR('',#9450,1.);
#6073=VECTOR('',#9455,1.);
#6074=VECTOR('',#9458,1.);
#6075=VECTOR('',#9461,1.);
#6076=VECTOR('',#9464,1.);
#6077=VECTOR('',#9467,1.);
#6078=VECTOR('',#9470,1.);
#6079=VECTOR('',#9473,1.);
#6080=VECTOR('',#9480,1.);
#6081=VECTOR('',#9483,1.);
#6082=VECTOR('',#9486,1.);
#6083=VECTOR('',#9491,1.);
#6084=VECTOR('',#9498,1.);
#6085=VECTOR('',#9513,1.);
#6086=VECTOR('',#9530,1.);
#6087=VECTOR('',#9533,1.);
#6088=VECTOR('',#9540,1.);
#6089=VECTOR('',#9545,1.);
#6090=VECTOR('',#9548,1.);
#6091=VECTOR('',#9551,1.);
#6092=VECTOR('',#9554,1.);
#6093=VECTOR('',#9557,1.);
#6094=VECTOR('',#9568,1.);
#6095=VECTOR('',#9571,1.);
#6096=VECTOR('',#9574,1.);
#6097=VECTOR('',#9577,1.);
#6098=VECTOR('',#9580,1.);
#6099=VECTOR('',#9583,1.);
#6100=VECTOR('',#9586,1.);
#6101=VECTOR('',#9595,1.);
#6102=VECTOR('',#9600,1.);
#6103=VECTOR('',#9603,1.);
#6104=VECTOR('',#9604,1.);
#6105=VECTOR('',#9607,1.);
#6106=VECTOR('',#9612,1.);
#6107=VECTOR('',#9621,1.);
#6108=VECTOR('',#9624,1.);
#6109=VECTOR('',#9631,1.);
#6110=VECTOR('',#9640,1.);
#6111=VECTOR('',#9643,1.);
#6112=VECTOR('',#9646,1.);
#6113=VECTOR('',#9651,1.);
#6114=VECTOR('',#9654,1.);
#6115=VECTOR('',#9655,1.);
#6116=VECTOR('',#9662,1.);
#6117=VECTOR('',#9665,1.);
#6118=VECTOR('',#9672,1.);
#6119=VECTOR('',#9675,1.);
#6120=VECTOR('',#9682,1.);
#6121=VECTOR('',#9685,1.);
#6122=VECTOR('',#9692,1.);
#6123=VECTOR('',#9695,1.);
#6124=VECTOR('',#9702,1.);
#6125=VECTOR('',#9705,1.);
#6126=VECTOR('',#9712,1.);
#6127=VECTOR('',#9715,1.);
#6128=VECTOR('',#9722,1.);
#6129=VECTOR('',#9725,1.);
#6130=VECTOR('',#9732,1.);
#6131=VECTOR('',#9735,1.);
#6132=VECTOR('',#9742,1.);
#6133=VECTOR('',#9745,1.);
#6134=VECTOR('',#9752,1.);
#6135=VECTOR('',#9755,1.);
#6136=VECTOR('',#9762,1.);
#6137=VECTOR('',#9765,1.);
#6138=VECTOR('',#9772,1.);
#6139=VECTOR('',#9775,1.);
#6140=VECTOR('',#9782,1.);
#6141=VECTOR('',#9785,1.);
#6142=VECTOR('',#9792,1.);
#6143=VECTOR('',#9795,1.);
#6144=VECTOR('',#9802,1.);
#6145=VECTOR('',#9805,1.);
#6146=VECTOR('',#9812,1.);
#6147=VECTOR('',#9815,1.);
#6148=VECTOR('',#9822,1.);
#6149=VECTOR('',#9825,1.);
#6150=VECTOR('',#9832,1.);
#6151=VECTOR('',#9835,1.);
#6152=VECTOR('',#9842,1.);
#6153=VECTOR('',#9845,1.);
#6154=VECTOR('',#9852,1.);
#6155=VECTOR('',#9855,1.);
#6156=VECTOR('',#9862,1.);
#6157=VECTOR('',#9865,1.);
#6158=VECTOR('',#9872,1.);
#6159=VECTOR('',#9875,1.);
#6160=VECTOR('',#9882,1.);
#6161=VECTOR('',#9885,1.);
#6162=VECTOR('',#9892,1.);
#6163=VECTOR('',#9895,1.);
#6164=VECTOR('',#9898,1.);
#6165=VECTOR('',#9901,1.);
#6166=VECTOR('',#9902,1.);
#6167=VECTOR('',#9905,1.);
#6168=VECTOR('',#9906,1.);
#6169=VECTOR('',#9909,1.);
#6170=VECTOR('',#9910,1.);
#6171=VECTOR('',#9913,1.);
#6172=VECTOR('',#9916,1.);
#6173=VECTOR('',#9919,1.);
#6174=VECTOR('',#9922,1.);
#6175=VECTOR('',#9925,1.);
#6176=VECTOR('',#9926,1.);
#6177=VECTOR('',#9929,1.);
#6178=VECTOR('',#9932,1.);
#6179=VECTOR('',#9935,1.);
#6180=VECTOR('',#9936,1.);
#6181=VECTOR('',#9939,1.);
#6182=VECTOR('',#9942,1.);
#6183=VECTOR('',#9945,1.);
#6184=VECTOR('',#9946,1.);
#6185=VECTOR('',#9949,1.);
#6186=VECTOR('',#9952,1.);
#6187=VECTOR('',#9955,1.);
#6188=VECTOR('',#9956,1.);
#6189=VECTOR('',#9959,1.);
#6190=VECTOR('',#9962,1.);
#6191=VECTOR('',#9965,1.);
#6192=VECTOR('',#9966,1.);
#6193=VECTOR('',#9969,1.);
#6194=VECTOR('',#9972,1.);
#6195=VECTOR('',#9975,1.);
#6196=VECTOR('',#9976,1.);
#6197=VECTOR('',#9979,1.);
#6198=VECTOR('',#9982,1.);
#6199=VECTOR('',#9985,1.);
#6200=VECTOR('',#9986,1.);
#6201=VECTOR('',#9989,1.);
#6202=VECTOR('',#9992,1.);
#6203=VECTOR('',#9995,1.);
#6204=VECTOR('',#9996,1.);
#6205=VECTOR('',#9999,1.);
#6206=VECTOR('',#10002,1.);
#6207=VECTOR('',#10005,1.);
#6208=VECTOR('',#10006,1.);
#6209=VECTOR('',#10009,1.);
#6210=VECTOR('',#10012,1.);
#6211=VECTOR('',#10015,1.);
#6212=VECTOR('',#10016,1.);
#6213=VECTOR('',#10019,1.);
#6214=VECTOR('',#10022,1.);
#6215=VECTOR('',#10025,1.);
#6216=VECTOR('',#10026,1.);
#6217=VECTOR('',#10029,1.);
#6218=VECTOR('',#10032,1.);
#6219=VECTOR('',#10035,1.);
#6220=VECTOR('',#10036,1.);
#6221=VECTOR('',#10039,1.);
#6222=VECTOR('',#10042,1.);
#6223=VECTOR('',#10045,1.);
#6224=VECTOR('',#10046,1.);
#6225=VECTOR('',#10049,1.);
#6226=VECTOR('',#10052,1.);
#6227=VECTOR('',#10055,1.);
#6228=VECTOR('',#10056,1.);
#6229=VECTOR('',#10059,1.);
#6230=VECTOR('',#10062,1.);
#6231=VECTOR('',#10065,1.);
#6232=VECTOR('',#10066,1.);
#6233=VECTOR('',#10069,1.);
#6234=VECTOR('',#10072,1.);
#6235=VECTOR('',#10075,1.);
#6236=VECTOR('',#10076,1.);
#6237=VECTOR('',#10079,1.);
#6238=VECTOR('',#10082,1.);
#6239=VECTOR('',#10085,1.);
#6240=VECTOR('',#10086,1.);
#6241=VECTOR('',#10089,1.);
#6242=VECTOR('',#10092,1.);
#6243=VECTOR('',#10095,1.);
#6244=VECTOR('',#10096,1.);
#6245=VECTOR('',#10099,1.);
#6246=VECTOR('',#10102,1.);
#6247=VECTOR('',#10105,1.);
#6248=VECTOR('',#10106,1.);
#6249=VECTOR('',#10109,1.);
#6250=VECTOR('',#10112,1.);
#6251=VECTOR('',#10115,1.);
#6252=VECTOR('',#10116,1.);
#6253=VECTOR('',#10119,1.);
#6254=VECTOR('',#10122,1.);
#6255=VECTOR('',#10125,1.);
#6256=VECTOR('',#10126,1.);
#6257=VECTOR('',#10129,1.);
#6258=VECTOR('',#10132,1.);
#6259=VECTOR('',#10135,1.);
#6260=VECTOR('',#10136,1.);
#6261=VECTOR('',#10139,1.);
#6262=VECTOR('',#10142,1.);
#6263=VECTOR('',#10145,1.);
#6264=VECTOR('',#10146,1.);
#6265=VECTOR('',#10149,1.);
#6266=VECTOR('',#10152,1.);
#6267=VECTOR('',#10155,1.);
#6268=VECTOR('',#10156,1.);
#6269=VECTOR('',#10173,1.);
#6270=VECTOR('',#10176,1.);
#6271=VECTOR('',#10181,1.);
#6272=VECTOR('',#10184,1.);
#6273=VECTOR('',#10189,1.);
#6274=VECTOR('',#10192,1.);
#6275=VECTOR('',#10197,1.);
#6276=VECTOR('',#10200,1.);
#6277=VECTOR('',#10205,1.);
#6278=VECTOR('',#10208,1.);
#6279=VECTOR('',#10213,1.);
#6280=VECTOR('',#10216,1.);
#6281=VECTOR('',#10221,1.);
#6282=VECTOR('',#10224,1.);
#6283=VECTOR('',#10229,1.);
#6284=VECTOR('',#10232,1.);
#6285=VECTOR('',#10237,1.);
#6286=VECTOR('',#10240,1.);
#6287=VECTOR('',#10245,1.);
#6288=VECTOR('',#10248,1.);
#6289=VECTOR('',#10253,1.);
#6290=VECTOR('',#10256,1.);
#6291=VECTOR('',#10261,1.);
#6292=VECTOR('',#10264,1.);
#6293=VECTOR('',#10269,1.);
#6294=VECTOR('',#10272,1.);
#6295=VECTOR('',#10277,1.);
#6296=VECTOR('',#10280,1.);
#6297=VECTOR('',#10285,1.);
#6298=VECTOR('',#10288,1.);
#6299=VECTOR('',#10293,1.);
#6300=VECTOR('',#10296,1.);
#6301=VECTOR('',#10301,1.);
#6302=VECTOR('',#10304,1.);
#6303=VECTOR('',#10309,1.);
#6304=VECTOR('',#10312,1.);
#6305=VECTOR('',#10317,1.);
#6306=VECTOR('',#10320,1.);
#6307=VECTOR('',#10325,1.);
#6308=VECTOR('',#10328,1.);
#6309=VECTOR('',#10333,1.);
#6310=VECTOR('',#10336,1.);
#6311=VECTOR('',#10341,1.);
#6312=VECTOR('',#10344,1.);
#6313=VECTOR('',#10349,1.);
#6314=VECTOR('',#10352,1.);
#6315=VECTOR('',#10357,1.);
#6316=VECTOR('',#10360,1.);
#6317=VECTOR('',#10369,1.);
#6318=VECTOR('',#10370,1.);
#6319=VECTOR('',#10373,1.);
#6320=VECTOR('',#10374,1.);
#6321=VECTOR('',#10377,1.);
#6322=VECTOR('',#10378,1.);
#6323=VECTOR('',#10381,1.);
#6324=VECTOR('',#10382,1.);
#6325=VECTOR('',#10385,1.);
#6326=VECTOR('',#10386,1.);
#6327=VECTOR('',#10389,1.);
#6328=VECTOR('',#10390,1.);
#6329=VECTOR('',#10393,1.);
#6330=VECTOR('',#10394,1.);
#6331=VECTOR('',#10411,1.);
#6332=VECTOR('',#10412,1.);
#6333=VECTOR('',#10415,1.);
#6334=VECTOR('',#10416,1.);
#6335=VECTOR('',#10419,1.);
#6336=VECTOR('',#10420,1.);
#6337=VECTOR('',#10423,1.);
#6338=VECTOR('',#10424,1.);
#6339=VECTOR('',#10427,1.);
#6340=VECTOR('',#10428,1.);
#6341=VECTOR('',#10431,1.);
#6342=VECTOR('',#10432,1.);
#6343=VECTOR('',#10447,1.);
#6344=VECTOR('',#10448,1.);
#6345=VECTOR('',#10451,1.);
#6346=VECTOR('',#10452,1.);
#6347=VECTOR('',#10455,1.);
#6348=VECTOR('',#10456,1.);
#6349=VECTOR('',#10459,1.);
#6350=VECTOR('',#10468,1.);
#6351=VECTOR('',#10469,1.);
#6352=VECTOR('',#10472,1.);
#6353=VECTOR('',#10475,1.);
#6354=VECTOR('',#10476,1.);
#6355=VECTOR('',#10479,1.);
#6356=VECTOR('',#10480,1.);
#6357=VECTOR('',#10483,1.);
#6358=VECTOR('',#10484,1.);
#6359=VECTOR('',#10487,1.);
#6360=VECTOR('',#10488,1.);
#6361=VECTOR('',#10491,1.);
#6362=VECTOR('',#10492,1.);
#6363=VECTOR('',#10507,1.);
#6364=VECTOR('',#10508,1.);
#6365=VECTOR('',#10511,1.);
#6366=VECTOR('',#10512,1.);
#6367=VECTOR('',#10515,1.);
#6368=VECTOR('',#10518,1.);
#6369=VECTOR('',#10519,1.);
#6370=VECTOR('',#10528,1.);
#6371=VECTOR('',#10529,1.);
#6372=VECTOR('',#10532,1.);
#6373=VECTOR('',#10533,1.);
#6374=VECTOR('',#10536,1.);
#6375=VECTOR('',#10537,1.);
#6376=VECTOR('',#10540,1.);
#6377=VECTOR('',#10541,1.);
#6378=VECTOR('',#10552,1.);
#6379=VECTOR('',#10553,1.);
#6380=VECTOR('',#10556,1.);
#6381=VECTOR('',#10557,1.);
#6382=VECTOR('',#10560,1.);
#6383=VECTOR('',#10561,1.);
#6384=VECTOR('',#10564,1.);
#6385=VECTOR('',#10565,1.);
#6386=VECTOR('',#10568,1.);
#6387=VECTOR('',#10569,1.);
#6388=VECTOR('',#10572,1.);
#6389=VECTOR('',#10573,1.);
#6390=VECTOR('',#10588,1.);
#6391=VECTOR('',#10589,1.);
#6392=VECTOR('',#10592,1.);
#6393=VECTOR('',#10593,1.);
#6394=VECTOR('',#10596,1.);
#6395=VECTOR('',#10597,1.);
#6396=VECTOR('',#10600,1.);
#6397=VECTOR('',#10601,1.);
#6398=VECTOR('',#10604,1.);
#6399=VECTOR('',#10605,1.);
#6400=VECTOR('',#10608,1.);
#6401=VECTOR('',#10609,1.);
#6402=VECTOR('',#10612,1.);
#6403=VECTOR('',#10615,1.);
#6404=VECTOR('',#10630,1.);
#6405=VECTOR('',#10631,1.);
#6406=VECTOR('',#10634,1.);
#6407=VECTOR('',#10635,1.);
#6408=VECTOR('',#10638,1.);
#6409=VECTOR('',#10641,1.);
#6410=VECTOR('',#10642,1.);
#6411=VECTOR('',#10651,1.);
#6412=VECTOR('',#10652,1.);
#6413=VECTOR('',#10655,1.);
#6414=VECTOR('',#10656,1.);
#6415=VECTOR('',#10659,1.);
#6416=VECTOR('',#10660,1.);
#6417=VECTOR('',#10663,1.);
#6418=VECTOR('',#10672,1.);
#6419=VECTOR('',#10673,1.);
#6420=VECTOR('',#10676,1.);
#6421=VECTOR('',#10677,1.);
#6422=VECTOR('',#10680,1.);
#6423=VECTOR('',#10681,1.);
#6424=VECTOR('',#10684,1.);
#6425=VECTOR('',#10685,1.);
#6426=VECTOR('',#10688,1.);
#6427=VECTOR('',#10689,1.);
#6428=VECTOR('',#10702,1.);
#6429=VECTOR('',#10703,1.);
#6430=VECTOR('',#10706,1.);
#6431=VECTOR('',#10707,1.);
#6432=VECTOR('',#10710,1.);
#6433=VECTOR('',#10711,1.);
#6434=VECTOR('',#10714,1.);
#6435=VECTOR('',#10715,1.);
#6436=VECTOR('',#10718,1.);
#6437=VECTOR('',#10719,1.);
#6438=VECTOR('',#10732,1.);
#6439=VECTOR('',#10735,1.);
#6440=VECTOR('',#10738,1.);
#6441=VECTOR('',#10743,1.);
#6442=VECTOR('',#10744,1.);
#6443=VECTOR('',#10745,1.);
#6444=VECTOR('',#10746,1.);
#6445=VECTOR('',#10747,1.);
#6446=VECTOR('',#10748,1.);
#6447=VECTOR('',#10749,1.);
#6448=VECTOR('',#10750,1.);
#6449=VECTOR('',#10751,1.);
#6450=VECTOR('',#10752,1.);
#6451=VECTOR('',#10755,1.);
#6452=VECTOR('',#10760,1.);
#6453=VECTOR('',#10763,1.);
#6454=VECTOR('',#10764,1.);
#6455=VECTOR('',#10765,1.);
#6456=VECTOR('',#10768,1.);
#6457=VECTOR('',#10773,1.);
#6458=VECTOR('',#10776,1.);
#6459=VECTOR('',#10777,1.);
#6460=VECTOR('',#10780,1.);
#6461=VECTOR('',#10783,1.);
#6462=VECTOR('',#10784,1.);
#6463=VECTOR('',#10785,1.);
#6464=VECTOR('',#10788,1.);
#6465=VECTOR('',#10791,1.);
#6466=VECTOR('',#10792,1.);
#6467=VECTOR('',#10793,1.);
#6468=VECTOR('',#10798,1.);
#6469=VECTOR('',#10811,1.);
#6470=VECTOR('',#10812,1.);
#6471=VECTOR('',#10813,1.);
#6472=VECTOR('',#10814,1.);
#6473=VECTOR('',#10815,1.);
#6474=VECTOR('',#10818,1.);
#6475=VECTOR('',#10819,1.);
#6476=VECTOR('',#10820,1.);
#6477=VECTOR('',#10821,1.);
#6478=VECTOR('',#10822,1.);
#6479=VECTOR('',#10823,1.);
#6480=VECTOR('',#10824,1.);
#6481=VECTOR('',#10825,1.);
#6482=VECTOR('',#10826,1.);
#6483=VECTOR('',#10827,1.);
#6484=VECTOR('',#10828,1.);
#6485=VECTOR('',#10829,1.);
#6486=VECTOR('',#10830,1.);
#6487=VECTOR('',#10831,1.);
#6488=VECTOR('',#10832,1.);
#6489=VECTOR('',#10833,1.);
#6490=VECTOR('',#10834,1.);
#6491=VECTOR('',#10835,1.);
#6492=VECTOR('',#10836,1.);
#6493=VECTOR('',#10837,1.);
#6494=VECTOR('',#10840,1.);
#6495=VECTOR('',#10843,1.);
#6496=VECTOR('',#10846,1.);
#6497=VECTOR('',#10849,1.);
#6498=VECTOR('',#10850,1.);
#6499=VECTOR('',#10851,1.);
#6500=VECTOR('',#10852,1.);
#6501=VECTOR('',#10855,1.);
#6502=VECTOR('',#10858,1.);
#6503=VECTOR('',#10861,1.);
#6504=VECTOR('',#10866,1.);
#6505=VECTOR('',#10869,1.);
#6506=VECTOR('',#10870,1.);
#6507=VECTOR('',#10871,1.);
#6508=VECTOR('',#10872,1.);
#6509=VECTOR('',#10873,1.);
#6510=VECTOR('',#10874,1.);
#6511=VECTOR('',#10877,1.);
#6512=VECTOR('',#10886,1.);
#6513=VECTOR('',#10887,1.);
#6514=VECTOR('',#10888,1.);
#6515=VECTOR('',#10889,1.);
#6516=VECTOR('',#10890,1.);
#6517=VECTOR('',#10891,1.);
#6518=VECTOR('',#10892,1.);
#6519=VECTOR('',#10895,1.);
#6520=VECTOR('',#10896,1.);
#6521=VECTOR('',#10897,1.);
#6522=VECTOR('',#10898,1.);
#6523=VECTOR('',#10899,1.);
#6524=VECTOR('',#10900,1.);
#6525=VECTOR('',#10901,1.);
#6526=VECTOR('',#10902,1.);
#6527=VECTOR('',#10903,1.);
#6528=VECTOR('',#10906,1.);
#6529=VECTOR('',#10911,1.);
#6530=VECTOR('',#10912,1.);
#6531=EDGE_LOOP('',(#888,#889,#890,#891));
#6532=EDGE_LOOP('',(#892,#893,#894,#895));
#6533=EDGE_LOOP('',(#896,#897,#898,#899));
#6534=EDGE_LOOP('',(#900,#901,#902,#903));
#6535=EDGE_LOOP('',(#904,#905,#906,#907));
#6536=EDGE_LOOP('',(#908,#909,#910,#911));
#6537=EDGE_LOOP('',(#912,#913,#914,#915));
#6538=EDGE_LOOP('',(#916,#917,#918,#919,#920,#921,#922,#923,#924,#925,#926,
#927,#928,#929,#930,#931,#932,#933,#934,#935,#936,#937,#938,#939,#940,#941,
#942));
#6539=EDGE_LOOP('',(#943,#944,#945,#946));
#6540=EDGE_LOOP('',(#947,#948,#949,#950));
#6541=EDGE_LOOP('',(#951,#952,#953,#954));
#6542=EDGE_LOOP('',(#955,#956,#957,#958));
#6543=EDGE_LOOP('',(#959,#960,#961,#962,#963,#964,#965,#966,#967,#968,#969,
#970,#971,#972,#973,#974,#975,#976,#977,#978,#979,#980,#981,#982,#983));
#6544=EDGE_LOOP('',(#984,#985,#986,#987,#988,#989,#990,#991,#992,#993,#994,
#995,#996,#997,#998,#999,#1000,#1001,#1002,#1003,#1004,#1005,#1006,#1007,
#1008,#1009,#1010));
#6545=EDGE_LOOP('',(#1011,#1012,#1013,#1014,#1015,#1016,#1017,#1018,#1019,
#1020,#1021,#1022,#1023,#1024,#1025,#1026,#1027,#1028,#1029,#1030,#1031,
#1032,#1033,#1034,#1035,#1036,#1037,#1038,#1039,#1040,#1041,#1042,#1043,
#1044,#1045,#1046,#1047,#1048,#1049,#1050,#1051,#1052,#1053,#1054,#1055,
#1056,#1057,#1058,#1059,#1060,#1061,#1062,#1063,#1064,#1065,#1066,#1067,
#1068,#1069,#1070,#1071,#1072,#1073,#1074,#1075,#1076,#1077,#1078,#1079,
#1080,#1081,#1082,#1083,#1084,#1085,#1086,#1087,#1088,#1089,#1090,#1091,
#1092,#1093,#1094,#1095,#1096,#1097,#1098,#1099,#1100,#1101,#1102,#1103,
#1104,#1105,#1106,#1107,#1108,#1109,#1110,#1111,#1112,#1113,#1114,#1115,
#1116,#1117,#1118,#1119,#1120,#1121,#1122,#1123,#1124,#1125,#1126,#1127,
#1128,#1129,#1130,#1131,#1132,#1133,#1134,#1135,#1136,#1137,#1138,#1139,
#1140,#1141,#1142,#1143,#1144,#1145,#1146,#1147,#1148,#1149,#1150,#1151,
#1152,#1153,#1154,#1155,#1156,#1157,#1158,#1159,#1160,#1161,#1162,#1163,
#1164,#1165));
#6546=EDGE_LOOP('',(#1166,#1167,#1168,#1169,#1170,#1171,#1172));
#6547=EDGE_LOOP('',(#1173,#1174,#1175,#1176,#1177,#1178,#1179,#1180,#1181,
#1182,#1183,#1184,#1185,#1186));
#6548=EDGE_LOOP('',(#1187,#1188,#1189,#1190,#1191,#1192,#1193,#1194,#1195,
#1196,#1197,#1198));
#6549=EDGE_LOOP('',(#1199,#1200,#1201,#1202,#1203,#1204,#1205));
#6550=EDGE_LOOP('',(#1206,#1207,#1208,#1209,#1210,#1211,#1212,#1213,#1214,
#1215,#1216,#1217));
#6551=EDGE_LOOP('',(#1218));
#6552=EDGE_LOOP('',(#1219));
#6553=EDGE_LOOP('',(#1220));
#6554=EDGE_LOOP('',(#1221));
#6555=EDGE_LOOP('',(#1222));
#6556=EDGE_LOOP('',(#1223));
#6557=EDGE_LOOP('',(#1224));
#6558=EDGE_LOOP('',(#1225));
#6559=EDGE_LOOP('',(#1226,#1227,#1228,#1229,#1230,#1231,#1232,#1233,#1234,
#1235,#1236,#1237,#1238,#1239));
#6560=EDGE_LOOP('',(#1240,#1241,#1242,#1243,#1244,#1245,#1246));
#6561=EDGE_LOOP('',(#1247,#1248,#1249,#1250,#1251,#1252,#1253,#1254,#1255,
#1256,#1257,#1258,#1259));
#6562=EDGE_LOOP('',(#1260,#1261,#1262,#1263,#1264,#1265,#1266,#1267));
#6563=EDGE_LOOP('',(#1268,#1269,#1270,#1271,#1272,#1273,#1274));
#6564=EDGE_LOOP('',(#1275,#1276,#1277,#1278,#1279,#1280,#1281,#1282,#1283,
#1284));
#6565=EDGE_LOOP('',(#1285,#1286,#1287,#1288,#1289,#1290,#1291,#1292,#1293,
#1294));
#6566=EDGE_LOOP('',(#1295,#1296,#1297,#1298,#1299,#1300,#1301,#1302,#1303,
#1304,#1305,#1306,#1307,#1308,#1309,#1310,#1311,#1312));
#6567=EDGE_LOOP('',(#1313,#1314,#1315,#1316,#1317,#1318,#1319,#1320,#1321,
#1322,#1323,#1324,#1325,#1326,#1327,#1328,#1329,#1330,#1331,#1332,#1333,
#1334,#1335,#1336,#1337));
#6568=EDGE_LOOP('',(#1338,#1339,#1340,#1341,#1342,#1343,#1344,#1345,#1346,
#1347,#1348,#1349,#1350,#1351,#1352,#1353,#1354,#1355,#1356,#1357,#1358,
#1359));
#6569=EDGE_LOOP('',(#1360,#1361,#1362,#1363));
#6570=EDGE_LOOP('',(#1364,#1365,#1366,#1367));
#6571=EDGE_LOOP('',(#1368,#1369,#1370,#1371));
#6572=EDGE_LOOP('',(#1372,#1373,#1374,#1375,#1376,#1377,#1378));
#6573=EDGE_LOOP('',(#1379,#1380,#1381,#1382));
#6574=EDGE_LOOP('',(#1383,#1384,#1385,#1386,#1387,#1388));
#6575=EDGE_LOOP('',(#1389,#1390,#1391,#1392));
#6576=EDGE_LOOP('',(#1393,#1394,#1395,#1396,#1397,#1398,#1399,#1400));
#6577=EDGE_LOOP('',(#1401,#1402,#1403,#1404,#1405,#1406,#1407));
#6578=EDGE_LOOP('',(#1408,#1409,#1410,#1411,#1412,#1413,#1414));
#6579=EDGE_LOOP('',(#1415,#1416,#1417,#1418,#1419,#1420,#1421,#1422,#1423,
#1424,#1425,#1426));
#6580=EDGE_LOOP('',(#1427,#1428,#1429,#1430,#1431,#1432,#1433,#1434,#1435,
#1436,#1437,#1438,#1439,#1440));
#6581=EDGE_LOOP('',(#1441));
#6582=EDGE_LOOP('',(#1442));
#6583=EDGE_LOOP('',(#1443));
#6584=EDGE_LOOP('',(#1444));
#6585=EDGE_LOOP('',(#1445));
#6586=EDGE_LOOP('',(#1446));
#6587=EDGE_LOOP('',(#1447));
#6588=EDGE_LOOP('',(#1448));
#6589=EDGE_LOOP('',(#1449,#1450,#1451,#1452,#1453,#1454,#1455,#1456,#1457,
#1458,#1459,#1460,#1461));
#6590=EDGE_LOOP('',(#1462,#1463,#1464,#1465,#1466,#1467,#1468,#1469,#1470,
#1471,#1472,#1473));
#6591=EDGE_LOOP('',(#1474,#1475,#1476,#1477,#1478,#1479,#1480,#1481,#1482,
#1483,#1484,#1485,#1486,#1487));
#6592=EDGE_LOOP('',(#1488,#1489,#1490,#1491,#1492,#1493,#1494));
#6593=EDGE_LOOP('',(#1495,#1496,#1497,#1498,#1499,#1500,#1501));
#6594=EDGE_LOOP('',(#1502,#1503,#1504,#1505,#1506,#1507,#1508,#1509,#1510,
#1511));
#6595=EDGE_LOOP('',(#1512,#1513,#1514,#1515,#1516,#1517,#1518,#1519,#1520,
#1521));
#6596=EDGE_LOOP('',(#1522,#1523,#1524,#1525,#1526,#1527,#1528,#1529,#1530,
#1531,#1532,#1533,#1534,#1535,#1536,#1537,#1538,#1539,#1540,#1541,#1542,
#1543,#1544,#1545,#1546,#1547,#1548,#1549,#1550,#1551,#1552,#1553,#1554,
#1555,#1556,#1557,#1558,#1559,#1560,#1561,#1562,#1563,#1564,#1565,#1566,
#1567,#1568,#1569,#1570,#1571,#1572,#1573,#1574,#1575,#1576,#1577,#1578,
#1579,#1580,#1581,#1582,#1583,#1584,#1585,#1586,#1587,#1588,#1589,#1590,
#1591,#1592,#1593,#1594,#1595,#1596,#1597,#1598,#1599,#1600,#1601,#1602,
#1603,#1604,#1605,#1606,#1607,#1608,#1609,#1610,#1611,#1612,#1613,#1614,
#1615,#1616,#1617,#1618,#1619,#1620,#1621,#1622,#1623,#1624,#1625,#1626,
#1627,#1628,#1629,#1630,#1631,#1632,#1633,#1634,#1635,#1636,#1637,#1638,
#1639,#1640,#1641,#1642,#1643,#1644,#1645,#1646,#1647,#1648,#1649,#1650,
#1651,#1652,#1653,#1654,#1655,#1656,#1657,#1658,#1659,#1660,#1661,#1662,
#1663,#1664,#1665,#1666,#1667,#1668,#1669,#1670,#1671,#1672,#1673,#1674,
#1675,#1676));
#6597=EDGE_LOOP('',(#1677,#1678,#1679,#1680));
#6598=EDGE_LOOP('',(#1681,#1682,#1683,#1684));
#6599=EDGE_LOOP('',(#1685,#1686,#1687,#1688));
#6600=EDGE_LOOP('',(#1689,#1690,#1691,#1692));
#6601=EDGE_LOOP('',(#1693,#1694,#1695,#1696));
#6602=EDGE_LOOP('',(#1697,#1698,#1699,#1700));
#6603=EDGE_LOOP('',(#1701,#1702,#1703,#1704));
#6604=EDGE_LOOP('',(#1705,#1706,#1707,#1708));
#6605=EDGE_LOOP('',(#1709,#1710,#1711,#1712));
#6606=EDGE_LOOP('',(#1713,#1714,#1715,#1716));
#6607=EDGE_LOOP('',(#1717,#1718,#1719,#1720));
#6608=EDGE_LOOP('',(#1721,#1722,#1723,#1724));
#6609=EDGE_LOOP('',(#1725,#1726,#1727,#1728));
#6610=EDGE_LOOP('',(#1729,#1730,#1731,#1732));
#6611=EDGE_LOOP('',(#1733,#1734,#1735,#1736));
#6612=EDGE_LOOP('',(#1737,#1738,#1739,#1740));
#6613=EDGE_LOOP('',(#1741,#1742,#1743,#1744));
#6614=EDGE_LOOP('',(#1745,#1746,#1747,#1748));
#6615=EDGE_LOOP('',(#1749,#1750,#1751,#1752));
#6616=EDGE_LOOP('',(#1753,#1754,#1755,#1756));
#6617=EDGE_LOOP('',(#1757,#1758,#1759,#1760));
#6618=EDGE_LOOP('',(#1761,#1762,#1763,#1764));
#6619=EDGE_LOOP('',(#1765,#1766,#1767,#1768));
#6620=EDGE_LOOP('',(#1769,#1770,#1771,#1772));
#6621=EDGE_LOOP('',(#1773,#1774,#1775,#1776));
#6622=EDGE_LOOP('',(#1777,#1778,#1779,#1780));
#6623=EDGE_LOOP('',(#1781,#1782,#1783,#1784));
#6624=EDGE_LOOP('',(#1785,#1786,#1787,#1788));
#6625=EDGE_LOOP('',(#1789,#1790,#1791,#1792));
#6626=EDGE_LOOP('',(#1793,#1794,#1795,#1796));
#6627=EDGE_LOOP('',(#1797,#1798,#1799,#1800));
#6628=EDGE_LOOP('',(#1801,#1802,#1803,#1804));
#6629=EDGE_LOOP('',(#1805,#1806,#1807,#1808));
#6630=EDGE_LOOP('',(#1809,#1810,#1811,#1812));
#6631=EDGE_LOOP('',(#1813,#1814,#1815,#1816));
#6632=EDGE_LOOP('',(#1817,#1818,#1819,#1820));
#6633=EDGE_LOOP('',(#1821,#1822,#1823,#1824));
#6634=EDGE_LOOP('',(#1825,#1826,#1827,#1828));
#6635=EDGE_LOOP('',(#1829,#1830,#1831,#1832));
#6636=EDGE_LOOP('',(#1833,#1834,#1835,#1836));
#6637=EDGE_LOOP('',(#1837,#1838,#1839,#1840));
#6638=EDGE_LOOP('',(#1841,#1842,#1843,#1844));
#6639=EDGE_LOOP('',(#1845,#1846,#1847,#1848));
#6640=EDGE_LOOP('',(#1849,#1850,#1851,#1852));
#6641=EDGE_LOOP('',(#1853,#1854,#1855,#1856));
#6642=EDGE_LOOP('',(#1857,#1858,#1859,#1860));
#6643=EDGE_LOOP('',(#1861,#1862,#1863,#1864));
#6644=EDGE_LOOP('',(#1865,#1866,#1867,#1868));
#6645=EDGE_LOOP('',(#1869,#1870,#1871,#1872));
#6646=EDGE_LOOP('',(#1873,#1874,#1875,#1876));
#6647=EDGE_LOOP('',(#1877,#1878,#1879,#1880));
#6648=EDGE_LOOP('',(#1881,#1882,#1883,#1884));
#6649=EDGE_LOOP('',(#1885,#1886,#1887,#1888));
#6650=EDGE_LOOP('',(#1889,#1890,#1891,#1892));
#6651=EDGE_LOOP('',(#1893,#1894,#1895,#1896));
#6652=EDGE_LOOP('',(#1897,#1898,#1899,#1900));
#6653=EDGE_LOOP('',(#1901,#1902,#1903,#1904));
#6654=EDGE_LOOP('',(#1905,#1906,#1907,#1908));
#6655=EDGE_LOOP('',(#1909,#1910,#1911,#1912));
#6656=EDGE_LOOP('',(#1913,#1914,#1915,#1916));
#6657=EDGE_LOOP('',(#1917,#1918,#1919,#1920));
#6658=EDGE_LOOP('',(#1921,#1922,#1923,#1924));
#6659=EDGE_LOOP('',(#1925,#1926,#1927,#1928));
#6660=EDGE_LOOP('',(#1929,#1930,#1931,#1932));
#6661=EDGE_LOOP('',(#1933,#1934,#1935,#1936));
#6662=EDGE_LOOP('',(#1937,#1938,#1939,#1940));
#6663=EDGE_LOOP('',(#1941,#1942,#1943,#1944));
#6664=EDGE_LOOP('',(#1945,#1946,#1947,#1948));
#6665=EDGE_LOOP('',(#1949,#1950,#1951,#1952));
#6666=EDGE_LOOP('',(#1953,#1954,#1955,#1956));
#6667=EDGE_LOOP('',(#1957,#1958,#1959,#1960));
#6668=EDGE_LOOP('',(#1961,#1962,#1963,#1964));
#6669=EDGE_LOOP('',(#1965,#1966,#1967,#1968));
#6670=EDGE_LOOP('',(#1969,#1970,#1971,#1972));
#6671=EDGE_LOOP('',(#1973,#1974,#1975,#1976));
#6672=EDGE_LOOP('',(#1977,#1978,#1979,#1980));
#6673=EDGE_LOOP('',(#1981));
#6674=EDGE_LOOP('',(#1982));
#6675=EDGE_LOOP('',(#1983));
#6676=EDGE_LOOP('',(#1984));
#6677=EDGE_LOOP('',(#1985));
#6678=EDGE_LOOP('',(#1986));
#6679=EDGE_LOOP('',(#1987));
#6680=EDGE_LOOP('',(#1988));
#6681=EDGE_LOOP('',(#1989,#1990,#1991,#1992));
#6682=EDGE_LOOP('',(#1993));
#6683=EDGE_LOOP('',(#1994));
#6684=EDGE_LOOP('',(#1995));
#6685=EDGE_LOOP('',(#1996));
#6686=EDGE_LOOP('',(#1997,#1998,#1999,#2000));
#6687=EDGE_LOOP('',(#2001,#2002,#2003,#2004));
#6688=EDGE_LOOP('',(#2005,#2006,#2007,#2008));
#6689=EDGE_LOOP('',(#2009,#2010,#2011,#2012));
#6690=EDGE_LOOP('',(#2013,#2014,#2015,#2016));
#6691=EDGE_LOOP('',(#2017,#2018,#2019,#2020));
#6692=EDGE_LOOP('',(#2021,#2022,#2023,#2024));
#6693=EDGE_LOOP('',(#2025,#2026,#2027,#2028));
#6694=EDGE_LOOP('',(#2029,#2030,#2031,#2032));
#6695=EDGE_LOOP('',(#2033,#2034,#2035,#2036));
#6696=EDGE_LOOP('',(#2037,#2038,#2039,#2040));
#6697=EDGE_LOOP('',(#2041,#2042,#2043,#2044));
#6698=EDGE_LOOP('',(#2045,#2046,#2047,#2048));
#6699=EDGE_LOOP('',(#2049,#2050,#2051,#2052));
#6700=EDGE_LOOP('',(#2053,#2054,#2055,#2056));
#6701=EDGE_LOOP('',(#2057,#2058,#2059,#2060));
#6702=EDGE_LOOP('',(#2061,#2062,#2063,#2064));
#6703=EDGE_LOOP('',(#2065,#2066,#2067,#2068));
#6704=EDGE_LOOP('',(#2069,#2070,#2071,#2072));
#6705=EDGE_LOOP('',(#2073,#2074,#2075,#2076));
#6706=EDGE_LOOP('',(#2077,#2078,#2079,#2080));
#6707=EDGE_LOOP('',(#2081,#2082,#2083,#2084));
#6708=EDGE_LOOP('',(#2085,#2086,#2087,#2088));
#6709=EDGE_LOOP('',(#2089,#2090,#2091,#2092));
#6710=EDGE_LOOP('',(#2093,#2094,#2095,#2096));
#6711=EDGE_LOOP('',(#2097,#2098,#2099,#2100));
#6712=EDGE_LOOP('',(#2101,#2102,#2103,#2104));
#6713=EDGE_LOOP('',(#2105,#2106,#2107,#2108));
#6714=EDGE_LOOP('',(#2109,#2110,#2111,#2112));
#6715=EDGE_LOOP('',(#2113,#2114,#2115,#2116));
#6716=EDGE_LOOP('',(#2117,#2118,#2119,#2120));
#6717=EDGE_LOOP('',(#2121,#2122,#2123,#2124));
#6718=EDGE_LOOP('',(#2125,#2126,#2127,#2128));
#6719=EDGE_LOOP('',(#2129,#2130,#2131,#2132));
#6720=EDGE_LOOP('',(#2133,#2134,#2135,#2136));
#6721=EDGE_LOOP('',(#2137,#2138,#2139,#2140));
#6722=EDGE_LOOP('',(#2141,#2142,#2143,#2144));
#6723=EDGE_LOOP('',(#2145,#2146,#2147,#2148));
#6724=EDGE_LOOP('',(#2149,#2150,#2151,#2152));
#6725=EDGE_LOOP('',(#2153,#2154,#2155,#2156));
#6726=EDGE_LOOP('',(#2157,#2158,#2159,#2160));
#6727=EDGE_LOOP('',(#2161,#2162,#2163,#2164));
#6728=EDGE_LOOP('',(#2165,#2166,#2167,#2168));
#6729=EDGE_LOOP('',(#2169,#2170,#2171,#2172));
#6730=EDGE_LOOP('',(#2173,#2174,#2175,#2176));
#6731=EDGE_LOOP('',(#2177,#2178,#2179,#2180));
#6732=EDGE_LOOP('',(#2181,#2182,#2183,#2184));
#6733=EDGE_LOOP('',(#2185,#2186,#2187,#2188));
#6734=EDGE_LOOP('',(#2189,#2190,#2191,#2192));
#6735=EDGE_LOOP('',(#2193,#2194,#2195,#2196));
#6736=EDGE_LOOP('',(#2197,#2198,#2199,#2200));
#6737=EDGE_LOOP('',(#2201,#2202,#2203,#2204));
#6738=EDGE_LOOP('',(#2205,#2206,#2207,#2208));
#6739=EDGE_LOOP('',(#2209,#2210,#2211,#2212));
#6740=EDGE_LOOP('',(#2213,#2214,#2215,#2216));
#6741=EDGE_LOOP('',(#2217,#2218,#2219,#2220));
#6742=EDGE_LOOP('',(#2221,#2222,#2223,#2224));
#6743=EDGE_LOOP('',(#2225,#2226,#2227,#2228));
#6744=EDGE_LOOP('',(#2229,#2230,#2231,#2232));
#6745=EDGE_LOOP('',(#2233,#2234,#2235,#2236));
#6746=EDGE_LOOP('',(#2237,#2238,#2239,#2240));
#6747=EDGE_LOOP('',(#2241,#2242,#2243,#2244));
#6748=EDGE_LOOP('',(#2245,#2246,#2247,#2248));
#6749=EDGE_LOOP('',(#2249,#2250,#2251,#2252));
#6750=EDGE_LOOP('',(#2253,#2254,#2255,#2256));
#6751=EDGE_LOOP('',(#2257,#2258,#2259,#2260));
#6752=EDGE_LOOP('',(#2261,#2262,#2263,#2264));
#6753=EDGE_LOOP('',(#2265,#2266,#2267,#2268));
#6754=EDGE_LOOP('',(#2269,#2270,#2271,#2272));
#6755=EDGE_LOOP('',(#2273,#2274,#2275,#2276));
#6756=EDGE_LOOP('',(#2277,#2278,#2279,#2280));
#6757=EDGE_LOOP('',(#2281,#2282,#2283,#2284));
#6758=EDGE_LOOP('',(#2285));
#6759=EDGE_LOOP('',(#2286));
#6760=EDGE_LOOP('',(#2287));
#6761=EDGE_LOOP('',(#2288));
#6762=EDGE_LOOP('',(#2289,#2290,#2291,#2292));
#6763=EDGE_LOOP('',(#2293,#2294,#2295,#2296));
#6764=EDGE_LOOP('',(#2297,#2298,#2299,#2300));
#6765=EDGE_LOOP('',(#2301,#2302,#2303,#2304));
#6766=EDGE_LOOP('',(#2305,#2306,#2307,#2308));
#6767=EDGE_LOOP('',(#2309,#2310,#2311,#2312));
#6768=EDGE_LOOP('',(#2313,#2314,#2315,#2316));
#6769=EDGE_LOOP('',(#2317,#2318,#2319,#2320));
#6770=EDGE_LOOP('',(#2321,#2322,#2323,#2324));
#6771=EDGE_LOOP('',(#2325,#2326,#2327,#2328));
#6772=EDGE_LOOP('',(#2329,#2330,#2331,#2332));
#6773=EDGE_LOOP('',(#2333,#2334,#2335,#2336));
#6774=EDGE_LOOP('',(#2337,#2338,#2339,#2340));
#6775=EDGE_LOOP('',(#2341,#2342,#2343,#2344));
#6776=EDGE_LOOP('',(#2345,#2346,#2347,#2348));
#6777=EDGE_LOOP('',(#2349,#2350,#2351,#2352));
#6778=EDGE_LOOP('',(#2353,#2354,#2355,#2356));
#6779=EDGE_LOOP('',(#2357,#2358,#2359,#2360));
#6780=EDGE_LOOP('',(#2361,#2362,#2363,#2364));
#6781=EDGE_LOOP('',(#2365,#2366,#2367,#2368));
#6782=EDGE_LOOP('',(#2369,#2370,#2371,#2372));
#6783=EDGE_LOOP('',(#2373,#2374,#2375,#2376));
#6784=EDGE_LOOP('',(#2377,#2378,#2379,#2380));
#6785=EDGE_LOOP('',(#2381,#2382,#2383,#2384));
#6786=EDGE_LOOP('',(#2385,#2386,#2387,#2388));
#6787=EDGE_LOOP('',(#2389,#2390,#2391,#2392));
#6788=EDGE_LOOP('',(#2393,#2394,#2395,#2396));
#6789=EDGE_LOOP('',(#2397,#2398,#2399,#2400));
#6790=EDGE_LOOP('',(#2401,#2402,#2403,#2404));
#6791=EDGE_LOOP('',(#2405,#2406,#2407,#2408));
#6792=EDGE_LOOP('',(#2409,#2410,#2411,#2412));
#6793=EDGE_LOOP('',(#2413,#2414,#2415,#2416));
#6794=EDGE_LOOP('',(#2417,#2418,#2419,#2420));
#6795=EDGE_LOOP('',(#2421,#2422,#2423,#2424));
#6796=EDGE_LOOP('',(#2425,#2426,#2427,#2428));
#6797=EDGE_LOOP('',(#2429,#2430,#2431,#2432));
#6798=EDGE_LOOP('',(#2433,#2434,#2435,#2436));
#6799=EDGE_LOOP('',(#2437,#2438,#2439,#2440));
#6800=EDGE_LOOP('',(#2441,#2442,#2443,#2444));
#6801=EDGE_LOOP('',(#2445,#2446,#2447,#2448));
#6802=EDGE_LOOP('',(#2449,#2450,#2451,#2452));
#6803=EDGE_LOOP('',(#2453,#2454,#2455,#2456));
#6804=EDGE_LOOP('',(#2457,#2458,#2459,#2460));
#6805=EDGE_LOOP('',(#2461,#2462,#2463,#2464));
#6806=EDGE_LOOP('',(#2465,#2466,#2467,#2468));
#6807=EDGE_LOOP('',(#2469,#2470,#2471,#2472));
#6808=EDGE_LOOP('',(#2473,#2474,#2475,#2476));
#6809=EDGE_LOOP('',(#2477,#2478,#2479,#2480));
#6810=EDGE_LOOP('',(#2481,#2482,#2483,#2484));
#6811=EDGE_LOOP('',(#2485,#2486,#2487,#2488));
#6812=EDGE_LOOP('',(#2489,#2490,#2491,#2492));
#6813=EDGE_LOOP('',(#2493,#2494,#2495,#2496));
#6814=EDGE_LOOP('',(#2497,#2498,#2499,#2500));
#6815=EDGE_LOOP('',(#2501,#2502,#2503,#2504));
#6816=EDGE_LOOP('',(#2505,#2506,#2507,#2508));
#6817=EDGE_LOOP('',(#2509,#2510,#2511,#2512));
#6818=EDGE_LOOP('',(#2513,#2514,#2515,#2516));
#6819=EDGE_LOOP('',(#2517,#2518,#2519,#2520));
#6820=EDGE_LOOP('',(#2521,#2522,#2523,#2524));
#6821=EDGE_LOOP('',(#2525,#2526,#2527,#2528));
#6822=EDGE_LOOP('',(#2529,#2530,#2531,#2532));
#6823=EDGE_LOOP('',(#2533,#2534,#2535,#2536));
#6824=EDGE_LOOP('',(#2537,#2538,#2539,#2540));
#6825=EDGE_LOOP('',(#2541,#2542,#2543,#2544));
#6826=EDGE_LOOP('',(#2545,#2546,#2547,#2548));
#6827=EDGE_LOOP('',(#2549,#2550,#2551,#2552));
#6828=EDGE_LOOP('',(#2553,#2554,#2555,#2556));
#6829=EDGE_LOOP('',(#2557,#2558,#2559,#2560));
#6830=EDGE_LOOP('',(#2561,#2562,#2563,#2564));
#6831=EDGE_LOOP('',(#2565,#2566,#2567,#2568));
#6832=EDGE_LOOP('',(#2569,#2570,#2571,#2572));
#6833=EDGE_LOOP('',(#2573,#2574,#2575,#2576));
#6834=EDGE_LOOP('',(#2577,#2578,#2579,#2580));
#6835=EDGE_LOOP('',(#2581,#2582,#2583,#2584));
#6836=EDGE_LOOP('',(#2585,#2586,#2587,#2588));
#6837=EDGE_LOOP('',(#2589,#2590,#2591,#2592));
#6838=EDGE_LOOP('',(#2593,#2594,#2595,#2596));
#6839=EDGE_LOOP('',(#2597,#2598,#2599,#2600));
#6840=EDGE_LOOP('',(#2601,#2602,#2603,#2604));
#6841=EDGE_LOOP('',(#2605,#2606,#2607,#2608));
#6842=EDGE_LOOP('',(#2609,#2610,#2611,#2612));
#6843=EDGE_LOOP('',(#2613,#2614,#2615,#2616));
#6844=EDGE_LOOP('',(#2617,#2618,#2619,#2620));
#6845=EDGE_LOOP('',(#2621,#2622,#2623,#2624));
#6846=EDGE_LOOP('',(#2625,#2626,#2627,#2628));
#6847=EDGE_LOOP('',(#2629,#2630,#2631,#2632));
#6848=EDGE_LOOP('',(#2633,#2634,#2635,#2636));
#6849=EDGE_LOOP('',(#2637,#2638,#2639,#2640));
#6850=EDGE_LOOP('',(#2641,#2642,#2643,#2644));
#6851=EDGE_LOOP('',(#2645,#2646,#2647,#2648));
#6852=EDGE_LOOP('',(#2649,#2650,#2651,#2652));
#6853=EDGE_LOOP('',(#2653,#2654,#2655,#2656));
#6854=EDGE_LOOP('',(#2657,#2658,#2659,#2660));
#6855=EDGE_LOOP('',(#2661,#2662,#2663,#2664));
#6856=EDGE_LOOP('',(#2665,#2666,#2667,#2668));
#6857=EDGE_LOOP('',(#2669,#2670,#2671,#2672));
#6858=EDGE_LOOP('',(#2673,#2674,#2675,#2676));
#6859=EDGE_LOOP('',(#2677,#2678,#2679,#2680));
#6860=EDGE_LOOP('',(#2681,#2682,#2683,#2684));
#6861=EDGE_LOOP('',(#2685,#2686,#2687,#2688));
#6862=EDGE_LOOP('',(#2689,#2690,#2691,#2692));
#6863=EDGE_LOOP('',(#2693,#2694,#2695,#2696));
#6864=EDGE_LOOP('',(#2697,#2698,#2699,#2700));
#6865=EDGE_LOOP('',(#2701,#2702,#2703,#2704));
#6866=EDGE_LOOP('',(#2705,#2706,#2707,#2708));
#6867=EDGE_LOOP('',(#2709,#2710,#2711,#2712));
#6868=EDGE_LOOP('',(#2713,#2714,#2715,#2716));
#6869=EDGE_LOOP('',(#2717,#2718,#2719,#2720));
#6870=EDGE_LOOP('',(#2721,#2722,#2723,#2724));
#6871=EDGE_LOOP('',(#2725,#2726,#2727,#2728));
#6872=EDGE_LOOP('',(#2729,#2730,#2731,#2732));
#6873=EDGE_LOOP('',(#2733,#2734,#2735,#2736));
#6874=EDGE_LOOP('',(#2737,#2738,#2739,#2740));
#6875=EDGE_LOOP('',(#2741,#2742,#2743,#2744));
#6876=EDGE_LOOP('',(#2745,#2746,#2747,#2748));
#6877=EDGE_LOOP('',(#2749,#2750,#2751,#2752));
#6878=EDGE_LOOP('',(#2753,#2754,#2755,#2756));
#6879=EDGE_LOOP('',(#2757,#2758,#2759,#2760));
#6880=EDGE_LOOP('',(#2761,#2762,#2763,#2764));
#6881=EDGE_LOOP('',(#2765,#2766,#2767,#2768));
#6882=EDGE_LOOP('',(#2769,#2770,#2771,#2772));
#6883=EDGE_LOOP('',(#2773,#2774,#2775,#2776));
#6884=EDGE_LOOP('',(#2777,#2778,#2779,#2780));
#6885=EDGE_LOOP('',(#2781,#2782,#2783,#2784));
#6886=EDGE_LOOP('',(#2785,#2786,#2787,#2788));
#6887=EDGE_LOOP('',(#2789,#2790,#2791,#2792));
#6888=EDGE_LOOP('',(#2793,#2794,#2795,#2796));
#6889=EDGE_LOOP('',(#2797,#2798,#2799,#2800));
#6890=EDGE_LOOP('',(#2801,#2802,#2803,#2804));
#6891=EDGE_LOOP('',(#2805,#2806,#2807,#2808));
#6892=EDGE_LOOP('',(#2809,#2810,#2811,#2812));
#6893=EDGE_LOOP('',(#2813,#2814,#2815,#2816));
#6894=EDGE_LOOP('',(#2817,#2818,#2819,#2820));
#6895=EDGE_LOOP('',(#2821,#2822,#2823,#2824));
#6896=EDGE_LOOP('',(#2825,#2826,#2827,#2828));
#6897=EDGE_LOOP('',(#2829,#2830,#2831,#2832));
#6898=EDGE_LOOP('',(#2833,#2834,#2835,#2836));
#6899=EDGE_LOOP('',(#2837,#2838,#2839,#2840));
#6900=EDGE_LOOP('',(#2841,#2842,#2843,#2844));
#6901=EDGE_LOOP('',(#2845,#2846,#2847,#2848));
#6902=EDGE_LOOP('',(#2849,#2850,#2851,#2852));
#6903=EDGE_LOOP('',(#2853,#2854,#2855,#2856));
#6904=EDGE_LOOP('',(#2857,#2858,#2859,#2860));
#6905=EDGE_LOOP('',(#2861,#2862,#2863,#2864));
#6906=EDGE_LOOP('',(#2865,#2866,#2867,#2868));
#6907=EDGE_LOOP('',(#2869,#2870,#2871,#2872));
#6908=EDGE_LOOP('',(#2873,#2874,#2875,#2876));
#6909=EDGE_LOOP('',(#2877,#2878,#2879,#2880));
#6910=EDGE_LOOP('',(#2881,#2882,#2883,#2884));
#6911=EDGE_LOOP('',(#2885,#2886,#2887,#2888));
#6912=EDGE_LOOP('',(#2889,#2890,#2891,#2892,#2893,#2894,#2895));
#6913=EDGE_LOOP('',(#2896,#2897,#2898,#2899,#2900,#2901,#2902,#2903,#2904,
#2905,#2906,#2907,#2908,#2909,#2910,#2911,#2912,#2913,#2914,#2915,#2916,
#2917));
#6914=EDGE_LOOP('',(#2918,#2919,#2920,#2921,#2922,#2923));
#6915=EDGE_LOOP('',(#2924,#2925,#2926,#2927));
#6916=EDGE_LOOP('',(#2928,#2929,#2930,#2931));
#6917=EDGE_LOOP('',(#2932,#2933,#2934,#2935));
#6918=EDGE_LOOP('',(#2936,#2937,#2938,#2939));
#6919=EDGE_LOOP('',(#2940,#2941,#2942,#2943));
#6920=EDGE_LOOP('',(#2944,#2945,#2946,#2947));
#6921=EDGE_LOOP('',(#2948,#2949,#2950,#2951));
#6922=EDGE_LOOP('',(#2952,#2953,#2954,#2955));
#6923=EDGE_LOOP('',(#2956,#2957,#2958,#2959));
#6924=EDGE_LOOP('',(#2960,#2961,#2962,#2963));
#6925=EDGE_LOOP('',(#2964,#2965,#2966,#2967));
#6926=EDGE_LOOP('',(#2968,#2969,#2970,#2971));
#6927=EDGE_LOOP('',(#2972,#2973,#2974,#2975));
#6928=EDGE_LOOP('',(#2976,#2977,#2978,#2979));
#6929=EDGE_LOOP('',(#2980,#2981,#2982,#2983));
#6930=EDGE_LOOP('',(#2984,#2985,#2986,#2987));
#6931=EDGE_LOOP('',(#2988,#2989,#2990,#2991));
#6932=EDGE_LOOP('',(#2992,#2993,#2994,#2995));
#6933=EDGE_LOOP('',(#2996,#2997,#2998,#2999));
#6934=EDGE_LOOP('',(#3000,#3001,#3002,#3003));
#6935=EDGE_LOOP('',(#3004,#3005,#3006,#3007));
#6936=EDGE_LOOP('',(#3008,#3009,#3010,#3011));
#6937=EDGE_LOOP('',(#3012,#3013,#3014,#3015));
#6938=EDGE_LOOP('',(#3016,#3017,#3018,#3019));
#6939=EDGE_LOOP('',(#3020,#3021,#3022,#3023));
#6940=EDGE_LOOP('',(#3024,#3025,#3026,#3027));
#6941=EDGE_LOOP('',(#3028,#3029,#3030,#3031));
#6942=EDGE_LOOP('',(#3032,#3033,#3034,#3035));
#6943=EDGE_LOOP('',(#3036,#3037,#3038,#3039));
#6944=EDGE_LOOP('',(#3040,#3041,#3042,#3043));
#6945=EDGE_LOOP('',(#3044,#3045,#3046,#3047));
#6946=EDGE_LOOP('',(#3048,#3049,#3050,#3051));
#6947=EDGE_LOOP('',(#3052,#3053,#3054,#3055));
#6948=EDGE_LOOP('',(#3056,#3057,#3058,#3059));
#6949=EDGE_LOOP('',(#3060,#3061,#3062,#3063));
#6950=EDGE_LOOP('',(#3064,#3065,#3066,#3067));
#6951=EDGE_LOOP('',(#3068,#3069,#3070,#3071));
#6952=EDGE_LOOP('',(#3072,#3073,#3074,#3075));
#6953=EDGE_LOOP('',(#3076,#3077,#3078,#3079));
#6954=EDGE_LOOP('',(#3080,#3081,#3082,#3083));
#6955=EDGE_LOOP('',(#3084,#3085,#3086,#3087));
#6956=EDGE_LOOP('',(#3088,#3089,#3090,#3091));
#6957=EDGE_LOOP('',(#3092,#3093,#3094,#3095));
#6958=EDGE_LOOP('',(#3096,#3097,#3098,#3099,#3100,#3101,#3102,#3103,#3104,
#3105,#3106,#3107,#3108,#3109,#3110,#3111,#3112,#3113));
#6959=EDGE_LOOP('',(#3114,#3115,#3116,#3117,#3118,#3119,#3120,#3121,#3122,
#3123,#3124,#3125,#3126,#3127));
#6960=EDGE_LOOP('',(#3128,#3129,#3130,#3131));
#6961=EDGE_LOOP('',(#3132,#3133,#3134,#3135));
#6962=EDGE_LOOP('',(#3136,#3137,#3138,#3139));
#6963=EDGE_LOOP('',(#3140,#3141,#3142,#3143));
#6964=EDGE_LOOP('',(#3144,#3145,#3146,#3147));
#6965=EDGE_LOOP('',(#3148,#3149,#3150,#3151));
#6966=EDGE_LOOP('',(#3152,#3153,#3154,#3155));
#6967=EDGE_LOOP('',(#3156,#3157,#3158,#3159));
#6968=EDGE_LOOP('',(#3160,#3161,#3162,#3163));
#6969=EDGE_LOOP('',(#3164,#3165,#3166,#3167));
#6970=EDGE_LOOP('',(#3168,#3169,#3170,#3171));
#6971=EDGE_LOOP('',(#3172,#3173,#3174,#3175));
#6972=EDGE_LOOP('',(#3176,#3177,#3178,#3179));
#6973=EDGE_LOOP('',(#3180,#3181,#3182,#3183));
#6974=EDGE_LOOP('',(#3184,#3185,#3186,#3187));
#6975=EDGE_LOOP('',(#3188,#3189,#3190,#3191));
#6976=EDGE_LOOP('',(#3192,#3193,#3194,#3195));
#6977=EDGE_LOOP('',(#3196,#3197,#3198,#3199,#3200,#3201,#3202,#3203,#3204,
#3205,#3206,#3207,#3208,#3209));
#6978=EDGE_LOOP('',(#3210,#3211,#3212,#3213));
#6979=EDGE_LOOP('',(#3214,#3215,#3216,#3217));
#6980=EDGE_LOOP('',(#3218,#3219,#3220,#3221));
#6981=EDGE_LOOP('',(#3222,#3223,#3224,#3225));
#6982=EDGE_LOOP('',(#3226,#3227,#3228,#3229));
#6983=EDGE_LOOP('',(#3230,#3231,#3232,#3233));
#6984=EDGE_LOOP('',(#3234,#3235,#3236,#3237));
#6985=EDGE_LOOP('',(#3238,#3239,#3240,#3241));
#6986=EDGE_LOOP('',(#3242,#3243,#3244,#3245));
#6987=EDGE_LOOP('',(#3246,#3247,#3248,#3249));
#6988=EDGE_LOOP('',(#3250,#3251,#3252,#3253));
#6989=EDGE_LOOP('',(#3254,#3255,#3256,#3257));
#6990=EDGE_LOOP('',(#3258,#3259,#3260,#3261));
#6991=EDGE_LOOP('',(#3262,#3263,#3264,#3265));
#6992=EDGE_LOOP('',(#3266,#3267,#3268,#3269));
#6993=EDGE_LOOP('',(#3270,#3271,#3272,#3273));
#6994=EDGE_LOOP('',(#3274,#3275,#3276,#3277));
#6995=EDGE_LOOP('',(#3278,#3279,#3280,#3281));
#6996=EDGE_LOOP('',(#3282,#3283,#3284,#3285));
#6997=EDGE_LOOP('',(#3286,#3287,#3288,#3289));
#6998=FACE_BOUND('',#6531,.T.);
#6999=FACE_BOUND('',#6532,.T.);
#7000=FACE_BOUND('',#6533,.T.);
#7001=FACE_BOUND('',#6534,.T.);
#7002=FACE_BOUND('',#6535,.T.);
#7003=FACE_BOUND('',#6536,.T.);
#7004=FACE_BOUND('',#6537,.T.);
#7005=FACE_BOUND('',#6538,.T.);
#7006=FACE_BOUND('',#6539,.T.);
#7007=FACE_BOUND('',#6540,.T.);
#7008=FACE_BOUND('',#6541,.T.);
#7009=FACE_BOUND('',#6542,.T.);
#7010=FACE_BOUND('',#6543,.T.);
#7011=FACE_BOUND('',#6544,.T.);
#7012=FACE_BOUND('',#6545,.T.);
#7013=FACE_BOUND('',#6546,.T.);
#7014=FACE_BOUND('',#6547,.T.);
#7015=FACE_BOUND('',#6548,.T.);
#7016=FACE_BOUND('',#6549,.T.);
#7017=FACE_BOUND('',#6550,.T.);
#7018=FACE_BOUND('',#6551,.T.);
#7019=FACE_BOUND('',#6552,.T.);
#7020=FACE_BOUND('',#6553,.T.);
#7021=FACE_BOUND('',#6554,.T.);
#7022=FACE_BOUND('',#6555,.T.);
#7023=FACE_BOUND('',#6556,.T.);
#7024=FACE_BOUND('',#6557,.T.);
#7025=FACE_BOUND('',#6558,.T.);
#7026=FACE_BOUND('',#6559,.T.);
#7027=FACE_BOUND('',#6560,.T.);
#7028=FACE_BOUND('',#6561,.T.);
#7029=FACE_BOUND('',#6562,.T.);
#7030=FACE_BOUND('',#6563,.T.);
#7031=FACE_BOUND('',#6564,.T.);
#7032=FACE_BOUND('',#6565,.T.);
#7033=FACE_BOUND('',#6566,.T.);
#7034=FACE_BOUND('',#6567,.T.);
#7035=FACE_BOUND('',#6568,.T.);
#7036=FACE_BOUND('',#6569,.T.);
#7037=FACE_BOUND('',#6570,.T.);
#7038=FACE_BOUND('',#6571,.T.);
#7039=FACE_BOUND('',#6572,.T.);
#7040=FACE_BOUND('',#6573,.T.);
#7041=FACE_BOUND('',#6574,.T.);
#7042=FACE_BOUND('',#6575,.T.);
#7043=FACE_BOUND('',#6576,.T.);
#7044=FACE_BOUND('',#6577,.T.);
#7045=FACE_BOUND('',#6578,.T.);
#7046=FACE_BOUND('',#6579,.T.);
#7047=FACE_BOUND('',#6580,.T.);
#7048=FACE_BOUND('',#6581,.T.);
#7049=FACE_BOUND('',#6582,.T.);
#7050=FACE_BOUND('',#6583,.T.);
#7051=FACE_BOUND('',#6584,.T.);
#7052=FACE_BOUND('',#6585,.T.);
#7053=FACE_BOUND('',#6586,.T.);
#7054=FACE_BOUND('',#6587,.T.);
#7055=FACE_BOUND('',#6588,.T.);
#7056=FACE_BOUND('',#6589,.T.);
#7057=FACE_BOUND('',#6590,.T.);
#7058=FACE_BOUND('',#6591,.T.);
#7059=FACE_BOUND('',#6592,.T.);
#7060=FACE_BOUND('',#6593,.T.);
#7061=FACE_BOUND('',#6594,.T.);
#7062=FACE_BOUND('',#6595,.T.);
#7063=FACE_BOUND('',#6596,.T.);
#7064=FACE_BOUND('',#6597,.T.);
#7065=FACE_BOUND('',#6598,.T.);
#7066=FACE_BOUND('',#6599,.T.);
#7067=FACE_BOUND('',#6600,.T.);
#7068=FACE_BOUND('',#6601,.T.);
#7069=FACE_BOUND('',#6602,.T.);
#7070=FACE_BOUND('',#6603,.T.);
#7071=FACE_BOUND('',#6604,.T.);
#7072=FACE_BOUND('',#6605,.T.);
#7073=FACE_BOUND('',#6606,.T.);
#7074=FACE_BOUND('',#6607,.T.);
#7075=FACE_BOUND('',#6608,.T.);
#7076=FACE_BOUND('',#6609,.T.);
#7077=FACE_BOUND('',#6610,.T.);
#7078=FACE_BOUND('',#6611,.T.);
#7079=FACE_BOUND('',#6612,.T.);
#7080=FACE_BOUND('',#6613,.T.);
#7081=FACE_BOUND('',#6614,.T.);
#7082=FACE_BOUND('',#6615,.T.);
#7083=FACE_BOUND('',#6616,.T.);
#7084=FACE_BOUND('',#6617,.T.);
#7085=FACE_BOUND('',#6618,.T.);
#7086=FACE_BOUND('',#6619,.T.);
#7087=FACE_BOUND('',#6620,.T.);
#7088=FACE_BOUND('',#6621,.T.);
#7089=FACE_BOUND('',#6622,.T.);
#7090=FACE_BOUND('',#6623,.T.);
#7091=FACE_BOUND('',#6624,.T.);
#7092=FACE_BOUND('',#6625,.T.);
#7093=FACE_BOUND('',#6626,.T.);
#7094=FACE_BOUND('',#6627,.T.);
#7095=FACE_BOUND('',#6628,.T.);
#7096=FACE_BOUND('',#6629,.T.);
#7097=FACE_BOUND('',#6630,.T.);
#7098=FACE_BOUND('',#6631,.T.);
#7099=FACE_BOUND('',#6632,.T.);
#7100=FACE_BOUND('',#6633,.T.);
#7101=FACE_BOUND('',#6634,.T.);
#7102=FACE_BOUND('',#6635,.T.);
#7103=FACE_BOUND('',#6636,.T.);
#7104=FACE_BOUND('',#6637,.T.);
#7105=FACE_BOUND('',#6638,.T.);
#7106=FACE_BOUND('',#6639,.T.);
#7107=FACE_BOUND('',#6640,.T.);
#7108=FACE_BOUND('',#6641,.T.);
#7109=FACE_BOUND('',#6642,.T.);
#7110=FACE_BOUND('',#6643,.T.);
#7111=FACE_BOUND('',#6644,.T.);
#7112=FACE_BOUND('',#6645,.T.);
#7113=FACE_BOUND('',#6646,.T.);
#7114=FACE_BOUND('',#6647,.T.);
#7115=FACE_BOUND('',#6648,.T.);
#7116=FACE_BOUND('',#6649,.T.);
#7117=FACE_BOUND('',#6650,.T.);
#7118=FACE_BOUND('',#6651,.T.);
#7119=FACE_BOUND('',#6652,.T.);
#7120=FACE_BOUND('',#6653,.T.);
#7121=FACE_BOUND('',#6654,.T.);
#7122=FACE_BOUND('',#6655,.T.);
#7123=FACE_BOUND('',#6656,.T.);
#7124=FACE_BOUND('',#6657,.T.);
#7125=FACE_BOUND('',#6658,.T.);
#7126=FACE_BOUND('',#6659,.T.);
#7127=FACE_BOUND('',#6660,.T.);
#7128=FACE_BOUND('',#6661,.T.);
#7129=FACE_BOUND('',#6662,.T.);
#7130=FACE_BOUND('',#6663,.T.);
#7131=FACE_BOUND('',#6664,.T.);
#7132=FACE_BOUND('',#6665,.T.);
#7133=FACE_BOUND('',#6666,.T.);
#7134=FACE_BOUND('',#6667,.T.);
#7135=FACE_BOUND('',#6668,.T.);
#7136=FACE_BOUND('',#6669,.T.);
#7137=FACE_BOUND('',#6670,.T.);
#7138=FACE_BOUND('',#6671,.T.);
#7139=FACE_BOUND('',#6672,.T.);
#7140=FACE_BOUND('',#6673,.T.);
#7141=FACE_BOUND('',#6674,.T.);
#7142=FACE_BOUND('',#6675,.T.);
#7143=FACE_BOUND('',#6676,.T.);
#7144=FACE_BOUND('',#6677,.T.);
#7145=FACE_BOUND('',#6678,.T.);
#7146=FACE_BOUND('',#6679,.T.);
#7147=FACE_BOUND('',#6680,.T.);
#7148=FACE_BOUND('',#6681,.T.);
#7149=FACE_BOUND('',#6682,.T.);
#7150=FACE_BOUND('',#6683,.T.);
#7151=FACE_BOUND('',#6684,.T.);
#7152=FACE_BOUND('',#6685,.T.);
#7153=FACE_BOUND('',#6686,.T.);
#7154=FACE_BOUND('',#6687,.T.);
#7155=FACE_BOUND('',#6688,.T.);
#7156=FACE_BOUND('',#6689,.T.);
#7157=FACE_BOUND('',#6690,.T.);
#7158=FACE_BOUND('',#6691,.T.);
#7159=FACE_BOUND('',#6692,.T.);
#7160=FACE_BOUND('',#6693,.T.);
#7161=FACE_BOUND('',#6694,.T.);
#7162=FACE_BOUND('',#6695,.T.);
#7163=FACE_BOUND('',#6696,.T.);
#7164=FACE_BOUND('',#6697,.T.);
#7165=FACE_BOUND('',#6698,.T.);
#7166=FACE_BOUND('',#6699,.T.);
#7167=FACE_BOUND('',#6700,.T.);
#7168=FACE_BOUND('',#6701,.T.);
#7169=FACE_BOUND('',#6702,.T.);
#7170=FACE_BOUND('',#6703,.T.);
#7171=FACE_BOUND('',#6704,.T.);
#7172=FACE_BOUND('',#6705,.T.);
#7173=FACE_BOUND('',#6706,.T.);
#7174=FACE_BOUND('',#6707,.T.);
#7175=FACE_BOUND('',#6708,.T.);
#7176=FACE_BOUND('',#6709,.T.);
#7177=FACE_BOUND('',#6710,.T.);
#7178=FACE_BOUND('',#6711,.T.);
#7179=FACE_BOUND('',#6712,.T.);
#7180=FACE_BOUND('',#6713,.T.);
#7181=FACE_BOUND('',#6714,.T.);
#7182=FACE_BOUND('',#6715,.T.);
#7183=FACE_BOUND('',#6716,.T.);
#7184=FACE_BOUND('',#6717,.T.);
#7185=FACE_BOUND('',#6718,.T.);
#7186=FACE_BOUND('',#6719,.T.);
#7187=FACE_BOUND('',#6720,.T.);
#7188=FACE_BOUND('',#6721,.T.);
#7189=FACE_BOUND('',#6722,.T.);
#7190=FACE_BOUND('',#6723,.T.);
#7191=FACE_BOUND('',#6724,.T.);
#7192=FACE_BOUND('',#6725,.T.);
#7193=FACE_BOUND('',#6726,.T.);
#7194=FACE_BOUND('',#6727,.T.);
#7195=FACE_BOUND('',#6728,.T.);
#7196=FACE_BOUND('',#6729,.T.);
#7197=FACE_BOUND('',#6730,.T.);
#7198=FACE_BOUND('',#6731,.T.);
#7199=FACE_BOUND('',#6732,.T.);
#7200=FACE_BOUND('',#6733,.T.);
#7201=FACE_BOUND('',#6734,.T.);
#7202=FACE_BOUND('',#6735,.T.);
#7203=FACE_BOUND('',#6736,.T.);
#7204=FACE_BOUND('',#6737,.T.);
#7205=FACE_BOUND('',#6738,.T.);
#7206=FACE_BOUND('',#6739,.T.);
#7207=FACE_BOUND('',#6740,.T.);
#7208=FACE_BOUND('',#6741,.T.);
#7209=FACE_BOUND('',#6742,.T.);
#7210=FACE_BOUND('',#6743,.T.);
#7211=FACE_BOUND('',#6744,.T.);
#7212=FACE_BOUND('',#6745,.T.);
#7213=FACE_BOUND('',#6746,.T.);
#7214=FACE_BOUND('',#6747,.T.);
#7215=FACE_BOUND('',#6748,.T.);
#7216=FACE_BOUND('',#6749,.T.);
#7217=FACE_BOUND('',#6750,.T.);
#7218=FACE_BOUND('',#6751,.T.);
#7219=FACE_BOUND('',#6752,.T.);
#7220=FACE_BOUND('',#6753,.T.);
#7221=FACE_BOUND('',#6754,.T.);
#7222=FACE_BOUND('',#6755,.T.);
#7223=FACE_BOUND('',#6756,.T.);
#7224=FACE_BOUND('',#6757,.T.);
#7225=FACE_BOUND('',#6758,.T.);
#7226=FACE_BOUND('',#6759,.T.);
#7227=FACE_BOUND('',#6760,.T.);
#7228=FACE_BOUND('',#6761,.T.);
#7229=FACE_BOUND('',#6762,.T.);
#7230=FACE_BOUND('',#6763,.T.);
#7231=FACE_BOUND('',#6764,.T.);
#7232=FACE_BOUND('',#6765,.T.);
#7233=FACE_BOUND('',#6766,.T.);
#7234=FACE_BOUND('',#6767,.T.);
#7235=FACE_BOUND('',#6768,.T.);
#7236=FACE_BOUND('',#6769,.T.);
#7237=FACE_BOUND('',#6770,.T.);
#7238=FACE_BOUND('',#6771,.T.);
#7239=FACE_BOUND('',#6772,.T.);
#7240=FACE_BOUND('',#6773,.T.);
#7241=FACE_BOUND('',#6774,.T.);
#7242=FACE_BOUND('',#6775,.T.);
#7243=FACE_BOUND('',#6776,.T.);
#7244=FACE_BOUND('',#6777,.T.);
#7245=FACE_BOUND('',#6778,.T.);
#7246=FACE_BOUND('',#6779,.T.);
#7247=FACE_BOUND('',#6780,.T.);
#7248=FACE_BOUND('',#6781,.T.);
#7249=FACE_BOUND('',#6782,.T.);
#7250=FACE_BOUND('',#6783,.T.);
#7251=FACE_BOUND('',#6784,.T.);
#7252=FACE_BOUND('',#6785,.T.);
#7253=FACE_BOUND('',#6786,.T.);
#7254=FACE_BOUND('',#6787,.T.);
#7255=FACE_BOUND('',#6788,.T.);
#7256=FACE_BOUND('',#6789,.T.);
#7257=FACE_BOUND('',#6790,.T.);
#7258=FACE_BOUND('',#6791,.T.);
#7259=FACE_BOUND('',#6792,.T.);
#7260=FACE_BOUND('',#6793,.T.);
#7261=FACE_BOUND('',#6794,.T.);
#7262=FACE_BOUND('',#6795,.T.);
#7263=FACE_BOUND('',#6796,.T.);
#7264=FACE_BOUND('',#6797,.T.);
#7265=FACE_BOUND('',#6798,.T.);
#7266=FACE_BOUND('',#6799,.T.);
#7267=FACE_BOUND('',#6800,.T.);
#7268=FACE_BOUND('',#6801,.T.);
#7269=FACE_BOUND('',#6802,.T.);
#7270=FACE_BOUND('',#6803,.T.);
#7271=FACE_BOUND('',#6804,.T.);
#7272=FACE_BOUND('',#6805,.T.);
#7273=FACE_BOUND('',#6806,.T.);
#7274=FACE_BOUND('',#6807,.T.);
#7275=FACE_BOUND('',#6808,.T.);
#7276=FACE_BOUND('',#6809,.T.);
#7277=FACE_BOUND('',#6810,.T.);
#7278=FACE_BOUND('',#6811,.T.);
#7279=FACE_BOUND('',#6812,.T.);
#7280=FACE_BOUND('',#6813,.T.);
#7281=FACE_BOUND('',#6814,.T.);
#7282=FACE_BOUND('',#6815,.T.);
#7283=FACE_BOUND('',#6816,.T.);
#7284=FACE_BOUND('',#6817,.T.);
#7285=FACE_BOUND('',#6818,.T.);
#7286=FACE_BOUND('',#6819,.T.);
#7287=FACE_BOUND('',#6820,.T.);
#7288=FACE_BOUND('',#6821,.T.);
#7289=FACE_BOUND('',#6822,.T.);
#7290=FACE_BOUND('',#6823,.T.);
#7291=FACE_BOUND('',#6824,.T.);
#7292=FACE_BOUND('',#6825,.T.);
#7293=FACE_BOUND('',#6826,.T.);
#7294=FACE_BOUND('',#6827,.T.);
#7295=FACE_BOUND('',#6828,.T.);
#7296=FACE_BOUND('',#6829,.T.);
#7297=FACE_BOUND('',#6830,.T.);
#7298=FACE_BOUND('',#6831,.T.);
#7299=FACE_BOUND('',#6832,.T.);
#7300=FACE_BOUND('',#6833,.T.);
#7301=FACE_BOUND('',#6834,.T.);
#7302=FACE_BOUND('',#6835,.T.);
#7303=FACE_BOUND('',#6836,.T.);
#7304=FACE_BOUND('',#6837,.T.);
#7305=FACE_BOUND('',#6838,.T.);
#7306=FACE_BOUND('',#6839,.T.);
#7307=FACE_BOUND('',#6840,.T.);
#7308=FACE_BOUND('',#6841,.T.);
#7309=FACE_BOUND('',#6842,.T.);
#7310=FACE_BOUND('',#6843,.T.);
#7311=FACE_BOUND('',#6844,.T.);
#7312=FACE_BOUND('',#6845,.T.);
#7313=FACE_BOUND('',#6846,.T.);
#7314=FACE_BOUND('',#6847,.T.);
#7315=FACE_BOUND('',#6848,.T.);
#7316=FACE_BOUND('',#6849,.T.);
#7317=FACE_BOUND('',#6850,.T.);
#7318=FACE_BOUND('',#6851,.T.);
#7319=FACE_BOUND('',#6852,.T.);
#7320=FACE_BOUND('',#6853,.T.);
#7321=FACE_BOUND('',#6854,.T.);
#7322=FACE_BOUND('',#6855,.T.);
#7323=FACE_BOUND('',#6856,.T.);
#7324=FACE_BOUND('',#6857,.T.);
#7325=FACE_BOUND('',#6858,.T.);
#7326=FACE_BOUND('',#6859,.T.);
#7327=FACE_BOUND('',#6860,.T.);
#7328=FACE_BOUND('',#6861,.T.);
#7329=FACE_BOUND('',#6862,.T.);
#7330=FACE_BOUND('',#6863,.T.);
#7331=FACE_BOUND('',#6864,.T.);
#7332=FACE_BOUND('',#6865,.T.);
#7333=FACE_BOUND('',#6866,.T.);
#7334=FACE_BOUND('',#6867,.T.);
#7335=FACE_BOUND('',#6868,.T.);
#7336=FACE_BOUND('',#6869,.T.);
#7337=FACE_BOUND('',#6870,.T.);
#7338=FACE_BOUND('',#6871,.T.);
#7339=FACE_BOUND('',#6872,.T.);
#7340=FACE_BOUND('',#6873,.T.);
#7341=FACE_BOUND('',#6874,.T.);
#7342=FACE_BOUND('',#6875,.T.);
#7343=FACE_BOUND('',#6876,.T.);
#7344=FACE_BOUND('',#6877,.T.);
#7345=FACE_BOUND('',#6878,.T.);
#7346=FACE_BOUND('',#6879,.T.);
#7347=FACE_BOUND('',#6880,.T.);
#7348=FACE_BOUND('',#6881,.T.);
#7349=FACE_BOUND('',#6882,.T.);
#7350=FACE_BOUND('',#6883,.T.);
#7351=FACE_BOUND('',#6884,.T.);
#7352=FACE_BOUND('',#6885,.T.);
#7353=FACE_BOUND('',#6886,.T.);
#7354=FACE_BOUND('',#6887,.T.);
#7355=FACE_BOUND('',#6888,.T.);
#7356=FACE_BOUND('',#6889,.T.);
#7357=FACE_BOUND('',#6890,.T.);
#7358=FACE_BOUND('',#6891,.T.);
#7359=FACE_BOUND('',#6892,.T.);
#7360=FACE_BOUND('',#6893,.T.);
#7361=FACE_BOUND('',#6894,.T.);
#7362=FACE_BOUND('',#6895,.T.);
#7363=FACE_BOUND('',#6896,.T.);
#7364=FACE_BOUND('',#6897,.T.);
#7365=FACE_BOUND('',#6898,.T.);
#7366=FACE_BOUND('',#6899,.T.);
#7367=FACE_BOUND('',#6900,.T.);
#7368=FACE_BOUND('',#6901,.T.);
#7369=FACE_BOUND('',#6902,.T.);
#7370=FACE_BOUND('',#6903,.T.);
#7371=FACE_BOUND('',#6904,.T.);
#7372=FACE_BOUND('',#6905,.T.);
#7373=FACE_BOUND('',#6906,.T.);
#7374=FACE_BOUND('',#6907,.T.);
#7375=FACE_BOUND('',#6908,.T.);
#7376=FACE_BOUND('',#6909,.T.);
#7377=FACE_BOUND('',#6910,.T.);
#7378=FACE_BOUND('',#6911,.T.);
#7379=FACE_BOUND('',#6912,.T.);
#7380=FACE_BOUND('',#6913,.T.);
#7381=FACE_BOUND('',#6914,.T.);
#7382=FACE_BOUND('',#6915,.T.);
#7383=FACE_BOUND('',#6916,.T.);
#7384=FACE_BOUND('',#6917,.T.);
#7385=FACE_BOUND('',#6918,.T.);
#7386=FACE_BOUND('',#6919,.T.);
#7387=FACE_BOUND('',#6920,.T.);
#7388=FACE_BOUND('',#6921,.T.);
#7389=FACE_BOUND('',#6922,.T.);
#7390=FACE_BOUND('',#6923,.T.);
#7391=FACE_BOUND('',#6924,.T.);
#7392=FACE_BOUND('',#6925,.T.);
#7393=FACE_BOUND('',#6926,.T.);
#7394=FACE_BOUND('',#6927,.T.);
#7395=FACE_BOUND('',#6928,.T.);
#7396=FACE_BOUND('',#6929,.T.);
#7397=FACE_BOUND('',#6930,.T.);
#7398=FACE_BOUND('',#6931,.T.);
#7399=FACE_BOUND('',#6932,.T.);
#7400=FACE_BOUND('',#6933,.T.);
#7401=FACE_BOUND('',#6934,.T.);
#7402=FACE_BOUND('',#6935,.T.);
#7403=FACE_BOUND('',#6936,.T.);
#7404=FACE_BOUND('',#6937,.T.);
#7405=FACE_BOUND('',#6938,.T.);
#7406=FACE_BOUND('',#6939,.T.);
#7407=FACE_BOUND('',#6940,.T.);
#7408=FACE_BOUND('',#6941,.T.);
#7409=FACE_BOUND('',#6942,.T.);
#7410=FACE_BOUND('',#6943,.T.);
#7411=FACE_BOUND('',#6944,.T.);
#7412=FACE_BOUND('',#6945,.T.);
#7413=FACE_BOUND('',#6946,.T.);
#7414=FACE_BOUND('',#6947,.T.);
#7415=FACE_BOUND('',#6948,.T.);
#7416=FACE_BOUND('',#6949,.T.);
#7417=FACE_BOUND('',#6950,.T.);
#7418=FACE_BOUND('',#6951,.T.);
#7419=FACE_BOUND('',#6952,.T.);
#7420=FACE_BOUND('',#6953,.T.);
#7421=FACE_BOUND('',#6954,.T.);
#7422=FACE_BOUND('',#6955,.T.);
#7423=FACE_BOUND('',#6956,.T.);
#7424=FACE_BOUND('',#6957,.T.);
#7425=FACE_BOUND('',#6958,.T.);
#7426=FACE_BOUND('',#6959,.T.);
#7427=FACE_BOUND('',#6960,.T.);
#7428=FACE_BOUND('',#6961,.T.);
#7429=FACE_BOUND('',#6962,.T.);
#7430=FACE_BOUND('',#6963,.T.);
#7431=FACE_BOUND('',#6964,.T.);
#7432=FACE_BOUND('',#6965,.T.);
#7433=FACE_BOUND('',#6966,.T.);
#7434=FACE_BOUND('',#6967,.T.);
#7435=FACE_BOUND('',#6968,.T.);
#7436=FACE_BOUND('',#6969,.T.);
#7437=FACE_BOUND('',#6970,.T.);
#7438=FACE_BOUND('',#6971,.T.);
#7439=FACE_BOUND('',#6972,.T.);
#7440=FACE_BOUND('',#6973,.T.);
#7441=FACE_BOUND('',#6974,.T.);
#7442=FACE_BOUND('',#6975,.T.);
#7443=FACE_BOUND('',#6976,.T.);
#7444=FACE_BOUND('',#6977,.T.);
#7445=FACE_BOUND('',#6978,.T.);
#7446=FACE_BOUND('',#6979,.T.);
#7447=FACE_BOUND('',#6980,.T.);
#7448=FACE_BOUND('',#6981,.T.);
#7449=FACE_BOUND('',#6982,.T.);
#7450=FACE_BOUND('',#6983,.T.);
#7451=FACE_BOUND('',#6984,.T.);
#7452=FACE_BOUND('',#6985,.T.);
#7453=FACE_BOUND('',#6986,.T.);
#7454=FACE_BOUND('',#6987,.T.);
#7455=FACE_BOUND('',#6988,.T.);
#7456=FACE_BOUND('',#6989,.T.);
#7457=FACE_BOUND('',#6990,.T.);
#7458=FACE_BOUND('',#6991,.T.);
#7459=FACE_BOUND('',#6992,.T.);
#7460=FACE_BOUND('',#6993,.T.);
#7461=FACE_BOUND('',#6994,.T.);
#7462=FACE_BOUND('',#6995,.T.);
#7463=FACE_BOUND('',#6996,.T.);
#7464=FACE_BOUND('',#6997,.T.);
#7465=PLANE('',#8010);
#7466=PLANE('',#8011);
#7467=PLANE('',#8012);
#7468=PLANE('',#8013);
#7469=PLANE('',#8014);
#7470=PLANE('',#8015);
#7471=PLANE('',#8016);
#7472=PLANE('',#8026);
#7473=PLANE('',#8027);
#7474=PLANE('',#8028);
#7475=PLANE('',#8029);
#7476=PLANE('',#8035);
#7477=PLANE('',#8252);
#7478=PLANE('',#8254);
#7479=PLANE('',#8256);
#7480=PLANE('',#8257);
#7481=PLANE('',#8442);
#7482=PLANE('',#8443);
#7483=PLANE('',#8444);
#7484=PLANE('',#8525);
#7485=PLANE('',#8527);
#7486=PLANE('',#8528);
#7487=PLANE('',#8530);
#7488=PLANE('',#8531);
#7489=PLANE('',#8533);
#7490=PLANE('',#8534);
#7491=PLANE('',#8536);
#7492=PLANE('',#8537);
#7493=PLANE('',#8539);
#7494=PLANE('',#8540);
#7495=PLANE('',#8542);
#7496=PLANE('',#8543);
#7497=PLANE('',#8545);
#7498=PLANE('',#8546);
#7499=PLANE('',#8548);
#7500=PLANE('',#8549);
#7501=PLANE('',#8551);
#7502=PLANE('',#8552);
#7503=PLANE('',#8554);
#7504=PLANE('',#8555);
#7505=PLANE('',#8557);
#7506=PLANE('',#8558);
#7507=PLANE('',#8560);
#7508=PLANE('',#8561);
#7509=PLANE('',#8563);
#7510=PLANE('',#8564);
#7511=PLANE('',#8566);
#7512=PLANE('',#8567);
#7513=PLANE('',#8569);
#7514=PLANE('',#8570);
#7515=PLANE('',#8572);
#7516=PLANE('',#8573);
#7517=PLANE('',#8575);
#7518=PLANE('',#8576);
#7519=PLANE('',#8578);
#7520=PLANE('',#8579);
#7521=PLANE('',#8581);
#7522=PLANE('',#8582);
#7523=PLANE('',#8584);
#7524=PLANE('',#8585);
#7525=PLANE('',#8587);
#7526=PLANE('',#8588);
#7527=PLANE('',#8590);
#7528=PLANE('',#8591);
#7529=PLANE('',#8593);
#7530=PLANE('',#8594);
#7531=PLANE('',#8596);
#7532=PLANE('',#8601);
#7533=PLANE('',#8603);
#7534=PLANE('',#8604);
#7535=PLANE('',#8613);
#7536=PLANE('',#8614);
#7537=PLANE('',#8615);
#7538=PLANE('',#8616);
#7539=PLANE('',#8618);
#7540=PLANE('',#8625);
#7541=PLANE('',#8626);
#7542=PLANE('',#8628);
#7543=PLANE('',#8633);
#7544=PLANE('',#8634);
#7545=PLANE('',#8635);
#7546=PLANE('',#8636);
#7547=PLANE('',#8638);
#7548=PLANE('',#8645);
#7549=PLANE('',#8646);
#7550=PLANE('',#8648);
#7551=PLANE('',#8652);
#7552=PLANE('',#8653);
#7553=PLANE('',#8654);
#7554=PLANE('',#8655);
#7555=PLANE('',#8662);
#7556=PLANE('',#8663);
#7557=PLANE('',#8664);
#7558=PLANE('',#8665);
#7559=PLANE('',#8672);
#7560=PLANE('',#8673);
#7561=PLANE('',#8675);
#7562=PLANE('',#8676);
#7563=PLANE('',#8677);
#7564=PLANE('',#8679);
#7565=PLANE('',#8686);
#7566=PLANE('',#8687);
#7567=PLANE('',#8689);
#7568=PLANE('',#8693);
#7569=PLANE('',#8694);
#7570=PLANE('',#8696);
#7571=PLANE('',#8701);
#7572=PLANE('',#8703);
#7573=PLANE('',#8704);
#7574=PLANE('',#8710);
#7575=PLANE('',#8713);
#7576=PLANE('',#8714);
#7577=PLANE('',#8720);
#7578=PLANE('',#8722);
#7579=PLANE('',#8723);
#7580=PLANE('',#8737);
#7581=PLANE('',#8760);
#7582=PLANE('',#8761);
#7583=PLANE('',#8763);
#7584=PLANE('',#8766);
#7585=ADVANCED_FACE('',(#6998),#7465,.T.);
#7586=ADVANCED_FACE('',(#6999),#7466,.T.);
#7587=ADVANCED_FACE('',(#7000),#7467,.T.);
#7588=ADVANCED_FACE('',(#7001),#7468,.T.);
#7589=ADVANCED_FACE('',(#7002),#7469,.T.);
#7590=ADVANCED_FACE('',(#7003),#7470,.T.);
#7591=ADVANCED_FACE('',(#7004),#814,.T.);
#7592=ADVANCED_FACE('',(#7005),#7471,.T.);
#7593=ADVANCED_FACE('',(#7006),#7472,.T.);
#7594=ADVANCED_FACE('',(#7007),#7473,.T.);
#7595=ADVANCED_FACE('',(#7008),#7474,.T.);
#7596=ADVANCED_FACE('',(#7009),#815,.T.);
#7597=ADVANCED_FACE('',(#7010),#7475,.T.);
#7598=ADVANCED_FACE('',(#7011,#7012,#7013,#7014,#7015,#7016,#7017,#7018,
#7019,#7020,#7021,#7022,#7023,#7024,#7025,#7026,#7027,#7028,#7029,#7030,
#7031,#7032,#7033,#7034,#7035),#7476,.T.);
#7599=ADVANCED_FACE('',(#7036),#816,.T.);
#7600=ADVANCED_FACE('',(#7037),#817,.T.);
#7601=ADVANCED_FACE('',(#7038),#818,.T.);
#7602=ADVANCED_FACE('',(#7039),#7477,.T.);
#7603=ADVANCED_FACE('',(#7040),#819,.T.);
#7604=ADVANCED_FACE('',(#7041),#7478,.T.);
#7605=ADVANCED_FACE('',(#7042),#7479,.F.);
#7606=ADVANCED_FACE('',(#7043,#7044,#7045,#7046,#7047,#7048,#7049,#7050,
#7051,#7052,#7053,#7054,#7055,#7056,#7057,#7058,#7059,#7060,#7061,#7062,
#7063),#7480,.F.);
#7607=ADVANCED_FACE('',(#7064),#7481,.F.);
#7608=ADVANCED_FACE('',(#7065),#7482,.F.);
#7609=ADVANCED_FACE('',(#7066),#7483,.T.);
#7610=ADVANCED_FACE('',(#7067),#12,.T.);
#7611=ADVANCED_FACE('',(#7068),#13,.T.);
#7612=ADVANCED_FACE('',(#7069),#14,.T.);
#7613=ADVANCED_FACE('',(#7070),#15,.T.);
#7614=ADVANCED_FACE('',(#7071),#16,.T.);
#7615=ADVANCED_FACE('',(#7072),#17,.T.);
#7616=ADVANCED_FACE('',(#7073),#18,.T.);
#7617=ADVANCED_FACE('',(#7074),#19,.T.);
#7618=ADVANCED_FACE('',(#7075),#20,.T.);
#7619=ADVANCED_FACE('',(#7076),#21,.T.);
#7620=ADVANCED_FACE('',(#7077),#22,.T.);
#7621=ADVANCED_FACE('',(#7078),#23,.T.);
#7622=ADVANCED_FACE('',(#7079),#24,.T.);
#7623=ADVANCED_FACE('',(#7080),#25,.T.);
#7624=ADVANCED_FACE('',(#7081),#26,.T.);
#7625=ADVANCED_FACE('',(#7082),#27,.T.);
#7626=ADVANCED_FACE('',(#7083),#28,.T.);
#7627=ADVANCED_FACE('',(#7084),#29,.T.);
#7628=ADVANCED_FACE('',(#7085),#30,.T.);
#7629=ADVANCED_FACE('',(#7086),#31,.T.);
#7630=ADVANCED_FACE('',(#7087),#32,.T.);
#7631=ADVANCED_FACE('',(#7088),#33,.T.);
#7632=ADVANCED_FACE('',(#7089),#34,.T.);
#7633=ADVANCED_FACE('',(#7090),#35,.T.);
#7634=ADVANCED_FACE('',(#7091),#36,.T.);
#7635=ADVANCED_FACE('',(#7092),#37,.T.);
#7636=ADVANCED_FACE('',(#7093),#38,.T.);
#7637=ADVANCED_FACE('',(#7094),#39,.T.);
#7638=ADVANCED_FACE('',(#7095),#40,.T.);
#7639=ADVANCED_FACE('',(#7096),#41,.T.);
#7640=ADVANCED_FACE('',(#7097),#42,.T.);
#7641=ADVANCED_FACE('',(#7098),#43,.T.);
#7642=ADVANCED_FACE('',(#7099),#44,.T.);
#7643=ADVANCED_FACE('',(#7100),#45,.T.);
#7644=ADVANCED_FACE('',(#7101),#46,.T.);
#7645=ADVANCED_FACE('',(#7102),#47,.T.);
#7646=ADVANCED_FACE('',(#7103),#48,.T.);
#7647=ADVANCED_FACE('',(#7104),#49,.T.);
#7648=ADVANCED_FACE('',(#7105),#50,.T.);
#7649=ADVANCED_FACE('',(#7106),#51,.T.);
#7650=ADVANCED_FACE('',(#7107),#52,.T.);
#7651=ADVANCED_FACE('',(#7108),#53,.T.);
#7652=ADVANCED_FACE('',(#7109),#54,.T.);
#7653=ADVANCED_FACE('',(#7110),#55,.T.);
#7654=ADVANCED_FACE('',(#7111),#56,.T.);
#7655=ADVANCED_FACE('',(#7112),#57,.T.);
#7656=ADVANCED_FACE('',(#7113),#58,.T.);
#7657=ADVANCED_FACE('',(#7114),#59,.T.);
#7658=ADVANCED_FACE('',(#7115),#60,.T.);
#7659=ADVANCED_FACE('',(#7116),#61,.T.);
#7660=ADVANCED_FACE('',(#7117),#62,.T.);
#7661=ADVANCED_FACE('',(#7118),#63,.T.);
#7662=ADVANCED_FACE('',(#7119),#64,.T.);
#7663=ADVANCED_FACE('',(#7120),#65,.T.);
#7664=ADVANCED_FACE('',(#7121),#66,.T.);
#7665=ADVANCED_FACE('',(#7122),#67,.T.);
#7666=ADVANCED_FACE('',(#7123),#68,.T.);
#7667=ADVANCED_FACE('',(#7124),#69,.T.);
#7668=ADVANCED_FACE('',(#7125),#70,.T.);
#7669=ADVANCED_FACE('',(#7126),#71,.T.);
#7670=ADVANCED_FACE('',(#7127),#72,.T.);
#7671=ADVANCED_FACE('',(#7128),#73,.T.);
#7672=ADVANCED_FACE('',(#7129),#74,.T.);
#7673=ADVANCED_FACE('',(#7130),#75,.T.);
#7674=ADVANCED_FACE('',(#7131),#76,.T.);
#7675=ADVANCED_FACE('',(#7132),#77,.T.);
#7676=ADVANCED_FACE('',(#7133),#78,.T.);
#7677=ADVANCED_FACE('',(#7134),#79,.T.);
#7678=ADVANCED_FACE('',(#7135),#80,.T.);
#7679=ADVANCED_FACE('',(#7136),#81,.T.);
#7680=ADVANCED_FACE('',(#7137),#82,.T.);
#7681=ADVANCED_FACE('',(#7138),#83,.T.);
#7682=ADVANCED_FACE('',(#7139),#84,.T.);
#7683=ADVANCED_FACE('',(#7140,#7141),#85,.F.);
#7684=ADVANCED_FACE('',(#7142,#7143),#86,.F.);
#7685=ADVANCED_FACE('',(#7144,#7145),#87,.F.);
#7686=ADVANCED_FACE('',(#7146,#7147),#88,.F.);
#7687=ADVANCED_FACE('',(#7148),#89,.T.);
#7688=ADVANCED_FACE('',(#7149,#7150),#90,.F.);
#7689=ADVANCED_FACE('',(#7151,#7152),#91,.F.);
#7690=ADVANCED_FACE('',(#7153),#7484,.T.);
#7691=ADVANCED_FACE('',(#7154),#92,.F.);
#7692=ADVANCED_FACE('',(#7155),#7485,.F.);
#7693=ADVANCED_FACE('',(#7156),#7486,.T.);
#7694=ADVANCED_FACE('',(#7157),#93,.F.);
#7695=ADVANCED_FACE('',(#7158),#7487,.F.);
#7696=ADVANCED_FACE('',(#7159),#7488,.T.);
#7697=ADVANCED_FACE('',(#7160),#94,.F.);
#7698=ADVANCED_FACE('',(#7161),#7489,.F.);
#7699=ADVANCED_FACE('',(#7162),#7490,.T.);
#7700=ADVANCED_FACE('',(#7163),#95,.F.);
#7701=ADVANCED_FACE('',(#7164),#7491,.F.);
#7702=ADVANCED_FACE('',(#7165),#7492,.T.);
#7703=ADVANCED_FACE('',(#7166),#96,.F.);
#7704=ADVANCED_FACE('',(#7167),#7493,.F.);
#7705=ADVANCED_FACE('',(#7168),#7494,.T.);
#7706=ADVANCED_FACE('',(#7169),#97,.F.);
#7707=ADVANCED_FACE('',(#7170),#7495,.F.);
#7708=ADVANCED_FACE('',(#7171),#7496,.T.);
#7709=ADVANCED_FACE('',(#7172),#98,.F.);
#7710=ADVANCED_FACE('',(#7173),#7497,.F.);
#7711=ADVANCED_FACE('',(#7174),#7498,.T.);
#7712=ADVANCED_FACE('',(#7175),#99,.F.);
#7713=ADVANCED_FACE('',(#7176),#7499,.F.);
#7714=ADVANCED_FACE('',(#7177),#7500,.T.);
#7715=ADVANCED_FACE('',(#7178),#100,.F.);
#7716=ADVANCED_FACE('',(#7179),#7501,.F.);
#7717=ADVANCED_FACE('',(#7180),#7502,.T.);
#7718=ADVANCED_FACE('',(#7181),#101,.F.);
#7719=ADVANCED_FACE('',(#7182),#7503,.F.);
#7720=ADVANCED_FACE('',(#7183),#7504,.T.);
#7721=ADVANCED_FACE('',(#7184),#102,.F.);
#7722=ADVANCED_FACE('',(#7185),#7505,.F.);
#7723=ADVANCED_FACE('',(#7186),#7506,.T.);
#7724=ADVANCED_FACE('',(#7187),#103,.F.);
#7725=ADVANCED_FACE('',(#7188),#7507,.F.);
#7726=ADVANCED_FACE('',(#7189),#7508,.T.);
#7727=ADVANCED_FACE('',(#7190),#104,.F.);
#7728=ADVANCED_FACE('',(#7191),#7509,.F.);
#7729=ADVANCED_FACE('',(#7192),#7510,.T.);
#7730=ADVANCED_FACE('',(#7193),#105,.F.);
#7731=ADVANCED_FACE('',(#7194),#7511,.F.);
#7732=ADVANCED_FACE('',(#7195),#7512,.T.);
#7733=ADVANCED_FACE('',(#7196),#106,.F.);
#7734=ADVANCED_FACE('',(#7197),#7513,.F.);
#7735=ADVANCED_FACE('',(#7198),#7514,.T.);
#7736=ADVANCED_FACE('',(#7199),#107,.F.);
#7737=ADVANCED_FACE('',(#7200),#7515,.F.);
#7738=ADVANCED_FACE('',(#7201),#7516,.T.);
#7739=ADVANCED_FACE('',(#7202),#108,.F.);
#7740=ADVANCED_FACE('',(#7203),#7517,.F.);
#7741=ADVANCED_FACE('',(#7204),#7518,.T.);
#7742=ADVANCED_FACE('',(#7205),#109,.F.);
#7743=ADVANCED_FACE('',(#7206),#7519,.F.);
#7744=ADVANCED_FACE('',(#7207),#7520,.T.);
#7745=ADVANCED_FACE('',(#7208),#110,.F.);
#7746=ADVANCED_FACE('',(#7209),#7521,.F.);
#7747=ADVANCED_FACE('',(#7210),#7522,.T.);
#7748=ADVANCED_FACE('',(#7211),#111,.F.);
#7749=ADVANCED_FACE('',(#7212),#7523,.F.);
#7750=ADVANCED_FACE('',(#7213),#7524,.T.);
#7751=ADVANCED_FACE('',(#7214),#112,.F.);
#7752=ADVANCED_FACE('',(#7215),#7525,.F.);
#7753=ADVANCED_FACE('',(#7216),#7526,.T.);
#7754=ADVANCED_FACE('',(#7217),#113,.F.);
#7755=ADVANCED_FACE('',(#7218),#7527,.F.);
#7756=ADVANCED_FACE('',(#7219),#7528,.T.);
#7757=ADVANCED_FACE('',(#7220),#114,.F.);
#7758=ADVANCED_FACE('',(#7221),#7529,.F.);
#7759=ADVANCED_FACE('',(#7222),#7530,.T.);
#7760=ADVANCED_FACE('',(#7223),#115,.F.);
#7761=ADVANCED_FACE('',(#7224),#7531,.F.);
#7762=ADVANCED_FACE('',(#7225,#7226),#116,.F.);
#7763=ADVANCED_FACE('',(#7227,#7228),#117,.F.);
#7764=ADVANCED_FACE('',(#7229),#118,.T.);
#7765=ADVANCED_FACE('',(#7230),#119,.T.);
#7766=ADVANCED_FACE('',(#7231),#7532,.F.);
#7767=ADVANCED_FACE('',(#7232),#120,.F.);
#7768=ADVANCED_FACE('',(#7233),#7533,.F.);
#7769=ADVANCED_FACE('',(#7234),#7534,.T.);
#7770=ADVANCED_FACE('',(#7235),#121,.F.);
#7771=ADVANCED_FACE('',(#7236),#122,.F.);
#7772=ADVANCED_FACE('',(#7237),#123,.F.);
#7773=ADVANCED_FACE('',(#7238),#124,.F.);
#7774=ADVANCED_FACE('',(#7239),#125,.F.);
#7775=ADVANCED_FACE('',(#7240),#126,.F.);
#7776=ADVANCED_FACE('',(#7241),#127,.F.);
#7777=ADVANCED_FACE('',(#7242),#128,.F.);
#7778=ADVANCED_FACE('',(#7243),#7535,.F.);
#7779=ADVANCED_FACE('',(#7244),#7536,.F.);
#7780=ADVANCED_FACE('',(#7245),#7537,.F.);
#7781=ADVANCED_FACE('',(#7246),#7538,.T.);
#7782=ADVANCED_FACE('',(#7247),#129,.F.);
#7783=ADVANCED_FACE('',(#7248),#7539,.F.);
#7784=ADVANCED_FACE('',(#7249),#130,.F.);
#7785=ADVANCED_FACE('',(#7250),#131,.F.);
#7786=ADVANCED_FACE('',(#7251),#132,.F.);
#7787=ADVANCED_FACE('',(#7252),#133,.F.);
#7788=ADVANCED_FACE('',(#7253),#134,.F.);
#7789=ADVANCED_FACE('',(#7254),#135,.F.);
#7790=ADVANCED_FACE('',(#7255),#7540,.F.);
#7791=ADVANCED_FACE('',(#7256),#7541,.T.);
#7792=ADVANCED_FACE('',(#7257),#136,.T.);
#7793=ADVANCED_FACE('',(#7258),#7542,.T.);
#7794=ADVANCED_FACE('',(#7259),#137,.F.);
#7795=ADVANCED_FACE('',(#7260),#138,.F.);
#7796=ADVANCED_FACE('',(#7261),#139,.F.);
#7797=ADVANCED_FACE('',(#7262),#140,.T.);
#7798=ADVANCED_FACE('',(#7263),#7543,.T.);
#7799=ADVANCED_FACE('',(#7264),#7544,.F.);
#7800=ADVANCED_FACE('',(#7265),#7545,.T.);
#7801=ADVANCED_FACE('',(#7266),#7546,.T.);
#7802=ADVANCED_FACE('',(#7267),#141,.T.);
#7803=ADVANCED_FACE('',(#7268),#7547,.T.);
#7804=ADVANCED_FACE('',(#7269),#142,.F.);
#7805=ADVANCED_FACE('',(#7270),#143,.F.);
#7806=ADVANCED_FACE('',(#7271),#144,.F.);
#7807=ADVANCED_FACE('',(#7272),#145,.F.);
#7808=ADVANCED_FACE('',(#7273),#146,.F.);
#7809=ADVANCED_FACE('',(#7274),#147,.F.);
#7810=ADVANCED_FACE('',(#7275),#7548,.F.);
#7811=ADVANCED_FACE('',(#7276),#7549,.F.);
#7812=ADVANCED_FACE('',(#7277),#148,.F.);
#7813=ADVANCED_FACE('',(#7278),#7550,.T.);
#7814=ADVANCED_FACE('',(#7279),#149,.F.);
#7815=ADVANCED_FACE('',(#7280),#150,.F.);
#7816=ADVANCED_FACE('',(#7281),#151,.F.);
#7817=ADVANCED_FACE('',(#7282),#7551,.T.);
#7818=ADVANCED_FACE('',(#7283),#7552,.T.);
#7819=ADVANCED_FACE('',(#7284),#7553,.T.);
#7820=ADVANCED_FACE('',(#7285),#7554,.F.);
#7821=ADVANCED_FACE('',(#7286),#152,.T.);
#7822=ADVANCED_FACE('',(#7287),#153,.F.);
#7823=ADVANCED_FACE('',(#7288),#154,.F.);
#7824=ADVANCED_FACE('',(#7289),#155,.F.);
#7825=ADVANCED_FACE('',(#7290),#156,.F.);
#7826=ADVANCED_FACE('',(#7291),#157,.T.);
#7827=ADVANCED_FACE('',(#7292),#7555,.T.);
#7828=ADVANCED_FACE('',(#7293),#7556,.T.);
#7829=ADVANCED_FACE('',(#7294),#7557,.F.);
#7830=ADVANCED_FACE('',(#7295),#7558,.F.);
#7831=ADVANCED_FACE('',(#7296),#158,.F.);
#7832=ADVANCED_FACE('',(#7297),#159,.F.);
#7833=ADVANCED_FACE('',(#7298),#160,.F.);
#7834=ADVANCED_FACE('',(#7299),#161,.F.);
#7835=ADVANCED_FACE('',(#7300),#162,.F.);
#7836=ADVANCED_FACE('',(#7301),#163,.F.);
#7837=ADVANCED_FACE('',(#7302),#7559,.T.);
#7838=ADVANCED_FACE('',(#7303),#7560,.T.);
#7839=ADVANCED_FACE('',(#7304),#164,.T.);
#7840=ADVANCED_FACE('',(#7305),#7561,.F.);
#7841=ADVANCED_FACE('',(#7306),#7562,.F.);
#7842=ADVANCED_FACE('',(#7307),#7563,.F.);
#7843=ADVANCED_FACE('',(#7308),#165,.F.);
#7844=ADVANCED_FACE('',(#7309),#7564,.T.);
#7845=ADVANCED_FACE('',(#7310),#166,.F.);
#7846=ADVANCED_FACE('',(#7311),#167,.F.);
#7847=ADVANCED_FACE('',(#7312),#168,.F.);
#7848=ADVANCED_FACE('',(#7313),#169,.F.);
#7849=ADVANCED_FACE('',(#7314),#170,.F.);
#7850=ADVANCED_FACE('',(#7315),#171,.F.);
#7851=ADVANCED_FACE('',(#7316),#7565,.F.);
#7852=ADVANCED_FACE('',(#7317),#7566,.F.);
#7853=ADVANCED_FACE('',(#7318),#172,.F.);
#7854=ADVANCED_FACE('',(#7319),#7567,.F.);
#7855=ADVANCED_FACE('',(#7320),#173,.F.);
#7856=ADVANCED_FACE('',(#7321),#174,.F.);
#7857=ADVANCED_FACE('',(#7322),#175,.F.);
#7858=ADVANCED_FACE('',(#7323),#7568,.T.);
#7859=ADVANCED_FACE('',(#7324),#7569,.F.);
#7860=ADVANCED_FACE('',(#7325),#176,.F.);
#7861=ADVANCED_FACE('',(#7326),#7570,.T.);
#7862=ADVANCED_FACE('',(#7327),#177,.F.);
#7863=ADVANCED_FACE('',(#7328),#178,.F.);
#7864=ADVANCED_FACE('',(#7329),#179,.F.);
#7865=ADVANCED_FACE('',(#7330),#180,.T.);
#7866=ADVANCED_FACE('',(#7331),#7571,.F.);
#7867=ADVANCED_FACE('',(#7332),#181,.T.);
#7868=ADVANCED_FACE('',(#7333),#7572,.T.);
#7869=ADVANCED_FACE('',(#7334),#7573,.T.);
#7870=ADVANCED_FACE('',(#7335),#182,.F.);
#7871=ADVANCED_FACE('',(#7336),#183,.F.);
#7872=ADVANCED_FACE('',(#7337),#184,.F.);
#7873=ADVANCED_FACE('',(#7338),#185,.F.);
#7874=ADVANCED_FACE('',(#7339),#186,.F.);
#7875=ADVANCED_FACE('',(#7340),#7574,.T.);
#7876=ADVANCED_FACE('',(#7341),#187,.T.);
#7877=ADVANCED_FACE('',(#7342),#188,.T.);
#7878=ADVANCED_FACE('',(#7343),#7575,.F.);
#7879=ADVANCED_FACE('',(#7344),#7576,.F.);
#7880=ADVANCED_FACE('',(#7345),#189,.F.);
#7881=ADVANCED_FACE('',(#7346),#190,.F.);
#7882=ADVANCED_FACE('',(#7347),#191,.F.);
#7883=ADVANCED_FACE('',(#7348),#192,.F.);
#7884=ADVANCED_FACE('',(#7349),#193,.F.);
#7885=ADVANCED_FACE('',(#7350),#7577,.T.);
#7886=ADVANCED_FACE('',(#7351),#194,.T.);
#7887=ADVANCED_FACE('',(#7352),#7578,.F.);
#7888=ADVANCED_FACE('',(#7353),#7579,.T.);
#7889=ADVANCED_FACE('',(#7354),#195,.F.);
#7890=ADVANCED_FACE('',(#7355),#820,.T.);
#7891=ADVANCED_FACE('',(#7356),#821,.T.);
#7892=ADVANCED_FACE('',(#7357),#822,.T.);
#7893=ADVANCED_FACE('',(#7358),#823,.T.);
#7894=ADVANCED_FACE('',(#7359),#824,.T.);
#7895=ADVANCED_FACE('',(#7360),#825,.T.);
#7896=ADVANCED_FACE('',(#7361),#826,.T.);
#7897=ADVANCED_FACE('',(#7362),#827,.T.);
#7898=ADVANCED_FACE('',(#7363),#828,.T.);
#7899=ADVANCED_FACE('',(#7364),#196,.F.);
#7900=ADVANCED_FACE('',(#7365),#197,.F.);
#7901=ADVANCED_FACE('',(#7366),#829,.T.);
#7902=ADVANCED_FACE('',(#7367),#830,.T.);
#7903=ADVANCED_FACE('',(#7368),#198,.F.);
#7904=ADVANCED_FACE('',(#7369),#199,.F.);
#7905=ADVANCED_FACE('',(#7370),#831,.T.);
#7906=ADVANCED_FACE('',(#7371),#832,.T.);
#7907=ADVANCED_FACE('',(#7372),#200,.F.);
#7908=ADVANCED_FACE('',(#7373),#833,.T.);
#7909=ADVANCED_FACE('',(#7374),#834,.T.);
#7910=ADVANCED_FACE('',(#7375),#201,.F.);
#7911=ADVANCED_FACE('',(#7376),#835,.T.);
#7912=ADVANCED_FACE('',(#7377),#836,.T.);
#7913=ADVANCED_FACE('',(#7378),#837,.T.);
#7914=ADVANCED_FACE('',(#7379,#7380,#7381),#7580,.T.);
#7915=ADVANCED_FACE('',(#7382),#838,.T.);
#7916=ADVANCED_FACE('',(#7383),#839,.T.);
#7917=ADVANCED_FACE('',(#7384),#840,.T.);
#7918=ADVANCED_FACE('',(#7385),#841,.T.);
#7919=ADVANCED_FACE('',(#7386),#202,.T.);
#7920=ADVANCED_FACE('',(#7387),#842,.T.);
#7921=ADVANCED_FACE('',(#7388),#843,.T.);
#7922=ADVANCED_FACE('',(#7389),#844,.T.);
#7923=ADVANCED_FACE('',(#7390),#845,.T.);
#7924=ADVANCED_FACE('',(#7391),#846,.T.);
#7925=ADVANCED_FACE('',(#7392),#847,.T.);
#7926=ADVANCED_FACE('',(#7393),#848,.T.);
#7927=ADVANCED_FACE('',(#7394),#849,.T.);
#7928=ADVANCED_FACE('',(#7395),#850,.T.);
#7929=ADVANCED_FACE('',(#7396),#851,.T.);
#7930=ADVANCED_FACE('',(#7397),#852,.T.);
#7931=ADVANCED_FACE('',(#7398),#853,.T.);
#7932=ADVANCED_FACE('',(#7399),#854,.T.);
#7933=ADVANCED_FACE('',(#7400),#855,.T.);
#7934=ADVANCED_FACE('',(#7401),#856,.T.);
#7935=ADVANCED_FACE('',(#7402),#857,.T.);
#7936=ADVANCED_FACE('',(#7403),#858,.T.);
#7937=ADVANCED_FACE('',(#7404),#859,.T.);
#7938=ADVANCED_FACE('',(#7405),#860,.T.);
#7939=ADVANCED_FACE('',(#7406),#203,.F.);
#7940=ADVANCED_FACE('',(#7407),#204,.F.);
#7941=ADVANCED_FACE('',(#7408),#861,.T.);
#7942=ADVANCED_FACE('',(#7409),#862,.T.);
#7943=ADVANCED_FACE('',(#7410),#863,.T.);
#7944=ADVANCED_FACE('',(#7411),#864,.T.);
#7945=ADVANCED_FACE('',(#7412),#205,.F.);
#7946=ADVANCED_FACE('',(#7413),#865,.T.);
#7947=ADVANCED_FACE('',(#7414),#206,.F.);
#7948=ADVANCED_FACE('',(#7415),#207,.F.);
#7949=ADVANCED_FACE('',(#7416),#866,.T.);
#7950=ADVANCED_FACE('',(#7417),#867,.T.);
#7951=ADVANCED_FACE('',(#7418),#868,.T.);
#7952=ADVANCED_FACE('',(#7419),#869,.T.);
#7953=ADVANCED_FACE('',(#7420),#870,.T.);
#7954=ADVANCED_FACE('',(#7421),#871,.T.);
#7955=ADVANCED_FACE('',(#7422),#208,.F.);
#7956=ADVANCED_FACE('',(#7423),#209,.F.);
#7957=ADVANCED_FACE('',(#7424),#872,.T.);
#7958=ADVANCED_FACE('',(#7425,#7426),#7581,.T.);
#7959=ADVANCED_FACE('',(#7427),#873,.T.);
#7960=ADVANCED_FACE('',(#7428),#874,.T.);
#7961=ADVANCED_FACE('',(#7429),#875,.T.);
#7962=ADVANCED_FACE('',(#7430),#876,.T.);
#7963=ADVANCED_FACE('',(#7431),#877,.T.);
#7964=ADVANCED_FACE('',(#7432),#878,.T.);
#7965=ADVANCED_FACE('',(#7433),#879,.T.);
#7966=ADVANCED_FACE('',(#7434),#7582,.T.);
#7967=ADVANCED_FACE('',(#7435),#880,.T.);
#7968=ADVANCED_FACE('',(#7436),#881,.T.);
#7969=ADVANCED_FACE('',(#7437),#882,.T.);
#7970=ADVANCED_FACE('',(#7438),#883,.T.);
#7971=ADVANCED_FACE('',(#7439),#884,.T.);
#7972=ADVANCED_FACE('',(#7440),#885,.T.);
#7973=ADVANCED_FACE('',(#7441),#886,.T.);
#7974=ADVANCED_FACE('',(#7442),#887,.T.);
#7975=ADVANCED_FACE('',(#7443),#210,.F.);
#7976=ADVANCED_FACE('',(#7444),#7583,.T.);
#7977=ADVANCED_FACE('',(#7445),#211,.F.);
#7978=ADVANCED_FACE('',(#7446),#212,.F.);
#7979=ADVANCED_FACE('',(#7447),#7584,.T.);
#7980=ADVANCED_FACE('',(#7448),#213,.T.);
#7981=ADVANCED_FACE('',(#7449),#214,.T.);
#7982=ADVANCED_FACE('',(#7450),#215,.T.);
#7983=ADVANCED_FACE('',(#7451),#216,.T.);
#7984=ADVANCED_FACE('',(#7452),#217,.T.);
#7985=ADVANCED_FACE('',(#7453),#218,.F.);
#7986=ADVANCED_FACE('',(#7454),#219,.F.);
#7987=ADVANCED_FACE('',(#7455),#220,.F.);
#7988=ADVANCED_FACE('',(#7456),#221,.F.);
#7989=ADVANCED_FACE('',(#7457),#222,.F.);
#7990=ADVANCED_FACE('',(#7458),#223,.F.);
#7991=ADVANCED_FACE('',(#7459),#224,.F.);
#7992=ADVANCED_FACE('',(#7460),#225,.F.);
#7993=ADVANCED_FACE('',(#7461),#226,.F.);
#7994=ADVANCED_FACE('',(#7462),#227,.F.);
#7995=ADVANCED_FACE('',(#7463),#228,.F.);
#7996=ADVANCED_FACE('',(#7464),#229,.F.);
#7997=CLOSED_SHELL('',(#7585,#7586,#7587,#7588,#7589,#7590,#7591,#7592,
#7593,#7594,#7595,#7596,#7597,#7598,#7599,#7600,#7601,#7602,#7603,#7604,
#7605,#7606,#7607,#7608,#7609,#7610,#7611,#7612,#7613,#7614,#7615,#7616,
#7617,#7618,#7619,#7620,#7621,#7622,#7623,#7624,#7625,#7626,#7627,#7628,
#7629,#7630,#7631,#7632,#7633,#7634,#7635,#7636,#7637,#7638,#7639,#7640,
#7641,#7642,#7643,#7644,#7645,#7646,#7647,#7648,#7649,#7650,#7651,#7652,
#7653,#7654,#7655,#7656,#7657,#7658,#7659,#7660,#7661,#7662,#7663,#7664,
#7665,#7666,#7667,#7668,#7669,#7670,#7671,#7672,#7673,#7674,#7675,#7676,
#7677,#7678,#7679,#7680,#7681,#7682,#7683,#7684,#7685,#7686,#7687,#7688,
#7689,#7690,#7691,#7692,#7693,#7694,#7695,#7696,#7697,#7698,#7699,#7700,
#7701,#7702,#7703,#7704,#7705,#7706,#7707,#7708,#7709,#7710,#7711,#7712,
#7713,#7714,#7715,#7716,#7717,#7718,#7719,#7720,#7721,#7722,#7723,#7724,
#7725,#7726,#7727,#7728,#7729,#7730,#7731,#7732,#7733,#7734,#7735,#7736,
#7737,#7738,#7739,#7740,#7741,#7742,#7743,#7744,#7745,#7746,#7747,#7748,
#7749,#7750,#7751,#7752,#7753,#7754,#7755,#7756,#7757,#7758,#7759,#7760,
#7761,#7762,#7763,#7764,#7765,#7766,#7767,#7768,#7769,#7770,#7771,#7772,
#7773,#7774,#7775,#7776,#7777,#7778,#7779,#7780,#7781,#7782,#7783,#7784,
#7785,#7786,#7787,#7788,#7789,#7790,#7791,#7792,#7793,#7794,#7795,#7796,
#7797,#7798,#7799,#7800,#7801,#7802,#7803,#7804,#7805,#7806,#7807,#7808,
#7809,#7810,#7811,#7812,#7813,#7814,#7815,#7816,#7817,#7818,#7819,#7820,
#7821,#7822,#7823,#7824,#7825,#7826,#7827,#7828,#7829,#7830,#7831,#7832,
#7833,#7834,#7835,#7836,#7837,#7838,#7839,#7840,#7841,#7842,#7843,#7844,
#7845,#7846,#7847,#7848,#7849,#7850,#7851,#7852,#7853,#7854,#7855,#7856,
#7857,#7858,#7859,#7860,#7861,#7862,#7863,#7864,#7865,#7866,#7867,#7868,
#7869,#7870,#7871,#7872,#7873,#7874,#7875,#7876,#7877,#7878,#7879,#7880,
#7881,#7882,#7883,#7884,#7885,#7886,#7887,#7888,#7889,#7890,#7891,#7892,
#7893,#7894,#7895,#7896,#7897,#7898,#7899,#7900,#7901,#7902,#7903,#7904,
#7905,#7906,#7907,#7908,#7909,#7910,#7911,#7912,#7913,#7914,#7915,#7916,
#7917,#7918,#7919,#7920,#7921,#7922,#7923,#7924,#7925,#7926,#7927,#7928,
#7929,#7930,#7931,#7932,#7933,#7934,#7935,#7936,#7937,#7938,#7939,#7940,
#7941,#7942,#7943,#7944,#7945,#7946,#7947,#7948,#7949,#7950,#7951,#7952,
#7953,#7954,#7955,#7956,#7957,#7958,#7959,#7960,#7961,#7962,#7963,#7964,
#7965,#7966,#7967,#7968,#7969,#7970,#7971,#7972,#7973,#7974,#7975,#7976,
#7977,#7978,#7979,#7980,#7981,#7982,#7983,#7984,#7985,#7986,#7987,#7988,
#7989,#7990,#7991,#7992,#7993,#7994,#7995,#7996));
#7998=STYLED_ITEM('',(#7999),#8006);
#7999=PRESENTATION_STYLE_ASSIGNMENT((#8000));
#8000=SURFACE_STYLE_USAGE(.BOTH.,#8001);
#8001=SURFACE_SIDE_STYLE('',(#8002));
#8002=SURFACE_STYLE_FILL_AREA(#8003);
#8003=FILL_AREA_STYLE('',(#8004));
#8004=FILL_AREA_STYLE_COLOUR('',#8005);
#8005=COLOUR_RGB('',0.8,0.8,0.8);
#8006=MANIFOLD_SOLID_BREP('mirror plate',#7997);
#8007=SHAPE_DEFINITION_REPRESENTATION(#14191,#8008);
#8008=SHAPE_REPRESENTATION('mirror plate',(#8009),#14186);
#8009=AXIS2_PLACEMENT_3D('',#10951,#8784,#8785);
#8010=AXIS2_PLACEMENT_3D('',#10952,#8786,#8787);
#8011=AXIS2_PLACEMENT_3D('',#10961,#8792,#8793);
#8012=AXIS2_PLACEMENT_3D('',#10970,#8798,#8799);
#8013=AXIS2_PLACEMENT_3D('',#10979,#8804,#8805);
#8014=AXIS2_PLACEMENT_3D('',#10988,#8810,#8811);
#8015=AXIS2_PLACEMENT_3D('',#10997,#8816,#8817);
#8016=AXIS2_PLACEMENT_3D('',#11026,#8824,#8825);
#8017=AXIS2_PLACEMENT_3D('',#11027,#8826,#8827);
#8018=AXIS2_PLACEMENT_3D('',#11048,#8828,#8829);
#8019=AXIS2_PLACEMENT_3D('',#11054,#8830,#8831);
#8020=AXIS2_PLACEMENT_3D('',#11055,#8832,#8833);
#8021=AXIS2_PLACEMENT_3D('',#11056,#8834,#8835);
#8022=AXIS2_PLACEMENT_3D('',#11061,#8836,#8837);
#8023=AXIS2_PLACEMENT_3D('',#11063,#8838,#8839);
#8024=AXIS2_PLACEMENT_3D('',#11064,#8840,#8841);
#8025=AXIS2_PLACEMENT_3D('',#11081,#8842,#8843);
#8026=AXIS2_PLACEMENT_3D('',#11082,#8844,#8845);
#8027=AXIS2_PLACEMENT_3D('',#11091,#8850,#8851);
#8028=AXIS2_PLACEMENT_3D('',#11100,#8856,#8857);
#8029=AXIS2_PLACEMENT_3D('',#11129,#8864,#8865);
#8030=AXIS2_PLACEMENT_3D('',#11130,#8866,#8867);
#8031=AXIS2_PLACEMENT_3D('',#11133,#8868,#8869);
#8032=AXIS2_PLACEMENT_3D('',#11134,#8870,#8871);
#8033=AXIS2_PLACEMENT_3D('',#11165,#8873,#8874);
#8034=AXIS2_PLACEMENT_3D('',#11166,#8875,#8876);
#8035=AXIS2_PLACEMENT_3D('',#11198,#8877,#8878);
#8036=AXIS2_PLACEMENT_3D('',#11199,#8879,#8880);
#8037=AXIS2_PLACEMENT_3D('',#11205,#8881,#8882);
#8038=AXIS2_PLACEMENT_3D('',#11226,#8883,#8884);
#8039=AXIS2_PLACEMENT_3D('',#11227,#8885,#8886);
#8040=AXIS2_PLACEMENT_3D('',#11244,#8887,#8888);
#8041=AXIS2_PLACEMENT_3D('',#11245,#8889,#8890);
#8042=AXIS2_PLACEMENT_3D('',#11247,#8891,#8892);
#8043=AXIS2_PLACEMENT_3D('',#11252,#8893,#8894);
#8044=AXIS2_PLACEMENT_3D('',#11253,#8895,#8896);
#8045=AXIS2_PLACEMENT_3D('',#11254,#8897,#8898);
#8046=AXIS2_PLACEMENT_3D('',#11263,#8902,#8903);
#8047=AXIS2_PLACEMENT_3D('',#11267,#8905,#8906);
#8048=AXIS2_PLACEMENT_3D('',#11271,#8908,#8909);
#8049=AXIS2_PLACEMENT_3D('',#11275,#8911,#8912);
#8050=AXIS2_PLACEMENT_3D('',#11277,#8913,#8914);
#8051=AXIS2_PLACEMENT_3D('',#11279,#8915,#8916);
#8052=AXIS2_PLACEMENT_3D('',#11283,#8918,#8919);
#8053=AXIS2_PLACEMENT_3D('',#11287,#8921,#8922);
#8054=AXIS2_PLACEMENT_3D('',#11289,#8923,#8924);
#8055=AXIS2_PLACEMENT_3D('',#11291,#8925,#8926);
#8056=AXIS2_PLACEMENT_3D('',#11295,#8928,#8929);
#8057=AXIS2_PLACEMENT_3D('',#11299,#8931,#8932);
#8058=AXIS2_PLACEMENT_3D('',#11301,#8933,#8934);
#8059=AXIS2_PLACEMENT_3D('',#11303,#8935,#8936);
#8060=AXIS2_PLACEMENT_3D('',#11307,#8938,#8939);
#8061=AXIS2_PLACEMENT_3D('',#11311,#8941,#8942);
#8062=AXIS2_PLACEMENT_3D('',#11313,#8943,#8944);
#8063=AXIS2_PLACEMENT_3D('',#11315,#8945,#8946);
#8064=AXIS2_PLACEMENT_3D('',#11319,#8948,#8949);
#8065=AXIS2_PLACEMENT_3D('',#11323,#8951,#8952);
#8066=AXIS2_PLACEMENT_3D('',#11325,#8953,#8954);
#8067=AXIS2_PLACEMENT_3D('',#11327,#8955,#8956);
#8068=AXIS2_PLACEMENT_3D('',#11331,#8958,#8959);
#8069=AXIS2_PLACEMENT_3D('',#11335,#8961,#8962);
#8070=AXIS2_PLACEMENT_3D('',#11337,#8963,#8964);
#8071=AXIS2_PLACEMENT_3D('',#11339,#8965,#8966);
#8072=AXIS2_PLACEMENT_3D('',#11343,#8968,#8969);
#8073=AXIS2_PLACEMENT_3D('',#11347,#8971,#8972);
#8074=AXIS2_PLACEMENT_3D('',#11349,#8973,#8974);
#8075=AXIS2_PLACEMENT_3D('',#11351,#8975,#8976);
#8076=AXIS2_PLACEMENT_3D('',#11355,#8978,#8979);
#8077=AXIS2_PLACEMENT_3D('',#11359,#8981,#8982);
#8078=AXIS2_PLACEMENT_3D('',#11361,#8983,#8984);
#8079=AXIS2_PLACEMENT_3D('',#11363,#8985,#8986);
#8080=AXIS2_PLACEMENT_3D('',#11367,#8988,#8989);
#8081=AXIS2_PLACEMENT_3D('',#11371,#8991,#8992);
#8082=AXIS2_PLACEMENT_3D('',#11373,#8993,#8994);
#8083=AXIS2_PLACEMENT_3D('',#11375,#8995,#8996);
#8084=AXIS2_PLACEMENT_3D('',#11379,#8998,#8999);
#8085=AXIS2_PLACEMENT_3D('',#11383,#9001,#9002);
#8086=AXIS2_PLACEMENT_3D('',#11385,#9003,#9004);
#8087=AXIS2_PLACEMENT_3D('',#11387,#9005,#9006);
#8088=AXIS2_PLACEMENT_3D('',#11391,#9008,#9009);
#8089=AXIS2_PLACEMENT_3D('',#11395,#9011,#9012);
#8090=AXIS2_PLACEMENT_3D('',#11397,#9013,#9014);
#8091=AXIS2_PLACEMENT_3D('',#11399,#9015,#9016);
#8092=AXIS2_PLACEMENT_3D('',#11403,#9018,#9019);
#8093=AXIS2_PLACEMENT_3D('',#11407,#9021,#9022);
#8094=AXIS2_PLACEMENT_3D('',#11409,#9023,#9024);
#8095=AXIS2_PLACEMENT_3D('',#11411,#9025,#9026);
#8096=AXIS2_PLACEMENT_3D('',#11415,#9028,#9029);
#8097=AXIS2_PLACEMENT_3D('',#11419,#9031,#9032);
#8098=AXIS2_PLACEMENT_3D('',#11421,#9033,#9034);
#8099=AXIS2_PLACEMENT_3D('',#11423,#9035,#9036);
#8100=AXIS2_PLACEMENT_3D('',#11427,#9038,#9039);
#8101=AXIS2_PLACEMENT_3D('',#11431,#9041,#9042);
#8102=AXIS2_PLACEMENT_3D('',#11433,#9043,#9044);
#8103=AXIS2_PLACEMENT_3D('',#11435,#9045,#9046);
#8104=AXIS2_PLACEMENT_3D('',#11439,#9048,#9049);
#8105=AXIS2_PLACEMENT_3D('',#11443,#9051,#9052);
#8106=AXIS2_PLACEMENT_3D('',#11445,#9053,#9054);
#8107=AXIS2_PLACEMENT_3D('',#11447,#9055,#9056);
#8108=AXIS2_PLACEMENT_3D('',#11451,#9058,#9059);
#8109=AXIS2_PLACEMENT_3D('',#11455,#9061,#9062);
#8110=AXIS2_PLACEMENT_3D('',#11457,#9063,#9064);
#8111=AXIS2_PLACEMENT_3D('',#11459,#9065,#9066);
#8112=AXIS2_PLACEMENT_3D('',#11463,#9068,#9069);
#8113=AXIS2_PLACEMENT_3D('',#11467,#9071,#9072);
#8114=AXIS2_PLACEMENT_3D('',#11469,#9073,#9074);
#8115=AXIS2_PLACEMENT_3D('',#11471,#9075,#9076);
#8116=AXIS2_PLACEMENT_3D('',#11475,#9078,#9079);
#8117=AXIS2_PLACEMENT_3D('',#11479,#9081,#9082);
#8118=AXIS2_PLACEMENT_3D('',#11481,#9083,#9084);
#8119=AXIS2_PLACEMENT_3D('',#11483,#9085,#9086);
#8120=AXIS2_PLACEMENT_3D('',#11487,#9088,#9089);
#8121=AXIS2_PLACEMENT_3D('',#11491,#9091,#9092);
#8122=AXIS2_PLACEMENT_3D('',#11493,#9093,#9094);
#8123=AXIS2_PLACEMENT_3D('',#11495,#9095,#9096);
#8124=AXIS2_PLACEMENT_3D('',#11499,#9098,#9099);
#8125=AXIS2_PLACEMENT_3D('',#11503,#9101,#9102);
#8126=AXIS2_PLACEMENT_3D('',#11505,#9103,#9104);
#8127=AXIS2_PLACEMENT_3D('',#11507,#9105,#9106);
#8128=AXIS2_PLACEMENT_3D('',#11511,#9108,#9109);
#8129=AXIS2_PLACEMENT_3D('',#11515,#9111,#9112);
#8130=AXIS2_PLACEMENT_3D('',#11517,#9113,#9114);
#8131=AXIS2_PLACEMENT_3D('',#11519,#9115,#9116);
#8132=AXIS2_PLACEMENT_3D('',#11523,#9118,#9119);
#8133=AXIS2_PLACEMENT_3D('',#11527,#9121,#9122);
#8134=AXIS2_PLACEMENT_3D('',#11529,#9123,#9124);
#8135=AXIS2_PLACEMENT_3D('',#11531,#9125,#9126);
#8136=AXIS2_PLACEMENT_3D('',#11535,#9128,#9129);
#8137=AXIS2_PLACEMENT_3D('',#11539,#9131,#9132);
#8138=AXIS2_PLACEMENT_3D('',#11541,#9133,#9134);
#8139=AXIS2_PLACEMENT_3D('',#11543,#9135,#9136);
#8140=AXIS2_PLACEMENT_3D('',#11547,#9138,#9139);
#8141=AXIS2_PLACEMENT_3D('',#11551,#9141,#9142);
#8142=AXIS2_PLACEMENT_3D('',#11553,#9143,#9144);
#8143=AXIS2_PLACEMENT_3D('',#11555,#9145,#9146);
#8144=AXIS2_PLACEMENT_3D('',#11561,#9149,#9150);
#8145=AXIS2_PLACEMENT_3D('',#11564,#9152,#9153);
#8146=AXIS2_PLACEMENT_3D('',#11569,#9155,#9156);
#8147=AXIS2_PLACEMENT_3D('',#11571,#9157,#9158);
#8148=AXIS2_PLACEMENT_3D('',#11575,#9160,#9161);
#8149=AXIS2_PLACEMENT_3D('',#11581,#9164,#9165);
#8150=AXIS2_PLACEMENT_3D('',#11585,#9167,#9168);
#8151=AXIS2_PLACEMENT_3D('',#11587,#9169,#9170);
#8152=AXIS2_PLACEMENT_3D('',#11589,#9171,#9172);
#8153=AXIS2_PLACEMENT_3D('',#11593,#9174,#9175);
#8154=AXIS2_PLACEMENT_3D('',#11597,#9177,#9178);
#8155=AXIS2_PLACEMENT_3D('',#11601,#9180,#9181);
#8156=AXIS2_PLACEMENT_3D('',#11605,#9183,#9184);
#8157=AXIS2_PLACEMENT_3D('',#11606,#9185,#9186);
#8158=AXIS2_PLACEMENT_3D('',#11609,#9187,#9188);
#8159=AXIS2_PLACEMENT_3D('',#11611,#9189,#9190);
#8160=AXIS2_PLACEMENT_3D('',#11615,#9192,#9193);
#8161=AXIS2_PLACEMENT_3D('',#11619,#9195,#9196);
#8162=AXIS2_PLACEMENT_3D('',#11623,#9198,#9199);
#8163=AXIS2_PLACEMENT_3D('',#11627,#9201,#9202);
#8164=AXIS2_PLACEMENT_3D('',#11629,#9203,#9204);
#8165=AXIS2_PLACEMENT_3D('',#11630,#9205,#9206);
#8166=AXIS2_PLACEMENT_3D('',#11635,#9208,#9209);
#8167=AXIS2_PLACEMENT_3D('',#11637,#9210,#9211);
#8168=AXIS2_PLACEMENT_3D('',#11641,#9213,#9214);
#8169=AXIS2_PLACEMENT_3D('',#11644,#9216,#9217);
#8170=AXIS2_PLACEMENT_3D('',#11649,#9219,#9220);
#8171=AXIS2_PLACEMENT_3D('',#11651,#9221,#9222);
#8172=AXIS2_PLACEMENT_3D('',#11653,#9223,#9224);
#8173=AXIS2_PLACEMENT_3D('',#11657,#9226,#9227);
#8174=AXIS2_PLACEMENT_3D('',#11661,#9229,#9230);
#8175=AXIS2_PLACEMENT_3D('',#11665,#9232,#9233);
#8176=AXIS2_PLACEMENT_3D('',#11668,#9235,#9236);
#8177=AXIS2_PLACEMENT_3D('',#11670,#9237,#9238);
#8178=AXIS2_PLACEMENT_3D('',#11672,#9239,#9240);
#8179=AXIS2_PLACEMENT_3D('',#11674,#9241,#9242);
#8180=AXIS2_PLACEMENT_3D('',#11676,#9243,#9244);
#8181=AXIS2_PLACEMENT_3D('',#11678,#9245,#9246);
#8182=AXIS2_PLACEMENT_3D('',#11680,#9247,#9248);
#8183=AXIS2_PLACEMENT_3D('',#11682,#9249,#9250);
#8184=AXIS2_PLACEMENT_3D('',#11684,#9251,#9252);
#8185=AXIS2_PLACEMENT_3D('',#11687,#9253,#9254);
#8186=AXIS2_PLACEMENT_3D('',#11689,#9255,#9256);
#8187=AXIS2_PLACEMENT_3D('',#11693,#9258,#9259);
#8188=AXIS2_PLACEMENT_3D('',#11695,#9260,#9261);
#8189=AXIS2_PLACEMENT_3D('',#11697,#9262,#9263);
#8190=AXIS2_PLACEMENT_3D('',#11701,#9265,#9266);
#8191=AXIS2_PLACEMENT_3D('',#11705,#9268,#9269);
#8192=AXIS2_PLACEMENT_3D('',#11707,#9270,#9271);
#8193=AXIS2_PLACEMENT_3D('',#11709,#9272,#9273);
#8194=AXIS2_PLACEMENT_3D('',#11711,#9274,#9275);
#8195=AXIS2_PLACEMENT_3D('',#11712,#9276,#9277);
#8196=AXIS2_PLACEMENT_3D('',#11715,#9278,#9279);
#8197=AXIS2_PLACEMENT_3D('',#11719,#9281,#9282);
#8198=AXIS2_PLACEMENT_3D('',#11723,#9284,#9285);
#8199=AXIS2_PLACEMENT_3D('',#11726,#9287,#9288);
#8200=AXIS2_PLACEMENT_3D('',#11731,#9290,#9291);
#8201=AXIS2_PLACEMENT_3D('',#11735,#9293,#9294);
#8202=AXIS2_PLACEMENT_3D('',#11737,#9295,#9296);
#8203=AXIS2_PLACEMENT_3D('',#11741,#9298,#9299);
#8204=AXIS2_PLACEMENT_3D('',#11743,#9300,#9301);
#8205=AXIS2_PLACEMENT_3D('',#11745,#9302,#9303);
#8206=AXIS2_PLACEMENT_3D('',#11749,#9305,#9306);
#8207=AXIS2_PLACEMENT_3D('',#11752,#9308,#9309);
#8208=AXIS2_PLACEMENT_3D('',#11757,#9311,#9312);
#8209=AXIS2_PLACEMENT_3D('',#11761,#9314,#9315);
#8210=AXIS2_PLACEMENT_3D('',#11765,#9317,#9318);
#8211=AXIS2_PLACEMENT_3D('',#11768,#9320,#9321);
#8212=AXIS2_PLACEMENT_3D('',#11773,#9323,#9324);
#8213=AXIS2_PLACEMENT_3D('',#11775,#9325,#9326);
#8214=AXIS2_PLACEMENT_3D('',#11779,#9328,#9329);
#8215=AXIS2_PLACEMENT_3D('',#11782,#9331,#9332);
#8216=AXIS2_PLACEMENT_3D('',#11787,#9334,#9335);
#8217=AXIS2_PLACEMENT_3D('',#11791,#9337,#9338);
#8218=AXIS2_PLACEMENT_3D('',#11793,#9339,#9340);
#8219=AXIS2_PLACEMENT_3D('',#11795,#9341,#9342);
#8220=AXIS2_PLACEMENT_3D('',#11799,#9344,#9345);
#8221=AXIS2_PLACEMENT_3D('',#11801,#9346,#9347);
#8222=AXIS2_PLACEMENT_3D('',#11802,#9348,#9349);
#8223=AXIS2_PLACEMENT_3D('',#11805,#9350,#9351);
#8224=AXIS2_PLACEMENT_3D('',#11807,#9352,#9353);
#8225=AXIS2_PLACEMENT_3D('',#11811,#9355,#9356);
#8226=AXIS2_PLACEMENT_3D('',#11815,#9358,#9359);
#8227=AXIS2_PLACEMENT_3D('',#11819,#9361,#9362);
#8228=AXIS2_PLACEMENT_3D('',#11821,#9363,#9364);
#8229=AXIS2_PLACEMENT_3D('',#11822,#9365,#9366);
#8230=AXIS2_PLACEMENT_3D('',#11825,#9367,#9368);
#8231=AXIS2_PLACEMENT_3D('',#11827,#9369,#9370);
#8232=AXIS2_PLACEMENT_3D('',#11829,#9371,#9372);
#8233=AXIS2_PLACEMENT_3D('',#11855,#9373,#9374);
#8234=AXIS2_PLACEMENT_3D('',#11857,#9375,#9376);
#8235=AXIS2_PLACEMENT_3D('',#11863,#9377,#9378);
#8236=AXIS2_PLACEMENT_3D('',#11888,#9379,#9380);
#8237=AXIS2_PLACEMENT_3D('',#11889,#9381,#9382);
#8238=AXIS2_PLACEMENT_3D('',#11891,#9383,#9384);
#8239=AXIS2_PLACEMENT_3D('',#11924,#9385,#9386);
#8240=AXIS2_PLACEMENT_3D('',#11925,#9387,#9388);
#8241=AXIS2_PLACEMENT_3D('',#11953,#9390,#9391);
#8242=AXIS2_PLACEMENT_3D('',#11959,#9392,#9393);
#8243=AXIS2_PLACEMENT_3D('',#11961,#9394,#9395);
#8244=AXIS2_PLACEMENT_3D('',#11967,#9396,#9397);
#8245=AXIS2_PLACEMENT_3D('',#11969,#9398,#9399);
#8246=AXIS2_PLACEMENT_3D('',#11977,#9401,#9402);
#8247=AXIS2_PLACEMENT_3D('',#11979,#9403,#9404);
#8248=AXIS2_PLACEMENT_3D('',#11985,#9405,#9406);
#8249=AXIS2_PLACEMENT_3D('',#11995,#9407,#9408);
#8250=AXIS2_PLACEMENT_3D('',#12001,#9409,#9410);
#8251=AXIS2_PLACEMENT_3D('',#12007,#9411,#9412);
#8252=AXIS2_PLACEMENT_3D('',#12062,#9419,#9420);
#8253=AXIS2_PLACEMENT_3D('',#12068,#9421,#9422);
#8254=AXIS2_PLACEMENT_3D('',#12099,#9425,#9426);
#8255=AXIS2_PLACEMENT_3D('',#12100,#9427,#9428);
#8256=AXIS2_PLACEMENT_3D('',#12117,#9429,#9430);
#8257=AXIS2_PLACEMENT_3D('',#12123,#9434,#9435);
#8258=AXIS2_PLACEMENT_3D('',#12124,#9436,#9437);
#8259=AXIS2_PLACEMENT_3D('',#12129,#9439,#9440);
#8260=AXIS2_PLACEMENT_3D('',#12133,#9442,#9443);
#8261=AXIS2_PLACEMENT_3D('',#12137,#9445,#9446);
#8262=AXIS2_PLACEMENT_3D('',#12140,#9448,#9449);
#8263=AXIS2_PLACEMENT_3D('',#12145,#9451,#9452);
#8264=AXIS2_PLACEMENT_3D('',#12147,#9453,#9454);
#8265=AXIS2_PLACEMENT_3D('',#12151,#9456,#9457);
#8266=AXIS2_PLACEMENT_3D('',#12154,#9459,#9460);
#8267=AXIS2_PLACEMENT_3D('',#12159,#9462,#9463);
#8268=AXIS2_PLACEMENT_3D('',#12163,#9465,#9466);
#8269=AXIS2_PLACEMENT_3D('',#12167,#9468,#9469);
#8270=AXIS2_PLACEMENT_3D('',#12171,#9471,#9472);
#8271=AXIS2_PLACEMENT_3D('',#12175,#9474,#9475);
#8272=AXIS2_PLACEMENT_3D('',#12177,#9476,#9477);
#8273=AXIS2_PLACEMENT_3D('',#12179,#9478,#9479);
#8274=AXIS2_PLACEMENT_3D('',#12183,#9481,#9482);
#8275=AXIS2_PLACEMENT_3D('',#12187,#9484,#9485);
#8276=AXIS2_PLACEMENT_3D('',#12191,#9487,#9488);
#8277=AXIS2_PLACEMENT_3D('',#12192,#9489,#9490);
#8278=AXIS2_PLACEMENT_3D('',#12197,#9492,#9493);
#8279=AXIS2_PLACEMENT_3D('',#12199,#9494,#9495);
#8280=AXIS2_PLACEMENT_3D('',#12201,#9496,#9497);
#8281=AXIS2_PLACEMENT_3D('',#12205,#9499,#9500);
#8282=AXIS2_PLACEMENT_3D('',#12207,#9501,#9502);
#8283=AXIS2_PLACEMENT_3D('',#12209,#9503,#9504);
#8284=AXIS2_PLACEMENT_3D('',#12211,#9505,#9506);
#8285=AXIS2_PLACEMENT_3D('',#12213,#9507,#9508);
#8286=AXIS2_PLACEMENT_3D('',#12215,#9509,#9510);
#8287=AXIS2_PLACEMENT_3D('',#12217,#9511,#9512);
#8288=AXIS2_PLACEMENT_3D('',#12220,#9514,#9515);
#8289=AXIS2_PLACEMENT_3D('',#12222,#9516,#9517);
#8290=AXIS2_PLACEMENT_3D('',#12224,#9518,#9519);
#8291=AXIS2_PLACEMENT_3D('',#12226,#9520,#9521);
#8292=AXIS2_PLACEMENT_3D('',#12228,#9522,#9523);
#8293=AXIS2_PLACEMENT_3D('',#12230,#9524,#9525);
#8294=AXIS2_PLACEMENT_3D('',#12232,#9526,#9527);
#8295=AXIS2_PLACEMENT_3D('',#12234,#9528,#9529);
#8296=AXIS2_PLACEMENT_3D('',#12239,#9531,#9532);
#8297=AXIS2_PLACEMENT_3D('',#12243,#9534,#9535);
#8298=AXIS2_PLACEMENT_3D('',#12245,#9536,#9537);
#8299=AXIS2_PLACEMENT_3D('',#12247,#9538,#9539);
#8300=AXIS2_PLACEMENT_3D('',#12251,#9541,#9542);
#8301=AXIS2_PLACEMENT_3D('',#12253,#9543,#9544);
#8302=AXIS2_PLACEMENT_3D('',#12257,#9546,#9547);
#8303=AXIS2_PLACEMENT_3D('',#12261,#9549,#9550);
#8304=AXIS2_PLACEMENT_3D('',#12265,#9552,#9553);
#8305=AXIS2_PLACEMENT_3D('',#12269,#9555,#9556);
#8306=AXIS2_PLACEMENT_3D('',#12273,#9558,#9559);
#8307=AXIS2_PLACEMENT_3D('',#12275,#9560,#9561);
#8308=AXIS2_PLACEMENT_3D('',#12277,#9562,#9563);
#8309=AXIS2_PLACEMENT_3D('',#12279,#9564,#9565);
#8310=AXIS2_PLACEMENT_3D('',#12281,#9566,#9567);
#8311=AXIS2_PLACEMENT_3D('',#12285,#9569,#9570);
#8312=AXIS2_PLACEMENT_3D('',#12289,#9572,#9573);
#8313=AXIS2_PLACEMENT_3D('',#12293,#9575,#9576);
#8314=AXIS2_PLACEMENT_3D('',#12297,#9578,#9579);
#8315=AXIS2_PLACEMENT_3D('',#12301,#9581,#9582);
#8316=AXIS2_PLACEMENT_3D('',#12305,#9584,#9585);
#8317=AXIS2_PLACEMENT_3D('',#12309,#9587,#9588);
#8318=AXIS2_PLACEMENT_3D('',#12311,#9589,#9590);
#8319=AXIS2_PLACEMENT_3D('',#12313,#9591,#9592);
#8320=AXIS2_PLACEMENT_3D('',#12314,#9593,#9594);
#8321=AXIS2_PLACEMENT_3D('',#12319,#9596,#9597);
#8322=AXIS2_PLACEMENT_3D('',#12321,#9598,#9599);
#8323=AXIS2_PLACEMENT_3D('',#12325,#9601,#9602);
#8324=AXIS2_PLACEMENT_3D('',#12331,#9605,#9606);
#8325=AXIS2_PLACEMENT_3D('',#12335,#9608,#9609);
#8326=AXIS2_PLACEMENT_3D('',#12337,#9610,#9611);
#8327=AXIS2_PLACEMENT_3D('',#12341,#9613,#9614);
#8328=AXIS2_PLACEMENT_3D('',#12342,#9615,#9616);
#8329=AXIS2_PLACEMENT_3D('',#12345,#9617,#9618);
#8330=AXIS2_PLACEMENT_3D('',#12347,#9619,#9620);
#8331=AXIS2_PLACEMENT_3D('',#12351,#9622,#9623);
#8332=AXIS2_PLACEMENT_3D('',#12355,#9625,#9626);
#8333=AXIS2_PLACEMENT_3D('',#12357,#9627,#9628);
#8334=AXIS2_PLACEMENT_3D('',#12359,#9629,#9630);
#8335=AXIS2_PLACEMENT_3D('',#12362,#9632,#9633);
#8336=AXIS2_PLACEMENT_3D('',#12365,#9634,#9635);
#8337=AXIS2_PLACEMENT_3D('',#12367,#9636,#9637);
#8338=AXIS2_PLACEMENT_3D('',#12369,#9638,#9639);
#8339=AXIS2_PLACEMENT_3D('',#12373,#9641,#9642);
#8340=AXIS2_PLACEMENT_3D('',#12377,#9644,#9645);
#8341=AXIS2_PLACEMENT_3D('',#12381,#9647,#9648);
#8342=AXIS2_PLACEMENT_3D('',#12382,#9649,#9650);
#8343=AXIS2_PLACEMENT_3D('',#12386,#9652,#9653);
#8344=AXIS2_PLACEMENT_3D('',#12392,#9656,#9657);
#8345=AXIS2_PLACEMENT_3D('',#12394,#9658,#9659);
#8346=AXIS2_PLACEMENT_3D('',#12396,#9660,#9661);
#8347=AXIS2_PLACEMENT_3D('',#12400,#9663,#9664);
#8348=AXIS2_PLACEMENT_3D('',#12404,#9666,#9667);
#8349=AXIS2_PLACEMENT_3D('',#12406,#9668,#9669);
#8350=AXIS2_PLACEMENT_3D('',#12408,#9670,#9671);
#8351=AXIS2_PLACEMENT_3D('',#12412,#9673,#9674);
#8352=AXIS2_PLACEMENT_3D('',#12416,#9676,#9677);
#8353=AXIS2_PLACEMENT_3D('',#12418,#9678,#9679);
#8354=AXIS2_PLACEMENT_3D('',#12420,#9680,#9681);
#8355=AXIS2_PLACEMENT_3D('',#12424,#9683,#9684);
#8356=AXIS2_PLACEMENT_3D('',#12428,#9686,#9687);
#8357=AXIS2_PLACEMENT_3D('',#12430,#9688,#9689);
#8358=AXIS2_PLACEMENT_3D('',#12432,#9690,#9691);
#8359=AXIS2_PLACEMENT_3D('',#12436,#9693,#9694);
#8360=AXIS2_PLACEMENT_3D('',#12440,#9696,#9697);
#8361=AXIS2_PLACEMENT_3D('',#12442,#9698,#9699);
#8362=AXIS2_PLACEMENT_3D('',#12444,#9700,#9701);
#8363=AXIS2_PLACEMENT_3D('',#12448,#9703,#9704);
#8364=AXIS2_PLACEMENT_3D('',#12452,#9706,#9707);
#8365=AXIS2_PLACEMENT_3D('',#12454,#9708,#9709);
#8366=AXIS2_PLACEMENT_3D('',#12456,#9710,#9711);
#8367=AXIS2_PLACEMENT_3D('',#12460,#9713,#9714);
#8368=AXIS2_PLACEMENT_3D('',#12464,#9716,#9717);
#8369=AXIS2_PLACEMENT_3D('',#12466,#9718,#9719);
#8370=AXIS2_PLACEMENT_3D('',#12468,#9720,#9721);
#8371=AXIS2_PLACEMENT_3D('',#12472,#9723,#9724);
#8372=AXIS2_PLACEMENT_3D('',#12476,#9726,#9727);
#8373=AXIS2_PLACEMENT_3D('',#12478,#9728,#9729);
#8374=AXIS2_PLACEMENT_3D('',#12480,#9730,#9731);
#8375=AXIS2_PLACEMENT_3D('',#12484,#9733,#9734);
#8376=AXIS2_PLACEMENT_3D('',#12488,#9736,#9737);
#8377=AXIS2_PLACEMENT_3D('',#12490,#9738,#9739);
#8378=AXIS2_PLACEMENT_3D('',#12492,#9740,#9741);
#8379=AXIS2_PLACEMENT_3D('',#12496,#9743,#9744);
#8380=AXIS2_PLACEMENT_3D('',#12500,#9746,#9747);
#8381=AXIS2_PLACEMENT_3D('',#12502,#9748,#9749);
#8382=AXIS2_PLACEMENT_3D('',#12504,#9750,#9751);
#8383=AXIS2_PLACEMENT_3D('',#12508,#9753,#9754);
#8384=AXIS2_PLACEMENT_3D('',#12512,#9756,#9757);
#8385=AXIS2_PLACEMENT_3D('',#12514,#9758,#9759);
#8386=AXIS2_PLACEMENT_3D('',#12516,#9760,#9761);
#8387=AXIS2_PLACEMENT_3D('',#12520,#9763,#9764);
#8388=AXIS2_PLACEMENT_3D('',#12524,#9766,#9767);
#8389=AXIS2_PLACEMENT_3D('',#12526,#9768,#9769);
#8390=AXIS2_PLACEMENT_3D('',#12528,#9770,#9771);
#8391=AXIS2_PLACEMENT_3D('',#12532,#9773,#9774);
#8392=AXIS2_PLACEMENT_3D('',#12536,#9776,#9777);
#8393=AXIS2_PLACEMENT_3D('',#12538,#9778,#9779);
#8394=AXIS2_PLACEMENT_3D('',#12540,#9780,#9781);
#8395=AXIS2_PLACEMENT_3D('',#12544,#9783,#9784);
#8396=AXIS2_PLACEMENT_3D('',#12548,#9786,#9787);
#8397=AXIS2_PLACEMENT_3D('',#12550,#9788,#9789);
#8398=AXIS2_PLACEMENT_3D('',#12552,#9790,#9791);
#8399=AXIS2_PLACEMENT_3D('',#12556,#9793,#9794);
#8400=AXIS2_PLACEMENT_3D('',#12560,#9796,#9797);
#8401=AXIS2_PLACEMENT_3D('',#12562,#9798,#9799);
#8402=AXIS2_PLACEMENT_3D('',#12564,#9800,#9801);
#8403=AXIS2_PLACEMENT_3D('',#12568,#9803,#9804);
#8404=AXIS2_PLACEMENT_3D('',#12572,#9806,#9807);
#8405=AXIS2_PLACEMENT_3D('',#12574,#9808,#9809);
#8406=AXIS2_PLACEMENT_3D('',#12576,#9810,#9811);
#8407=AXIS2_PLACEMENT_3D('',#12580,#9813,#9814);
#8408=AXIS2_PLACEMENT_3D('',#12584,#9816,#9817);
#8409=AXIS2_PLACEMENT_3D('',#12586,#9818,#9819);
#8410=AXIS2_PLACEMENT_3D('',#12588,#9820,#9821);
#8411=AXIS2_PLACEMENT_3D('',#12592,#9823,#9824);
#8412=AXIS2_PLACEMENT_3D('',#12596,#9826,#9827);
#8413=AXIS2_PLACEMENT_3D('',#12598,#9828,#9829);
#8414=AXIS2_PLACEMENT_3D('',#12600,#9830,#9831);
#8415=AXIS2_PLACEMENT_3D('',#12604,#9833,#9834);
#8416=AXIS2_PLACEMENT_3D('',#12608,#9836,#9837);
#8417=AXIS2_PLACEMENT_3D('',#12610,#9838,#9839);
#8418=AXIS2_PLACEMENT_3D('',#12612,#9840,#9841);
#8419=AXIS2_PLACEMENT_3D('',#12616,#9843,#9844);
#8420=AXIS2_PLACEMENT_3D('',#12620,#9846,#9847);
#8421=AXIS2_PLACEMENT_3D('',#12622,#9848,#9849);
#8422=AXIS2_PLACEMENT_3D('',#12624,#9850,#9851);
#8423=AXIS2_PLACEMENT_3D('',#12628,#9853,#9854);
#8424=AXIS2_PLACEMENT_3D('',#12632,#9856,#9857);
#8425=AXIS2_PLACEMENT_3D('',#12634,#9858,#9859);
#8426=AXIS2_PLACEMENT_3D('',#12636,#9860,#9861);
#8427=AXIS2_PLACEMENT_3D('',#12640,#9863,#9864);
#8428=AXIS2_PLACEMENT_3D('',#12644,#9866,#9867);
#8429=AXIS2_PLACEMENT_3D('',#12646,#9868,#9869);
#8430=AXIS2_PLACEMENT_3D('',#12648,#9870,#9871);
#8431=AXIS2_PLACEMENT_3D('',#12652,#9873,#9874);
#8432=AXIS2_PLACEMENT_3D('',#12656,#9876,#9877);
#8433=AXIS2_PLACEMENT_3D('',#12658,#9878,#9879);
#8434=AXIS2_PLACEMENT_3D('',#12660,#9880,#9881);
#8435=AXIS2_PLACEMENT_3D('',#12664,#9883,#9884);
#8436=AXIS2_PLACEMENT_3D('',#12668,#9886,#9887);
#8437=AXIS2_PLACEMENT_3D('',#12670,#9888,#9889);
#8438=AXIS2_PLACEMENT_3D('',#12672,#9890,#9891);
#8439=AXIS2_PLACEMENT_3D('',#12676,#9893,#9894);
#8440=AXIS2_PLACEMENT_3D('',#12680,#9896,#9897);
#8441=AXIS2_PLACEMENT_3D('',#12684,#9899,#9900);
#8442=AXIS2_PLACEMENT_3D('',#12689,#9903,#9904);
#8443=AXIS2_PLACEMENT_3D('',#12692,#9907,#9908);
#8444=AXIS2_PLACEMENT_3D('',#12695,#9911,#9912);
#8445=AXIS2_PLACEMENT_3D('',#12697,#9914,#9915);
#8446=AXIS2_PLACEMENT_3D('',#12699,#9917,#9918);
#8447=AXIS2_PLACEMENT_3D('',#12701,#9920,#9921);
#8448=AXIS2_PLACEMENT_3D('',#12703,#9923,#9924);
#8449=AXIS2_PLACEMENT_3D('',#12706,#9927,#9928);
#8450=AXIS2_PLACEMENT_3D('',#12708,#9930,#9931);
#8451=AXIS2_PLACEMENT_3D('',#12710,#9933,#9934);
#8452=AXIS2_PLACEMENT_3D('',#12713,#9937,#9938);
#8453=AXIS2_PLACEMENT_3D('',#12715,#9940,#9941);
#8454=AXIS2_PLACEMENT_3D('',#12717,#9943,#9944);
#8455=AXIS2_PLACEMENT_3D('',#12720,#9947,#9948);
#8456=AXIS2_PLACEMENT_3D('',#12722,#9950,#9951);
#8457=AXIS2_PLACEMENT_3D('',#12724,#9953,#9954);
#8458=AXIS2_PLACEMENT_3D('',#12727,#9957,#9958);
#8459=AXIS2_PLACEMENT_3D('',#12729,#9960,#9961);
#8460=AXIS2_PLACEMENT_3D('',#12731,#9963,#9964);
#8461=AXIS2_PLACEMENT_3D('',#12734,#9967,#9968);
#8462=AXIS2_PLACEMENT_3D('',#12736,#9970,#9971);
#8463=AXIS2_PLACEMENT_3D('',#12738,#9973,#9974);
#8464=AXIS2_PLACEMENT_3D('',#12741,#9977,#9978);
#8465=AXIS2_PLACEMENT_3D('',#12743,#9980,#9981);
#8466=AXIS2_PLACEMENT_3D('',#12745,#9983,#9984);
#8467=AXIS2_PLACEMENT_3D('',#12748,#9987,#9988);
#8468=AXIS2_PLACEMENT_3D('',#12750,#9990,#9991);
#8469=AXIS2_PLACEMENT_3D('',#12752,#9993,#9994);
#8470=AXIS2_PLACEMENT_3D('',#12755,#9997,#9998);
#8471=AXIS2_PLACEMENT_3D('',#12757,#10000,#10001);
#8472=AXIS2_PLACEMENT_3D('',#12759,#10003,#10004);
#8473=AXIS2_PLACEMENT_3D('',#12762,#10007,#10008);
#8474=AXIS2_PLACEMENT_3D('',#12764,#10010,#10011);
#8475=AXIS2_PLACEMENT_3D('',#12766,#10013,#10014);
#8476=AXIS2_PLACEMENT_3D('',#12769,#10017,#10018);
#8477=AXIS2_PLACEMENT_3D('',#12771,#10020,#10021);
#8478=AXIS2_PLACEMENT_3D('',#12773,#10023,#10024);
#8479=AXIS2_PLACEMENT_3D('',#12776,#10027,#10028);
#8480=AXIS2_PLACEMENT_3D('',#12778,#10030,#10031);
#8481=AXIS2_PLACEMENT_3D('',#12780,#10033,#10034);
#8482=AXIS2_PLACEMENT_3D('',#12783,#10037,#10038);
#8483=AXIS2_PLACEMENT_3D('',#12785,#10040,#10041);
#8484=AXIS2_PLACEMENT_3D('',#12787,#10043,#10044);
#8485=AXIS2_PLACEMENT_3D('',#12790,#10047,#10048);
#8486=AXIS2_PLACEMENT_3D('',#12792,#10050,#10051);
#8487=AXIS2_PLACEMENT_3D('',#12794,#10053,#10054);
#8488=AXIS2_PLACEMENT_3D('',#12797,#10057,#10058);
#8489=AXIS2_PLACEMENT_3D('',#12799,#10060,#10061);
#8490=AXIS2_PLACEMENT_3D('',#12801,#10063,#10064);
#8491=AXIS2_PLACEMENT_3D('',#12804,#10067,#10068);
#8492=AXIS2_PLACEMENT_3D('',#12806,#10070,#10071);
#8493=AXIS2_PLACEMENT_3D('',#12808,#10073,#10074);
#8494=AXIS2_PLACEMENT_3D('',#12811,#10077,#10078);
#8495=AXIS2_PLACEMENT_3D('',#12813,#10080,#10081);
#8496=AXIS2_PLACEMENT_3D('',#12815,#10083,#10084);
#8497=AXIS2_PLACEMENT_3D('',#12818,#10087,#10088);
#8498=AXIS2_PLACEMENT_3D('',#12820,#10090,#10091);
#8499=AXIS2_PLACEMENT_3D('',#12822,#10093,#10094);
#8500=AXIS2_PLACEMENT_3D('',#12825,#10097,#10098);
#8501=AXIS2_PLACEMENT_3D('',#12827,#10100,#10101);
#8502=AXIS2_PLACEMENT_3D('',#12829,#10103,#10104);
#8503=AXIS2_PLACEMENT_3D('',#12832,#10107,#10108);
#8504=AXIS2_PLACEMENT_3D('',#12834,#10110,#10111);
#8505=AXIS2_PLACEMENT_3D('',#12836,#10113,#10114);
#8506=AXIS2_PLACEMENT_3D('',#12839,#10117,#10118);
#8507=AXIS2_PLACEMENT_3D('',#12841,#10120,#10121);
#8508=AXIS2_PLACEMENT_3D('',#12843,#10123,#10124);
#8509=AXIS2_PLACEMENT_3D('',#12846,#10127,#10128);
#8510=AXIS2_PLACEMENT_3D('',#12848,#10130,#10131);
#8511=AXIS2_PLACEMENT_3D('',#12850,#10133,#10134);
#8512=AXIS2_PLACEMENT_3D('',#12853,#10137,#10138);
#8513=AXIS2_PLACEMENT_3D('',#12855,#10140,#10141);
#8514=AXIS2_PLACEMENT_3D('',#12857,#10143,#10144);
#8515=AXIS2_PLACEMENT_3D('',#12860,#10147,#10148);
#8516=AXIS2_PLACEMENT_3D('',#12862,#10150,#10151);
#8517=AXIS2_PLACEMENT_3D('',#12864,#10153,#10154);
#8518=AXIS2_PLACEMENT_3D('',#12867,#10157,#10158);
#8519=AXIS2_PLACEMENT_3D('',#12868,#10159,#10160);
#8520=AXIS2_PLACEMENT_3D('',#12869,#10161,#10162);
#8521=AXIS2_PLACEMENT_3D('',#12870,#10163,#10164);
#8522=AXIS2_PLACEMENT_3D('',#12871,#10165,#10166);
#8523=AXIS2_PLACEMENT_3D('',#12872,#10167,#10168);
#8524=AXIS2_PLACEMENT_3D('',#12873,#10169,#10170);
#8525=AXIS2_PLACEMENT_3D('',#12874,#10171,#10172);
#8526=AXIS2_PLACEMENT_3D('',#12876,#10174,#10175);
#8527=AXIS2_PLACEMENT_3D('',#12878,#10177,#10178);
#8528=AXIS2_PLACEMENT_3D('',#12879,#10179,#10180);
#8529=AXIS2_PLACEMENT_3D('',#12881,#10182,#10183);
#8530=AXIS2_PLACEMENT_3D('',#12883,#10185,#10186);
#8531=AXIS2_PLACEMENT_3D('',#12884,#10187,#10188);
#8532=AXIS2_PLACEMENT_3D('',#12886,#10190,#10191);
#8533=AXIS2_PLACEMENT_3D('',#12888,#10193,#10194);
#8534=AXIS2_PLACEMENT_3D('',#12889,#10195,#10196);
#8535=AXIS2_PLACEMENT_3D('',#12891,#10198,#10199);
#8536=AXIS2_PLACEMENT_3D('',#12893,#10201,#10202);
#8537=AXIS2_PLACEMENT_3D('',#12894,#10203,#10204);
#8538=AXIS2_PLACEMENT_3D('',#12896,#10206,#10207);
#8539=AXIS2_PLACEMENT_3D('',#12898,#10209,#10210);
#8540=AXIS2_PLACEMENT_3D('',#12899,#10211,#10212);
#8541=AXIS2_PLACEMENT_3D('',#12901,#10214,#10215);
#8542=AXIS2_PLACEMENT_3D('',#12903,#10217,#10218);
#8543=AXIS2_PLACEMENT_3D('',#12904,#10219,#10220);
#8544=AXIS2_PLACEMENT_3D('',#12906,#10222,#10223);
#8545=AXIS2_PLACEMENT_3D('',#12908,#10225,#10226);
#8546=AXIS2_PLACEMENT_3D('',#12909,#10227,#10228);
#8547=AXIS2_PLACEMENT_3D('',#12911,#10230,#10231);
#8548=AXIS2_PLACEMENT_3D('',#12913,#10233,#10234);
#8549=AXIS2_PLACEMENT_3D('',#12914,#10235,#10236);
#8550=AXIS2_PLACEMENT_3D('',#12916,#10238,#10239);
#8551=AXIS2_PLACEMENT_3D('',#12918,#10241,#10242);
#8552=AXIS2_PLACEMENT_3D('',#12919,#10243,#10244);
#8553=AXIS2_PLACEMENT_3D('',#12921,#10246,#10247);
#8554=AXIS2_PLACEMENT_3D('',#12923,#10249,#10250);
#8555=AXIS2_PLACEMENT_3D('',#12924,#10251,#10252);
#8556=AXIS2_PLACEMENT_3D('',#12926,#10254,#10255);
#8557=AXIS2_PLACEMENT_3D('',#12928,#10257,#10258);
#8558=AXIS2_PLACEMENT_3D('',#12929,#10259,#10260);
#8559=AXIS2_PLACEMENT_3D('',#12931,#10262,#10263);
#8560=AXIS2_PLACEMENT_3D('',#12933,#10265,#10266);
#8561=AXIS2_PLACEMENT_3D('',#12934,#10267,#10268);
#8562=AXIS2_PLACEMENT_3D('',#12936,#10270,#10271);
#8563=AXIS2_PLACEMENT_3D('',#12938,#10273,#10274);
#8564=AXIS2_PLACEMENT_3D('',#12939,#10275,#10276);
#8565=AXIS2_PLACEMENT_3D('',#12941,#10278,#10279);
#8566=AXIS2_PLACEMENT_3D('',#12943,#10281,#10282);
#8567=AXIS2_PLACEMENT_3D('',#12944,#10283,#10284);
#8568=AXIS2_PLACEMENT_3D('',#12946,#10286,#10287);
#8569=AXIS2_PLACEMENT_3D('',#12948,#10289,#10290);
#8570=AXIS2_PLACEMENT_3D('',#12949,#10291,#10292);
#8571=AXIS2_PLACEMENT_3D('',#12951,#10294,#10295);
#8572=AXIS2_PLACEMENT_3D('',#12953,#10297,#10298);
#8573=AXIS2_PLACEMENT_3D('',#12954,#10299,#10300);
#8574=AXIS2_PLACEMENT_3D('',#12956,#10302,#10303);
#8575=AXIS2_PLACEMENT_3D('',#12958,#10305,#10306);
#8576=AXIS2_PLACEMENT_3D('',#12959,#10307,#10308);
#8577=AXIS2_PLACEMENT_3D('',#12961,#10310,#10311);
#8578=AXIS2_PLACEMENT_3D('',#12963,#10313,#10314);
#8579=AXIS2_PLACEMENT_3D('',#12964,#10315,#10316);
#8580=AXIS2_PLACEMENT_3D('',#12966,#10318,#10319);
#8581=AXIS2_PLACEMENT_3D('',#12968,#10321,#10322);
#8582=AXIS2_PLACEMENT_3D('',#12969,#10323,#10324);
#8583=AXIS2_PLACEMENT_3D('',#12971,#10326,#10327);
#8584=AXIS2_PLACEMENT_3D('',#12973,#10329,#10330);
#8585=AXIS2_PLACEMENT_3D('',#12974,#10331,#10332);
#8586=AXIS2_PLACEMENT_3D('',#12976,#10334,#10335);
#8587=AXIS2_PLACEMENT_3D('',#12978,#10337,#10338);
#8588=AXIS2_PLACEMENT_3D('',#12979,#10339,#10340);
#8589=AXIS2_PLACEMENT_3D('',#12981,#10342,#10343);
#8590=AXIS2_PLACEMENT_3D('',#12983,#10345,#10346);
#8591=AXIS2_PLACEMENT_3D('',#12984,#10347,#10348);
#8592=AXIS2_PLACEMENT_3D('',#12986,#10350,#10351);
#8593=AXIS2_PLACEMENT_3D('',#12988,#10353,#10354);
#8594=AXIS2_PLACEMENT_3D('',#12989,#10355,#10356);
#8595=AXIS2_PLACEMENT_3D('',#12991,#10358,#10359);
#8596=AXIS2_PLACEMENT_3D('',#12993,#10361,#10362);
#8597=AXIS2_PLACEMENT_3D('',#12994,#10363,#10364);
#8598=AXIS2_PLACEMENT_3D('',#12995,#10365,#10366);
#8599=AXIS2_PLACEMENT_3D('',#12996,#10367,#10368);
#8600=AXIS2_PLACEMENT_3D('',#12999,#10371,#10372);
#8601=AXIS2_PLACEMENT_3D('',#13002,#10375,#10376);
#8602=AXIS2_PLACEMENT_3D('',#13005,#10379,#10380);
#8603=AXIS2_PLACEMENT_3D('',#13008,#10383,#10384);
#8604=AXIS2_PLACEMENT_3D('',#13011,#10387,#10388);
#8605=AXIS2_PLACEMENT_3D('',#13014,#10391,#10392);
#8606=AXIS2_PLACEMENT_3D('',#13017,#10395,#10396);
#8607=AXIS2_PLACEMENT_3D('',#13018,#10397,#10398);
#8608=AXIS2_PLACEMENT_3D('',#13019,#10399,#10400);
#8609=AXIS2_PLACEMENT_3D('',#13020,#10401,#10402);
#8610=AXIS2_PLACEMENT_3D('',#13021,#10403,#10404);
#8611=AXIS2_PLACEMENT_3D('',#13022,#10405,#10406);
#8612=AXIS2_PLACEMENT_3D('',#13023,#10407,#10408);
#8613=AXIS2_PLACEMENT_3D('',#13024,#10409,#10410);
#8614=AXIS2_PLACEMENT_3D('',#13027,#10413,#10414);
#8615=AXIS2_PLACEMENT_3D('',#13030,#10417,#10418);
#8616=AXIS2_PLACEMENT_3D('',#13033,#10421,#10422);
#8617=AXIS2_PLACEMENT_3D('',#13036,#10425,#10426);
#8618=AXIS2_PLACEMENT_3D('',#13039,#10429,#10430);
#8619=AXIS2_PLACEMENT_3D('',#13042,#10433,#10434);
#8620=AXIS2_PLACEMENT_3D('',#13043,#10435,#10436);
#8621=AXIS2_PLACEMENT_3D('',#13044,#10437,#10438);
#8622=AXIS2_PLACEMENT_3D('',#13045,#10439,#10440);
#8623=AXIS2_PLACEMENT_3D('',#13046,#10441,#10442);
#8624=AXIS2_PLACEMENT_3D('',#13047,#10443,#10444);
#8625=AXIS2_PLACEMENT_3D('',#13048,#10445,#10446);
#8626=AXIS2_PLACEMENT_3D('',#13051,#10449,#10450);
#8627=AXIS2_PLACEMENT_3D('',#13054,#10453,#10454);
#8628=AXIS2_PLACEMENT_3D('',#13057,#10457,#10458);
#8629=AXIS2_PLACEMENT_3D('',#13059,#10460,#10461);
#8630=AXIS2_PLACEMENT_3D('',#13060,#10462,#10463);
#8631=AXIS2_PLACEMENT_3D('',#13061,#10464,#10465);
#8632=AXIS2_PLACEMENT_3D('',#13062,#10466,#10467);
#8633=AXIS2_PLACEMENT_3D('',#13065,#10470,#10471);
#8634=AXIS2_PLACEMENT_3D('',#13067,#10473,#10474);
#8635=AXIS2_PLACEMENT_3D('',#13070,#10477,#10478);
#8636=AXIS2_PLACEMENT_3D('',#13073,#10481,#10482);
#8637=AXIS2_PLACEMENT_3D('',#13076,#10485,#10486);
#8638=AXIS2_PLACEMENT_3D('',#13079,#10489,#10490);
#8639=AXIS2_PLACEMENT_3D('',#13082,#10493,#10494);
#8640=AXIS2_PLACEMENT_3D('',#13083,#10495,#10496);
#8641=AXIS2_PLACEMENT_3D('',#13084,#10497,#10498);
#8642=AXIS2_PLACEMENT_3D('',#13085,#10499,#10500);
#8643=AXIS2_PLACEMENT_3D('',#13086,#10501,#10502);
#8644=AXIS2_PLACEMENT_3D('',#13087,#10503,#10504);
#8645=AXIS2_PLACEMENT_3D('',#13088,#10505,#10506);
#8646=AXIS2_PLACEMENT_3D('',#13091,#10509,#10510);
#8647=AXIS2_PLACEMENT_3D('',#13094,#10513,#10514);
#8648=AXIS2_PLACEMENT_3D('',#13096,#10516,#10517);
#8649=AXIS2_PLACEMENT_3D('',#13099,#10520,#10521);
#8650=AXIS2_PLACEMENT_3D('',#13100,#10522,#10523);
#8651=AXIS2_PLACEMENT_3D('',#13101,#10524,#10525);
#8652=AXIS2_PLACEMENT_3D('',#13102,#10526,#10527);
#8653=AXIS2_PLACEMENT_3D('',#13105,#10530,#10531);
#8654=AXIS2_PLACEMENT_3D('',#13108,#10534,#10535);
#8655=AXIS2_PLACEMENT_3D('',#13111,#10538,#10539);
#8656=AXIS2_PLACEMENT_3D('',#13114,#10542,#10543);
#8657=AXIS2_PLACEMENT_3D('',#13115,#10544,#10545);
#8658=AXIS2_PLACEMENT_3D('',#13116,#10546,#10547);
#8659=AXIS2_PLACEMENT_3D('',#13117,#10548,#10549);
#8660=AXIS2_PLACEMENT_3D('',#13118,#10550,#10551);
#8661=AXIS2_PLACEMENT_3D('',#13121,#10554,#10555);
#8662=AXIS2_PLACEMENT_3D('',#13124,#10558,#10559);
#8663=AXIS2_PLACEMENT_3D('',#13127,#10562,#10563);
#8664=AXIS2_PLACEMENT_3D('',#13130,#10566,#10567);
#8665=AXIS2_PLACEMENT_3D('',#13133,#10570,#10571);
#8666=AXIS2_PLACEMENT_3D('',#13136,#10574,#10575);
#8667=AXIS2_PLACEMENT_3D('',#13137,#10576,#10577);
#8668=AXIS2_PLACEMENT_3D('',#13138,#10578,#10579);
#8669=AXIS2_PLACEMENT_3D('',#13139,#10580,#10581);
#8670=AXIS2_PLACEMENT_3D('',#13140,#10582,#10583);
#8671=AXIS2_PLACEMENT_3D('',#13141,#10584,#10585);
#8672=AXIS2_PLACEMENT_3D('',#13142,#10586,#10587);
#8673=AXIS2_PLACEMENT_3D('',#13145,#10590,#10591);
#8674=AXIS2_PLACEMENT_3D('',#13148,#10594,#10595);
#8675=AXIS2_PLACEMENT_3D('',#13151,#10598,#10599);
#8676=AXIS2_PLACEMENT_3D('',#13154,#10602,#10603);
#8677=AXIS2_PLACEMENT_3D('',#13157,#10606,#10607);
#8678=AXIS2_PLACEMENT_3D('',#13160,#10610,#10611);
#8679=AXIS2_PLACEMENT_3D('',#13162,#10613,#10614);
#8680=AXIS2_PLACEMENT_3D('',#13164,#10616,#10617);
#8681=AXIS2_PLACEMENT_3D('',#13165,#10618,#10619);
#8682=AXIS2_PLACEMENT_3D('',#13166,#10620,#10621);
#8683=AXIS2_PLACEMENT_3D('',#13167,#10622,#10623);
#8684=AXIS2_PLACEMENT_3D('',#13168,#10624,#10625);
#8685=AXIS2_PLACEMENT_3D('',#13169,#10626,#10627);
#8686=AXIS2_PLACEMENT_3D('',#13170,#10628,#10629);
#8687=AXIS2_PLACEMENT_3D('',#13173,#10632,#10633);
#8688=AXIS2_PLACEMENT_3D('',#13176,#10636,#10637);
#8689=AXIS2_PLACEMENT_3D('',#13178,#10639,#10640);
#8690=AXIS2_PLACEMENT_3D('',#13181,#10643,#10644);
#8691=AXIS2_PLACEMENT_3D('',#13182,#10645,#10646);
#8692=AXIS2_PLACEMENT_3D('',#13183,#10647,#10648);
#8693=AXIS2_PLACEMENT_3D('',#13184,#10649,#10650);
#8694=AXIS2_PLACEMENT_3D('',#13187,#10653,#10654);
#8695=AXIS2_PLACEMENT_3D('',#13190,#10657,#10658);
#8696=AXIS2_PLACEMENT_3D('',#13193,#10661,#10662);
#8697=AXIS2_PLACEMENT_3D('',#13195,#10664,#10665);
#8698=AXIS2_PLACEMENT_3D('',#13196,#10666,#10667);
#8699=AXIS2_PLACEMENT_3D('',#13197,#10668,#10669);
#8700=AXIS2_PLACEMENT_3D('',#13198,#10670,#10671);
#8701=AXIS2_PLACEMENT_3D('',#13201,#10674,#10675);
#8702=AXIS2_PLACEMENT_3D('',#13204,#10678,#10679);
#8703=AXIS2_PLACEMENT_3D('',#13207,#10682,#10683);
#8704=AXIS2_PLACEMENT_3D('',#13210,#10686,#10687);
#8705=AXIS2_PLACEMENT_3D('',#13213,#10690,#10691);
#8706=AXIS2_PLACEMENT_3D('',#13214,#10692,#10693);
#8707=AXIS2_PLACEMENT_3D('',#13215,#10694,#10695);
#8708=AXIS2_PLACEMENT_3D('',#13216,#10696,#10697);
#8709=AXIS2_PLACEMENT_3D('',#13217,#10698,#10699);
#8710=AXIS2_PLACEMENT_3D('',#13218,#10700,#10701);
#8711=AXIS2_PLACEMENT_3D('',#13221,#10704,#10705);
#8712=AXIS2_PLACEMENT_3D('',#13224,#10708,#10709);
#8713=AXIS2_PLACEMENT_3D('',#13227,#10712,#10713);
#8714=AXIS2_PLACEMENT_3D('',#13230,#10716,#10717);
#8715=AXIS2_PLACEMENT_3D('',#13233,#10720,#10721);
#8716=AXIS2_PLACEMENT_3D('',#13234,#10722,#10723);
#8717=AXIS2_PLACEMENT_3D('',#13235,#10724,#10725);
#8718=AXIS2_PLACEMENT_3D('',#13236,#10726,#10727);
#8719=AXIS2_PLACEMENT_3D('',#13237,#10728,#10729);
#8720=AXIS2_PLACEMENT_3D('',#13238,#10730,#10731);
#8721=AXIS2_PLACEMENT_3D('',#13240,#10733,#10734);
#8722=AXIS2_PLACEMENT_3D('',#13242,#10736,#10737);
#8723=AXIS2_PLACEMENT_3D('',#13244,#10739,#10740);
#8724=AXIS2_PLACEMENT_3D('',#13245,#10741,#10742);
#8725=AXIS2_PLACEMENT_3D('',#13365,#10753,#10754);
#8726=AXIS2_PLACEMENT_3D('',#13368,#10756,#10757);
#8727=AXIS2_PLACEMENT_3D('',#13369,#10758,#10759);
#8728=AXIS2_PLACEMENT_3D('',#13372,#10761,#10762);
#8729=AXIS2_PLACEMENT_3D('',#13401,#10766,#10767);
#8730=AXIS2_PLACEMENT_3D('',#13404,#10769,#10770);
#8731=AXIS2_PLACEMENT_3D('',#13405,#10771,#10772);
#8732=AXIS2_PLACEMENT_3D('',#13408,#10774,#10775);
#8733=AXIS2_PLACEMENT_3D('',#13435,#10778,#10779);
#8734=AXIS2_PLACEMENT_3D('',#13438,#10781,#10782);
#8735=AXIS2_PLACEMENT_3D('',#13467,#10786,#10787);
#8736=AXIS2_PLACEMENT_3D('',#13470,#10789,#10790);
#8737=AXIS2_PLACEMENT_3D('',#13510,#10794,#10795);
#8738=AXIS2_PLACEMENT_3D('',#13511,#10796,#10797);
#8739=AXIS2_PLACEMENT_3D('',#13514,#10799,#10800);
#8740=AXIS2_PLACEMENT_3D('',#13516,#10801,#10802);
#8741=AXIS2_PLACEMENT_3D('',#13517,#10803,#10804);
#8742=AXIS2_PLACEMENT_3D('',#13518,#10805,#10806);
#8743=AXIS2_PLACEMENT_3D('',#13519,#10807,#10808);
#8744=AXIS2_PLACEMENT_3D('',#13520,#10809,#10810);
#8745=AXIS2_PLACEMENT_3D('',#13558,#10816,#10817);
#8746=AXIS2_PLACEMENT_3D('',#13837,#10838,#10839);
#8747=AXIS2_PLACEMENT_3D('',#13840,#10841,#10842);
#8748=AXIS2_PLACEMENT_3D('',#13843,#10844,#10845);
#8749=AXIS2_PLACEMENT_3D('',#13846,#10847,#10848);
#8750=AXIS2_PLACEMENT_3D('',#13899,#10853,#10854);
#8751=AXIS2_PLACEMENT_3D('',#13902,#10856,#10857);
#8752=AXIS2_PLACEMENT_3D('',#13916,#10859,#10860);
#8753=AXIS2_PLACEMENT_3D('',#13919,#10862,#10863);
#8754=AXIS2_PLACEMENT_3D('',#13920,#10864,#10865);
#8755=AXIS2_PLACEMENT_3D('',#13923,#10867,#10868);
#8756=AXIS2_PLACEMENT_3D('',#14002,#10875,#10876);
#8757=AXIS2_PLACEMENT_3D('',#14005,#10878,#10879);
#8758=AXIS2_PLACEMENT_3D('',#14006,#10880,#10881);
#8759=AXIS2_PLACEMENT_3D('',#14007,#10882,#10883);
#8760=AXIS2_PLACEMENT_3D('',#14022,#10884,#10885);
#8761=AXIS2_PLACEMENT_3D('',#14086,#10893,#10894);
#8762=AXIS2_PLACEMENT_3D('',#14160,#10904,#10905);
#8763=AXIS2_PLACEMENT_3D('',#14162,#10907,#10908);
#8764=AXIS2_PLACEMENT_3D('',#14163,#10909,#10910);
#8765=AXIS2_PLACEMENT_3D('',#14166,#10913,#10914);
#8766=AXIS2_PLACEMENT_3D('',#14167,#10915,#10916);
#8767=AXIS2_PLACEMENT_3D('',#14168,#10917,#10918);
#8768=AXIS2_PLACEMENT_3D('',#14169,#10919,#10920);
#8769=AXIS2_PLACEMENT_3D('',#14170,#10921,#10922);
#8770=AXIS2_PLACEMENT_3D('',#14171,#10923,#10924);
#8771=AXIS2_PLACEMENT_3D('',#14172,#10925,#10926);
#8772=AXIS2_PLACEMENT_3D('',#14173,#10927,#10928);
#8773=AXIS2_PLACEMENT_3D('',#14174,#10929,#10930);
#8774=AXIS2_PLACEMENT_3D('',#14175,#10931,#10932);
#8775=AXIS2_PLACEMENT_3D('',#14176,#10933,#10934);
#8776=AXIS2_PLACEMENT_3D('',#14177,#10935,#10936);
#8777=AXIS2_PLACEMENT_3D('',#14178,#10937,#10938);
#8778=AXIS2_PLACEMENT_3D('',#14179,#10939,#10940);
#8779=AXIS2_PLACEMENT_3D('',#14180,#10941,#10942);
#8780=AXIS2_PLACEMENT_3D('',#14181,#10943,#10944);
#8781=AXIS2_PLACEMENT_3D('',#14182,#10945,#10946);
#8782=AXIS2_PLACEMENT_3D('',#14183,#10947,#10948);
#8783=AXIS2_PLACEMENT_3D('',#14184,#10949,#10950);
#8784=DIRECTION('',(0.,0.,1.));
#8785=DIRECTION('',(1.,0.,0.));
#8786=DIRECTION('',(0.986435162555064,0.,-0.164151363305229));
#8787=DIRECTION('',(-0.164151363305229,0.,-0.986435162555064));
#8788=DIRECTION('',(0.,1.,0.));
#8789=DIRECTION('',(-0.164151363305229,0.,-0.986435162555064));
#8790=DIRECTION('',(0.,1.,0.));
#8791=DIRECTION('',(-0.164151363305229,0.,-0.986435162555064));
#8792=DIRECTION('',(-0.164151363305228,0.,-0.986435162555064));
#8793=DIRECTION('',(-0.986435162555064,0.,0.164151363305228));
#8794=DIRECTION('',(-0.986435162555064,0.,0.164151363305228));
#8795=DIRECTION('',(0.,1.,0.));
#8796=DIRECTION('',(-0.986435162555064,0.,0.164151363305228));
#8797=DIRECTION('',(0.,1.,0.));
#8798=DIRECTION('',(-0.986435162555063,0.,0.16415136330523));
#8799=DIRECTION('',(0.16415136330523,0.,0.986435162555064));
#8800=DIRECTION('',(0.16415136330523,0.,0.986435162555064));
#8801=DIRECTION('',(0.,1.,0.));
#8802=DIRECTION('',(0.16415136330523,0.,0.986435162555064));
#8803=DIRECTION('',(0.,1.,0.));
#8804=DIRECTION('',(-0.164151363305228,0.,-0.986435162555064));
#8805=DIRECTION('',(-0.986435162555064,0.,0.164151363305228));
#8806=DIRECTION('',(-0.986435162555064,0.,0.164151363305228));
#8807=DIRECTION('',(0.,1.,0.));
#8808=DIRECTION('',(-0.986435162555064,0.,0.164151363305228));
#8809=DIRECTION('',(0.,1.,0.));
#8810=DIRECTION('',(-0.986435162555064,0.,0.164151363305226));
#8811=DIRECTION('',(0.164151363305226,0.,0.986435162555064));
#8812=DIRECTION('',(0.164151363305226,0.,0.986435162555064));
#8813=DIRECTION('',(0.,1.,0.));
#8814=DIRECTION('',(0.164151363305226,0.,0.986435162555064));
#8815=DIRECTION('',(0.,1.,0.));
#8816=DIRECTION('',(0.586623612323197,0.,-0.809859702334227));
#8817=DIRECTION('',(-0.809859702334227,0.,-0.586623612323197));
#8818=DIRECTION('',(0.,1.,0.));
#8819=DIRECTION('',(-0.809859702334227,0.,-0.586623612323197));
#8820=DIRECTION('',(0.,1.,0.));
#8821=DIRECTION('',(-0.809859702334227,0.,-0.586623612323197));
#8822=DIRECTION('',(0.,1.,0.));
#8823=DIRECTION('',(0.,1.,0.));
#8824=DIRECTION('',(0.,1.,0.));
#8825=DIRECTION('',(-1.,0.,0.));
#8826=DIRECTION('',(0.,1.,0.));
#8827=DIRECTION('',(0.,0.,1.));
#8828=DIRECTION('',(0.,1.,0.));
#8829=DIRECTION('',(0.,0.,1.));
#8830=DIRECTION('',(0.,1.,0.));
#8831=DIRECTION('',(0.,0.,1.));
#8832=DIRECTION('',(0.,1.,0.));
#8833=DIRECTION('',(0.,0.,1.));
#8834=DIRECTION('',(0.,-1.,0.));
#8835=DIRECTION('',(0.,0.,1.));
#8836=DIRECTION('',(0.,1.,0.));
#8837=DIRECTION('',(0.,0.,1.));
#8838=DIRECTION('',(0.,1.,0.));
#8839=DIRECTION('',(0.,0.,1.));
#8840=DIRECTION('',(0.,1.,0.));
#8841=DIRECTION('',(0.,0.,1.));
#8842=DIRECTION('',(0.,1.,0.));
#8843=DIRECTION('',(0.,0.,1.));
#8844=DIRECTION('',(-0.422618261740698,0.,-0.906307787036651));
#8845=DIRECTION('',(-0.906307787036651,0.,0.422618261740698));
#8846=DIRECTION('',(-0.906307787036651,0.,0.422618261740698));
#8847=DIRECTION('',(0.,1.,0.));
#8848=DIRECTION('',(-0.906307787036651,0.,0.422618261740698));
#8849=DIRECTION('',(0.,1.,0.));
#8850=DIRECTION('',(-0.906307787036651,0.,0.422618261740698));
#8851=DIRECTION('',(0.422618261740698,0.,0.906307787036651));
#8852=DIRECTION('',(0.422618261740698,0.,0.906307787036651));
#8853=DIRECTION('',(0.,1.,0.));
#8854=DIRECTION('',(0.422618261740698,0.,0.906307787036651));
#8855=DIRECTION('',(0.,1.,0.));
#8856=DIRECTION('',(0.422618261740701,0.,0.906307787036649));
#8857=DIRECTION('',(0.906307787036649,0.,-0.422618261740701));
#8858=DIRECTION('',(0.906307787036649,0.,-0.422618261740701));
#8859=DIRECTION('',(0.,1.,0.));
#8860=DIRECTION('',(0.906307787036649,0.,-0.422618261740701));
#8861=DIRECTION('',(0.,1.,0.));
#8862=DIRECTION('',(0.,1.,0.));
#8863=DIRECTION('',(0.,1.,0.));
#8864=DIRECTION('',(0.,1.,0.));
#8865=DIRECTION('',(-1.,0.,0.));
#8866=DIRECTION('',(0.,-1.,0.));
#8867=DIRECTION('',(0.,0.,-1.));
#8868=DIRECTION('',(0.,1.,0.));
#8869=DIRECTION('',(0.,0.,1.));
#8870=DIRECTION('',(0.,1.,0.));
#8871=DIRECTION('',(0.,0.,1.));
#8872=DIRECTION('',(-0.422618261740696,0.,-0.906307787036652));
#8873=DIRECTION('',(0.,1.,0.));
#8874=DIRECTION('',(0.,0.,1.));
#8875=DIRECTION('',(0.,1.,0.));
#8876=DIRECTION('',(0.,0.,1.));
#8877=DIRECTION('',(0.,1.,0.));
#8878=DIRECTION('',(1.,0.,0.));
#8879=DIRECTION('',(0.,1.,0.));
#8880=DIRECTION('',(0.,0.,1.));
#8881=DIRECTION('',(0.,1.,0.));
#8882=DIRECTION('',(0.,0.,1.));
#8883=DIRECTION('',(0.,1.,0.));
#8884=DIRECTION('',(0.,0.,1.));
#8885=DIRECTION('',(0.,1.,0.));
#8886=DIRECTION('',(0.,0.,1.));
#8887=DIRECTION('',(0.,1.,0.));
#8888=DIRECTION('',(0.,0.,1.));
#8889=DIRECTION('',(0.,1.,0.));
#8890=DIRECTION('',(0.,0.,1.));
#8891=DIRECTION('',(0.,1.,0.));
#8892=DIRECTION('',(0.,0.,1.));
#8893=DIRECTION('',(0.,-1.,0.));
#8894=DIRECTION('',(0.,0.,1.));
#8895=DIRECTION('',(0.,1.,0.));
#8896=DIRECTION('',(0.,0.,1.));
#8897=DIRECTION('',(0.,-1.,0.));
#8898=DIRECTION('',(0.,0.,-1.));
#8899=DIRECTION('',(-1.,0.,-1.81270962502392E-16));
#8900=DIRECTION('',(0.796927257984365,0.,0.604075281303185));
#8901=DIRECTION('',(-0.999731735062673,0.,0.0231615610134214));
#8902=DIRECTION('',(0.,-1.,0.));
#8903=DIRECTION('',(0.,0.,-1.));
#8904=DIRECTION('',(-0.893781218625961,0.,-0.448503214293379));
#8905=DIRECTION('',(0.,1.,0.));
#8906=DIRECTION('',(0.,0.,1.));
#8907=DIRECTION('',(-0.996643601760531,0.,-0.0818628796817988));
#8908=DIRECTION('',(0.,-1.,0.));
#8909=DIRECTION('',(0.,0.,-1.));
#8910=DIRECTION('',(-0.996643601760531,0.,-0.0818628796817988));
#8911=DIRECTION('',(0.,1.,0.));
#8912=DIRECTION('',(0.,0.,1.));
#8913=DIRECTION('',(0.,-1.,0.));
#8914=DIRECTION('',(0.,0.,-1.));
#8915=DIRECTION('',(0.,1.,0.));
#8916=DIRECTION('',(0.,0.,1.));
#8917=DIRECTION('',(-0.998507803482829,0.,-0.0546092151920958));
#8918=DIRECTION('',(0.,-1.,0.));
#8919=DIRECTION('',(0.,0.,-1.));
#8920=DIRECTION('',(-0.998507803482829,0.,-0.0546092151920958));
#8921=DIRECTION('',(0.,1.,0.));
#8922=DIRECTION('',(0.,0.,1.));
#8923=DIRECTION('',(0.,-1.,0.));
#8924=DIRECTION('',(0.,0.,-1.));
#8925=DIRECTION('',(0.,1.,0.));
#8926=DIRECTION('',(0.,0.,1.));
#8927=DIRECTION('',(-0.999626881261911,0.,-0.0273147992594716));
#8928=DIRECTION('',(0.,-1.,0.));
#8929=DIRECTION('',(0.,0.,-1.));
#8930=DIRECTION('',(-0.999626881261911,0.,-0.0273147992594716));
#8931=DIRECTION('',(0.,1.,0.));
#8932=DIRECTION('',(0.,0.,1.));
#8933=DIRECTION('',(0.,-1.,0.));
#8934=DIRECTION('',(0.,0.,-1.));
#8935=DIRECTION('',(0.,1.,0.));
#8936=DIRECTION('',(0.,0.,1.));
#8937=DIRECTION('',(-1.,0.,1.43773881688958E-14));
#8938=DIRECTION('',(0.,-1.,0.));
#8939=DIRECTION('',(0.,0.,-1.));
#8940=DIRECTION('',(-1.,0.,1.43773881688958E-14));
#8941=DIRECTION('',(0.,1.,0.));
#8942=DIRECTION('',(0.,0.,1.));
#8943=DIRECTION('',(0.,-1.,0.));
#8944=DIRECTION('',(0.,0.,-1.));
#8945=DIRECTION('',(0.,1.,0.));
#8946=DIRECTION('',(0.,0.,1.));
#8947=DIRECTION('',(-0.99962688126191,0.,0.0273147992595001));
#8948=DIRECTION('',(0.,-1.,0.));
#8949=DIRECTION('',(0.,0.,-1.));
#8950=DIRECTION('',(-0.99962688126191,0.,0.0273147992595001));
#8951=DIRECTION('',(0.,1.,0.));
#8952=DIRECTION('',(0.,0.,1.));
#8953=DIRECTION('',(0.,-1.,0.));
#8954=DIRECTION('',(0.,0.,-1.));
#8955=DIRECTION('',(0.,1.,0.));
#8956=DIRECTION('',(0.,0.,1.));
#8957=DIRECTION('',(-0.998507803482827,0.,0.0546092151921243));
#8958=DIRECTION('',(0.,-1.,0.));
#8959=DIRECTION('',(0.,0.,-1.));
#8960=DIRECTION('',(-0.998507803482827,0.,0.0546092151921243));
#8961=DIRECTION('',(0.,1.,0.));
#8962=DIRECTION('',(0.,0.,1.));
#8963=DIRECTION('',(0.,-1.,0.));
#8964=DIRECTION('',(0.,0.,-1.));
#8965=DIRECTION('',(0.,1.,0.));
#8966=DIRECTION('',(0.,0.,1.));
#8967=DIRECTION('',(-0.996643601760528,0.,0.0818628796818275));
#8968=DIRECTION('',(0.,-1.,0.));
#8969=DIRECTION('',(0.,0.,-1.));
#8970=DIRECTION('',(-0.996643601760528,0.,0.0818628796818275));
#8971=DIRECTION('',(0.,1.,0.));
#8972=DIRECTION('',(0.,0.,1.));
#8973=DIRECTION('',(0.,-1.,0.));
#8974=DIRECTION('',(0.,0.,-1.));
#8975=DIRECTION('',(0.,1.,0.));
#8976=DIRECTION('',(0.,0.,1.));
#8977=DIRECTION('',(-0.994035667232202,0.,0.109055455022804));
#8978=DIRECTION('',(0.,-1.,0.));
#8979=DIRECTION('',(0.,0.,-1.));
#8980=DIRECTION('',(-0.994035667232202,0.,0.109055455022804));
#8981=DIRECTION('',(0.,1.,0.));
#8982=DIRECTION('',(0.,0.,1.));
#8983=DIRECTION('',(0.,-1.,0.));
#8984=DIRECTION('',(0.,0.,-1.));
#8985=DIRECTION('',(0.,1.,0.));
#8986=DIRECTION('',(0.,0.,1.));
#8987=DIRECTION('',(-0.990685946036329,0.,0.136166649096261));
#8988=DIRECTION('',(0.,-1.,0.));
#8989=DIRECTION('',(0.,0.,-1.));
#8990=DIRECTION('',(-0.990685946036329,0.,0.136166649096261));
#8991=DIRECTION('',(0.,1.,0.));
#8992=DIRECTION('',(0.,0.,1.));
#8993=DIRECTION('',(0.,-1.,0.));
#8994=DIRECTION('',(0.,0.,-1.));
#8995=DIRECTION('',(0.,1.,0.));
#8996=DIRECTION('',(0.,0.,1.));
#8997=DIRECTION('',(-0.9865969378604,0.,0.163176230513156));
#8998=DIRECTION('',(0.,-1.,0.));
#8999=DIRECTION('',(0.,0.,-1.));
#9000=DIRECTION('',(-0.9865969378604,0.,0.163176230513156));
#9001=DIRECTION('',(0.,1.,0.));
#9002=DIRECTION('',(0.,0.,1.));
#9003=DIRECTION('',(0.,-1.,0.));
#9004=DIRECTION('',(0.,0.,-1.));
#9005=DIRECTION('',(0.,1.,0.));
#9006=DIRECTION('',(0.,0.,1.));
#9007=DIRECTION('',(-0.981771694075556,0.,0.190064043711621));
#9008=DIRECTION('',(0.,-1.,0.));
#9009=DIRECTION('',(0.,0.,-1.));
#9010=DIRECTION('',(-0.981771694075556,0.,0.190064043711621));
#9011=DIRECTION('',(0.,1.,0.));
#9012=DIRECTION('',(0.,0.,1.));
#9013=DIRECTION('',(0.,-1.,0.));
#9014=DIRECTION('',(0.,0.,-1.));
#9015=DIRECTION('',(0.,1.,0.));
#9016=DIRECTION('',(0.,0.,1.));
#9017=DIRECTION('',(-0.976213815459542,0.,0.216810023997795));
#9018=DIRECTION('',(0.,-1.,0.));
#9019=DIRECTION('',(0.,0.,-1.));
#9020=DIRECTION('',(-0.976213815459542,0.,0.216810023997795));
#9021=DIRECTION('',(0.,1.,0.));
#9022=DIRECTION('',(0.,0.,1.));
#9023=DIRECTION('',(0.,-1.,0.));
#9024=DIRECTION('',(0.,0.,-1.));
#9025=DIRECTION('',(0.,1.,0.));
#9026=DIRECTION('',(0.,0.,1.));
#9027=DIRECTION('',(-0.969927449509668,0.,0.243394212518849));
#9028=DIRECTION('',(0.,-1.,0.));
#9029=DIRECTION('',(0.,0.,-1.));
#9030=DIRECTION('',(-0.969927449509668,0.,0.243394212518849));
#9031=DIRECTION('',(0.,1.,0.));
#9032=DIRECTION('',(0.,0.,1.));
#9033=DIRECTION('',(0.,-1.,0.));
#9034=DIRECTION('',(0.,0.,-1.));
#9035=DIRECTION('',(0.,1.,0.));
#9036=DIRECTION('',(0.,0.,1.));
#9037=DIRECTION('',(-0.962917287347795,0.,0.269796771157038));
#9038=DIRECTION('',(0.,-1.,0.));
#9039=DIRECTION('',(0.,0.,-1.));
#9040=DIRECTION('',(-0.962917287347795,0.,0.269796771157038));
#9041=DIRECTION('',(0.,1.,0.));
#9042=DIRECTION('',(0.,0.,1.));
#9043=DIRECTION('',(0.,-1.,0.));
#9044=DIRECTION('',(0.,0.,-1.));
#9045=DIRECTION('',(0.,1.,0.));
#9046=DIRECTION('',(0.,0.,1.));
#9047=DIRECTION('',(-0.955188560219644,0.,0.295997997333637));
#9048=DIRECTION('',(0.,-1.,0.));
#9049=DIRECTION('',(0.,0.,-1.));
#9050=DIRECTION('',(-0.955188560219644,0.,0.295997997333637));
#9051=DIRECTION('',(0.,1.,0.));
#9052=DIRECTION('',(0.,0.,1.));
#9053=DIRECTION('',(0.,-1.,0.));
#9054=DIRECTION('',(0.,0.,-1.));
#9055=DIRECTION('',(0.,1.,0.));
#9056=DIRECTION('',(0.,0.,1.));
#9057=DIRECTION('',(-0.946747035591039,0.,0.321978338711751));
#9058=DIRECTION('',(0.,-1.,0.));
#9059=DIRECTION('',(0.,0.,-1.));
#9060=DIRECTION('',(-0.946747035591039,0.,0.321978338711751));
#9061=DIRECTION('',(0.,1.,0.));
#9062=DIRECTION('',(0.,0.,1.));
#9063=DIRECTION('',(0.,-1.,0.));
#9064=DIRECTION('',(0.,0.,-1.));
#9065=DIRECTION('',(0.,1.,0.));
#9066=DIRECTION('',(0.,0.,1.));
#9067=DIRECTION('',(-0.937599012844015,0.,0.347718407787002));
#9068=DIRECTION('',(0.,-1.,0.));
#9069=DIRECTION('',(0.,0.,-1.));
#9070=DIRECTION('',(-0.937599012844015,0.,0.347718407787002));
#9071=DIRECTION('',(0.,1.,0.));
#9072=DIRECTION('',(0.,0.,1.));
#9073=DIRECTION('',(0.,-1.,0.));
#9074=DIRECTION('',(0.,0.,-1.));
#9075=DIRECTION('',(0.,1.,0.));
#9076=DIRECTION('',(0.,0.,1.));
#9077=DIRECTION('',(-0.927751318575979,0.,0.373198996355204));
#9078=DIRECTION('',(0.,-1.,0.));
#9079=DIRECTION('',(0.,0.,-1.));
#9080=DIRECTION('',(-0.927751318575979,0.,0.373198996355204));
#9081=DIRECTION('',(0.,1.,0.));
#9082=DIRECTION('',(0.,0.,1.));
#9083=DIRECTION('',(0.,-1.,0.));
#9084=DIRECTION('',(0.,0.,-1.));
#9085=DIRECTION('',(0.,1.,0.));
#9086=DIRECTION('',(0.,0.,1.));
#9087=DIRECTION('',(-0.917211301505447,0.,0.398401089846254));
#9088=DIRECTION('',(0.,-1.,0.));
#9089=DIRECTION('',(0.,0.,-1.));
#9090=DIRECTION('',(-0.917211301505447,0.,0.398401089846254));
#9091=DIRECTION('',(0.,1.,0.));
#9092=DIRECTION('',(0.,0.,1.));
#9093=DIRECTION('',(0.,-1.,0.));
#9094=DIRECTION('',(0.,0.,-1.));
#9095=DIRECTION('',(0.,1.,0.));
#9096=DIRECTION('',(0.,0.,1.));
#9097=DIRECTION('',(-0.905986826988157,0.,0.423305881513511));
#9098=DIRECTION('',(0.,-1.,0.));
#9099=DIRECTION('',(0.,0.,-1.));
#9100=DIRECTION('',(-0.905986826988157,0.,0.423305881513511));
#9101=DIRECTION('',(0.,1.,0.));
#9102=DIRECTION('',(0.,0.,1.));
#9103=DIRECTION('',(0.,-1.,0.));
#9104=DIRECTION('',(0.,0.,-1.));
#9105=DIRECTION('',(0.,1.,0.));
#9106=DIRECTION('',(0.,0.,1.));
#9107=DIRECTION('',(-0.894086271147645,0.,0.447894786468095));
#9108=DIRECTION('',(0.,-1.,0.));
#9109=DIRECTION('',(0.,0.,-1.));
#9110=DIRECTION('',(-0.894086271147645,0.,0.447894786468095));
#9111=DIRECTION('',(0.,1.,0.));
#9112=DIRECTION('',(0.,0.,1.));
#9113=DIRECTION('',(0.,-1.,0.));
#9114=DIRECTION('',(0.,0.,-1.));
#9115=DIRECTION('',(0.,1.,0.));
#9116=DIRECTION('',(0.,0.,1.));
#9117=DIRECTION('',(-0.881518514624665,0.,0.472149455547631));
#9118=DIRECTION('',(0.,-1.,0.));
#9119=DIRECTION('',(0.,0.,-1.));
#9120=DIRECTION('',(-0.881518514624665,0.,0.472149455547631));
#9121=DIRECTION('',(0.,1.,0.));
#9122=DIRECTION('',(0.,0.,1.));
#9123=DIRECTION('',(0.,-1.,0.));
#9124=DIRECTION('',(0.,0.,-1.));
#9125=DIRECTION('',(0.,1.,0.));
#9126=DIRECTION('',(0.,0.,1.));
#9127=DIRECTION('',(-0.868292935950127,0.,0.496051789009081));
#9128=DIRECTION('',(0.,-1.,0.));
#9129=DIRECTION('',(0.,0.,-1.));
#9130=DIRECTION('',(-0.868292935950127,0.,0.496051789009081));
#9131=DIRECTION('',(0.,1.,0.));
#9132=DIRECTION('',(0.,0.,1.));
#9133=DIRECTION('',(0.,-1.,0.));
#9134=DIRECTION('',(0.,0.,-1.));
#9135=DIRECTION('',(0.,1.,0.));
#9136=DIRECTION('',(0.,0.,1.));
#9137=DIRECTION('',(-0.854419404546481,0.,0.519583950035446));
#9138=DIRECTION('',(0.,-1.,0.));
#9139=DIRECTION('',(0.,0.,-1.));
#9140=DIRECTION('',(-0.854419404546481,0.,0.519583950035446));
#9141=DIRECTION('',(0.,1.,0.));
#9142=DIRECTION('',(0.,0.,1.));
#9143=DIRECTION('',(0.,-1.,0.));
#9144=DIRECTION('',(0.,0.,-1.));
#9145=DIRECTION('',(0.,1.,0.));
#9146=DIRECTION('',(0.,0.,1.));
#9147=DIRECTION('',(-0.866025403784439,0.,0.5));
#9148=DIRECTION('',(0.899301071131011,0.,-0.437330062381511));
#9149=DIRECTION('',(0.,-1.,0.));
#9150=DIRECTION('',(0.,0.,-1.));
#9151=DIRECTION('',(-1.,0.,-1.81270962502392E-16));
#9152=DIRECTION('',(0.,-1.,0.));
#9153=DIRECTION('',(0.,0.,-1.));
#9154=DIRECTION('',(-0.640826712280639,0.,0.76768556377438));
#9155=DIRECTION('',(0.,-1.,0.));
#9156=DIRECTION('',(0.,0.,-1.));
#9157=DIRECTION('',(0.,-1.,0.));
#9158=DIRECTION('',(0.,0.,-1.));
#9159=DIRECTION('',(0.,0.,-1.));
#9160=DIRECTION('',(0.,-1.,0.));
#9161=DIRECTION('',(0.,0.,-1.));
#9162=DIRECTION('',(0.999999038288399,0.,0.00138687500441659));
#9163=DIRECTION('',(0.999999038288399,0.,0.00138687500441643));
#9164=DIRECTION('',(0.,-1.,0.));
#9165=DIRECTION('',(0.,0.,-1.));
#9166=DIRECTION('',(0.864280024078789,0.,0.503010974013856));
#9167=DIRECTION('',(0.,-1.,0.));
#9168=DIRECTION('',(0.,0.,-1.));
#9169=DIRECTION('',(0.,-1.,0.));
#9170=DIRECTION('',(0.,0.,-1.));
#9171=DIRECTION('',(0.,-1.,0.));
#9172=DIRECTION('',(0.,0.,-1.));
#9173=DIRECTION('',(0.560708270732031,0.,-0.828013426903632));
#9174=DIRECTION('',(0.,-1.,0.));
#9175=DIRECTION('',(0.,0.,-1.));
#9176=DIRECTION('',(0.899301071131011,0.,-0.437330062381511));
#9177=DIRECTION('',(0.,-1.,0.));
#9178=DIRECTION('',(0.,0.,-1.));
#9179=DIRECTION('',(0.422618261740699,0.,0.90630778703665));
#9180=DIRECTION('',(0.,-1.,0.));
#9181=DIRECTION('',(0.,0.,-1.));
#9182=DIRECTION('',(0.,0.,-1.));
#9183=DIRECTION('',(0.,-1.,0.));
#9184=DIRECTION('',(0.,0.,-1.));
#9185=DIRECTION('',(0.,-1.,0.));
#9186=DIRECTION('',(0.,0.,-1.));
#9187=DIRECTION('',(0.,-1.,0.));
#9188=DIRECTION('',(0.,0.,-1.));
#9189=DIRECTION('',(0.,-1.,0.));
#9190=DIRECTION('',(0.,0.,-1.));
#9191=DIRECTION('',(0.916697468265963,0.,0.399581971158327));
#9192=DIRECTION('',(0.,-1.,0.));
#9193=DIRECTION('',(0.,0.,-1.));
#9194=DIRECTION('',(0.4226182617407,0.,0.90630778703665));
#9195=DIRECTION('',(0.,-1.,0.));
#9196=DIRECTION('',(0.,0.,-1.));
#9197=DIRECTION('',(0.899301071131011,0.,-0.437330062381511));
#9198=DIRECTION('',(0.,-1.,0.));
#9199=DIRECTION('',(0.,0.,-1.));
#9200=DIRECTION('',(0.422618261740699,0.,0.90630778703665));
#9201=DIRECTION('',(0.,-1.,0.));
#9202=DIRECTION('',(0.,0.,-1.));
#9203=DIRECTION('',(0.,-1.,0.));
#9204=DIRECTION('',(0.,0.,-1.));
#9205=DIRECTION('',(0.,-1.,0.));
#9206=DIRECTION('',(0.,0.,-1.));
#9207=DIRECTION('',(0.489467078638481,0.,-0.872021776636978));
#9208=DIRECTION('',(0.,-1.,0.));
#9209=DIRECTION('',(0.,0.,-1.));
#9210=DIRECTION('',(0.,-1.,0.));
#9211=DIRECTION('',(0.,0.,-1.));
#9212=DIRECTION('',(0.,0.,-1.));
#9213=DIRECTION('',(0.,-1.,0.));
#9214=DIRECTION('',(0.,0.,-1.));
#9215=DIRECTION('',(0.999999038288399,0.,0.0013868750044166));
#9216=DIRECTION('',(0.,-1.,0.));
#9217=DIRECTION('',(0.,0.,-1.));
#9218=DIRECTION('',(-0.880257999725387,0.,0.474495367648053));
#9219=DIRECTION('',(0.,-1.,0.));
#9220=DIRECTION('',(0.,0.,-1.));
#9221=DIRECTION('',(0.,-1.,0.));
#9222=DIRECTION('',(0.,0.,-1.));
#9223=DIRECTION('',(0.,-1.,0.));
#9224=DIRECTION('',(0.,0.,-1.));
#9225=DIRECTION('',(-0.591947165079645,0.,0.805976769984205));
#9226=DIRECTION('',(0.,-1.,0.));
#9227=DIRECTION('',(0.,0.,-1.));
#9228=DIRECTION('',(0.999999038288399,0.,0.00138687500441659));
#9229=DIRECTION('',(0.,-1.,0.));
#9230=DIRECTION('',(0.,0.,-1.));
#9231=DIRECTION('',(0.96610553005915,0.,0.258147447767992));
#9232=DIRECTION('',(0.,-1.,0.));
#9233=DIRECTION('',(0.,0.,-1.));
#9234=DIRECTION('',(-0.00452479447612856,0.,0.999989763065077));
#9235=DIRECTION('',(0.,-1.,0.));
#9236=DIRECTION('',(0.,0.,-1.));
#9237=DIRECTION('',(0.,-1.,0.));
#9238=DIRECTION('',(0.,0.,-1.));
#9239=DIRECTION('',(0.,-1.,0.));
#9240=DIRECTION('',(0.,0.,-1.));
#9241=DIRECTION('',(0.,-1.,0.));
#9242=DIRECTION('',(0.,0.,-1.));
#9243=DIRECTION('',(0.,-1.,0.));
#9244=DIRECTION('',(0.,0.,-1.));
#9245=DIRECTION('',(0.,-1.,0.));
#9246=DIRECTION('',(0.,0.,-1.));
#9247=DIRECTION('',(0.,-1.,0.));
#9248=DIRECTION('',(0.,0.,-1.));
#9249=DIRECTION('',(0.,-1.,0.));
#9250=DIRECTION('',(0.,0.,-1.));
#9251=DIRECTION('',(0.,-1.,0.));
#9252=DIRECTION('',(0.,0.,-1.));
#9253=DIRECTION('',(0.,-1.,0.));
#9254=DIRECTION('',(0.,0.,-1.));
#9255=DIRECTION('',(0.,-1.,0.));
#9256=DIRECTION('',(0.,0.,-1.));
#9257=DIRECTION('',(0.763546742646893,0.,0.645752562359081));
#9258=DIRECTION('',(0.,-1.,0.));
#9259=DIRECTION('',(0.,0.,-1.));
#9260=DIRECTION('',(0.,-1.,0.));
#9261=DIRECTION('',(0.,0.,-1.));
#9262=DIRECTION('',(0.,-1.,0.));
#9263=DIRECTION('',(0.,0.,-1.));
#9264=DIRECTION('',(0.424345802636688,0.,-0.905500215231684));
#9265=DIRECTION('',(0.,-1.,0.));
#9266=DIRECTION('',(0.,0.,-1.));
#9267=DIRECTION('',(-0.839300689764237,0.,0.54366750147611));
#9268=DIRECTION('',(0.,-1.,0.));
#9269=DIRECTION('',(0.,0.,-1.));
#9270=DIRECTION('',(0.,-1.,0.));
#9271=DIRECTION('',(0.,0.,-1.));
#9272=DIRECTION('',(0.,-1.,0.));
#9273=DIRECTION('',(0.,0.,-1.));
#9274=DIRECTION('',(0.,-1.,0.));
#9275=DIRECTION('',(0.,0.,-1.));
#9276=DIRECTION('',(0.,-1.,0.));
#9277=DIRECTION('',(0.,0.,-1.));
#9278=DIRECTION('',(0.,-1.,0.));
#9279=DIRECTION('',(0.,0.,-1.));
#9280=DIRECTION('',(0.916697468265963,0.,0.399581971158327));
#9281=DIRECTION('',(0.,-1.,0.));
#9282=DIRECTION('',(0.,0.,-1.));
#9283=DIRECTION('',(0.489467078638481,0.,-0.872021776636978));
#9284=DIRECTION('',(0.,-1.,0.));
#9285=DIRECTION('',(0.,0.,-1.));
#9286=DIRECTION('',(0.,0.,-1.));
#9287=DIRECTION('',(0.,-1.,0.));
#9288=DIRECTION('',(0.,0.,-1.));
#9289=DIRECTION('',(0.999999038288399,0.,0.00138687500441648));
#9290=DIRECTION('',(0.,-1.,0.));
#9291=DIRECTION('',(0.,0.,-1.));
#9292=DIRECTION('',(0.,0.,-1.));
#9293=DIRECTION('',(0.,-1.,0.));
#9294=DIRECTION('',(0.,0.,-1.));
#9295=DIRECTION('',(0.,-1.,0.));
#9296=DIRECTION('',(0.,0.,-1.));
#9297=DIRECTION('',(0.916697468265963,0.,0.399581971158327));
#9298=DIRECTION('',(0.,-1.,0.));
#9299=DIRECTION('',(0.,0.,-1.));
#9300=DIRECTION('',(0.,-1.,0.));
#9301=DIRECTION('',(0.,0.,-1.));
#9302=DIRECTION('',(0.,-1.,0.));
#9303=DIRECTION('',(0.,0.,-1.));
#9304=DIRECTION('',(-0.00452479447610932,0.,0.999989763065077));
#9305=DIRECTION('',(0.,-1.,0.));
#9306=DIRECTION('',(0.,0.,-1.));
#9307=DIRECTION('',(-0.92173533256839,0.,0.387819515619108));
#9308=DIRECTION('',(0.,-1.,0.));
#9309=DIRECTION('',(0.,0.,-1.));
#9310=DIRECTION('',(0.422618261740699,0.,0.90630778703665));
#9311=DIRECTION('',(0.,-1.,0.));
#9312=DIRECTION('',(0.,0.,-1.));
#9313=DIRECTION('',(0.901757460127105,0.,0.432242389296924));
#9314=DIRECTION('',(0.,-1.,0.));
#9315=DIRECTION('',(0.,0.,-1.));
#9316=DIRECTION('',(-0.640826712280639,0.,0.76768556377438));
#9317=DIRECTION('',(0.,-1.,0.));
#9318=DIRECTION('',(0.,0.,-1.));
#9319=DIRECTION('',(0.,0.,-1.));
#9320=DIRECTION('',(0.,-1.,0.));
#9321=DIRECTION('',(0.,0.,-1.));
#9322=DIRECTION('',(0.422618261740699,0.,0.90630778703665));
#9323=DIRECTION('',(0.,-1.,0.));
#9324=DIRECTION('',(0.,0.,-1.));
#9325=DIRECTION('',(0.,-1.,0.));
#9326=DIRECTION('',(0.,0.,-1.));
#9327=DIRECTION('',(0.901757460127105,0.,0.432242389296924));
#9328=DIRECTION('',(0.,-1.,0.));
#9329=DIRECTION('',(0.,0.,-1.));
#9330=DIRECTION('',(0.899301071131011,0.,-0.437330062381511));
#9331=DIRECTION('',(0.,-1.,0.));
#9332=DIRECTION('',(0.,0.,-1.));
#9333=DIRECTION('',(0.763546742646893,0.,0.645752562359081));
#9334=DIRECTION('',(0.,-1.,0.));
#9335=DIRECTION('',(0.,0.,-1.));
#9336=DIRECTION('',(-0.880257999725387,0.,0.474495367648053));
#9337=DIRECTION('',(0.,-1.,0.));
#9338=DIRECTION('',(0.,0.,-1.));
#9339=DIRECTION('',(0.,-1.,0.));
#9340=DIRECTION('',(0.,0.,-1.));
#9341=DIRECTION('',(0.,-1.,0.));
#9342=DIRECTION('',(0.,0.,-1.));
#9343=DIRECTION('',(0.272851070731037,0.,0.962056283800967));
#9344=DIRECTION('',(0.,-1.,0.));
#9345=DIRECTION('',(0.,0.,-1.));
#9346=DIRECTION('',(0.,-1.,0.));
#9347=DIRECTION('',(0.,0.,-1.));
#9348=DIRECTION('',(0.,-1.,0.));
#9349=DIRECTION('',(0.,0.,-1.));
#9350=DIRECTION('',(0.,-1.,0.));
#9351=DIRECTION('',(0.,0.,-1.));
#9352=DIRECTION('',(0.,-1.,0.));
#9353=DIRECTION('',(0.,0.,-1.));
#9354=DIRECTION('',(0.272851070731037,0.,0.962056283800967));
#9355=DIRECTION('',(0.,-1.,0.));
#9356=DIRECTION('',(0.,0.,-1.));
#9357=DIRECTION('',(0.916697468265963,0.,0.399581971158327));
#9358=DIRECTION('',(0.,-1.,0.));
#9359=DIRECTION('',(0.,0.,-1.));
#9360=DIRECTION('',(-0.489467078638481,0.,0.872021776636978));
#9361=DIRECTION('',(0.,-1.,0.));
#9362=DIRECTION('',(0.,0.,-1.));
#9363=DIRECTION('',(0.,-1.,0.));
#9364=DIRECTION('',(0.,0.,-1.));
#9365=DIRECTION('',(0.,1.,0.));
#9366=DIRECTION('',(0.,0.,1.));
#9367=DIRECTION('',(0.,1.,0.));
#9368=DIRECTION('',(0.,0.,1.));
#9369=DIRECTION('',(0.,1.,0.));
#9370=DIRECTION('',(0.,0.,1.));
#9371=DIRECTION('',(0.,1.,0.));
#9372=DIRECTION('',(0.,0.,1.));
#9373=DIRECTION('',(0.,1.,0.));
#9374=DIRECTION('',(0.,0.,1.));
#9375=DIRECTION('',(0.,1.,0.));
#9376=DIRECTION('',(0.,0.,1.));
#9377=DIRECTION('',(0.,1.,0.));
#9378=DIRECTION('',(0.,0.,1.));
#9379=DIRECTION('',(0.,1.,0.));
#9380=DIRECTION('',(0.,0.,1.));
#9381=DIRECTION('',(0.,1.,0.));
#9382=DIRECTION('',(0.,0.,1.));
#9383=DIRECTION('',(0.,-1.,0.));
#9384=DIRECTION('',(0.,0.,-1.));
#9385=DIRECTION('',(0.,1.,0.));
#9386=DIRECTION('',(0.,0.,1.));
#9387=DIRECTION('',(0.,1.,0.));
#9388=DIRECTION('',(0.,0.,1.));
#9389=DIRECTION('',(-0.422618261740696,0.,-0.906307787036652));
#9390=DIRECTION('',(0.,1.,0.));
#9391=DIRECTION('',(0.,0.,1.));
#9392=DIRECTION('',(0.,1.,0.));
#9393=DIRECTION('',(0.,0.,1.));
#9394=DIRECTION('',(0.,1.,0.));
#9395=DIRECTION('',(0.,0.,1.));
#9396=DIRECTION('',(0.,1.,0.));
#9397=DIRECTION('',(0.,0.,1.));
#9398=DIRECTION('',(0.,-1.,0.));
#9399=DIRECTION('',(0.,0.,1.));
#9400=DIRECTION('',(0.472646166115925,0.,-0.88125229171669));
#9401=DIRECTION('',(0.,1.,0.));
#9402=DIRECTION('',(0.,0.,1.));
#9403=DIRECTION('',(0.,1.,0.));
#9404=DIRECTION('',(0.,0.,1.));
#9405=DIRECTION('',(0.,1.,0.));
#9406=DIRECTION('',(0.,0.,1.));
#9407=DIRECTION('',(0.,1.,0.));
#9408=DIRECTION('',(0.,0.,1.));
#9409=DIRECTION('',(0.,1.,0.));
#9410=DIRECTION('',(0.,0.,1.));
#9411=DIRECTION('',(0.,1.,0.));
#9412=DIRECTION('',(0.,0.,1.));
#9413=DIRECTION('',(0.,1.,0.));
#9414=DIRECTION('',(0.,1.,0.));
#9415=DIRECTION('',(0.,1.,0.));
#9416=DIRECTION('',(0.,1.,0.));
#9417=DIRECTION('',(0.,1.,0.));
#9418=DIRECTION('',(0.,1.,0.));
#9419=DIRECTION('',(0.,1.,0.));
#9420=DIRECTION('',(1.,0.,0.));
#9421=DIRECTION('',(0.,1.,0.));
#9422=DIRECTION('',(0.,0.,1.));
#9423=DIRECTION('',(0.,1.,0.));
#9424=DIRECTION('',(0.,1.,0.));
#9425=DIRECTION('',(0.,1.,0.));
#9426=DIRECTION('',(1.,0.,0.));
#9427=DIRECTION('',(0.,1.,0.));
#9428=DIRECTION('',(0.,0.,1.));
#9429=DIRECTION('',(-1.81270962502392E-16,0.,1.));
#9430=DIRECTION('',(1.,0.,1.81270962502392E-16));
#9431=DIRECTION('',(0.,-1.,0.));
#9432=DIRECTION('',(-1.,0.,-1.81270962502392E-16));
#9433=DIRECTION('',(0.,1.,0.));
#9434=DIRECTION('',(0.,1.,0.));
#9435=DIRECTION('',(1.,0.,0.));
#9436=DIRECTION('',(0.,-1.,0.));
#9437=DIRECTION('',(0.,0.,-1.));
#9438=DIRECTION('',(0.,0.,-1.));
#9439=DIRECTION('',(0.,-1.,0.));
#9440=DIRECTION('',(0.,0.,-1.));
#9441=DIRECTION('',(-0.640826712280639,0.,0.76768556377438));
#9442=DIRECTION('',(0.,-1.,0.));
#9443=DIRECTION('',(0.,0.,-1.));
#9444=DIRECTION('',(0.901757460127105,0.,0.432242389296924));
#9445=DIRECTION('',(0.,-1.,0.));
#9446=DIRECTION('',(0.,0.,-1.));
#9447=DIRECTION('',(0.422618261740699,0.,0.90630778703665));
#9448=DIRECTION('',(0.,-1.,0.));
#9449=DIRECTION('',(0.,0.,-1.));
#9450=DIRECTION('',(0.,0.,-1.));
#9451=DIRECTION('',(0.,-1.,0.));
#9452=DIRECTION('',(0.,0.,-1.));
#9453=DIRECTION('',(0.,-1.,0.));
#9454=DIRECTION('',(0.,0.,-1.));
#9455=DIRECTION('',(0.489467078638481,0.,-0.872021776636978));
#9456=DIRECTION('',(0.,-1.,0.));
#9457=DIRECTION('',(0.,0.,-1.));
#9458=DIRECTION('',(0.999999038288399,0.,0.0013868750044166));
#9459=DIRECTION('',(0.,-1.,0.));
#9460=DIRECTION('',(0.,0.,-1.));
#9461=DIRECTION('',(0.,0.,-1.));
#9462=DIRECTION('',(0.,-1.,0.));
#9463=DIRECTION('',(0.,0.,-1.));
#9464=DIRECTION('',(0.489467078638481,0.,-0.872021776636978));
#9465=DIRECTION('',(0.,-1.,0.));
#9466=DIRECTION('',(0.,0.,-1.));
#9467=DIRECTION('',(0.916697468265963,0.,0.399581971158327));
#9468=DIRECTION('',(0.,-1.,0.));
#9469=DIRECTION('',(0.,0.,-1.));
#9470=DIRECTION('',(0.999999038288399,0.,0.00138687500441659));
#9471=DIRECTION('',(0.,-1.,0.));
#9472=DIRECTION('',(0.,0.,-1.));
#9473=DIRECTION('',(-0.591947165079645,0.,0.805976769984205));
#9474=DIRECTION('',(0.,-1.,0.));
#9475=DIRECTION('',(0.,0.,-1.));
#9476=DIRECTION('',(0.,-1.,0.));
#9477=DIRECTION('',(0.,0.,-1.));
#9478=DIRECTION('',(0.,-1.,0.));
#9479=DIRECTION('',(0.,0.,-1.));
#9480=DIRECTION('',(-0.880257999725387,0.,0.474495367648053));
#9481=DIRECTION('',(0.,-1.,0.));
#9482=DIRECTION('',(0.,0.,-1.));
#9483=DIRECTION('',(-0.00452479447612856,0.,0.999989763065077));
#9484=DIRECTION('',(0.,-1.,0.));
#9485=DIRECTION('',(0.,0.,-1.));
#9486=DIRECTION('',(0.96610553005915,0.,0.258147447767992));
#9487=DIRECTION('',(0.,-1.,0.));
#9488=DIRECTION('',(0.,0.,-1.));
#9489=DIRECTION('',(0.,-1.,0.));
#9490=DIRECTION('',(0.,0.,-1.));
#9491=DIRECTION('',(0.424345802636688,0.,-0.905500215231684));
#9492=DIRECTION('',(0.,-1.,0.));
#9493=DIRECTION('',(0.,0.,-1.));
#9494=DIRECTION('',(0.,-1.,0.));
#9495=DIRECTION('',(0.,0.,-1.));
#9496=DIRECTION('',(0.,-1.,0.));
#9497=DIRECTION('',(0.,0.,-1.));
#9498=DIRECTION('',(0.763546742646893,0.,0.645752562359081));
#9499=DIRECTION('',(0.,-1.,0.));
#9500=DIRECTION('',(0.,0.,-1.));
#9501=DIRECTION('',(0.,-1.,0.));
#9502=DIRECTION('',(0.,0.,-1.));
#9503=DIRECTION('',(0.,-1.,0.));
#9504=DIRECTION('',(0.,0.,-1.));
#9505=DIRECTION('',(0.,-1.,0.));
#9506=DIRECTION('',(0.,0.,-1.));
#9507=DIRECTION('',(0.,-1.,0.));
#9508=DIRECTION('',(0.,0.,-1.));
#9509=DIRECTION('',(0.,-1.,0.));
#9510=DIRECTION('',(0.,0.,-1.));
#9511=DIRECTION('',(0.,-1.,0.));
#9512=DIRECTION('',(0.,0.,-1.));
#9513=DIRECTION('',(-0.839300689764237,0.,0.54366750147611));
#9514=DIRECTION('',(0.,-1.,0.));
#9515=DIRECTION('',(0.,0.,-1.));
#9516=DIRECTION('',(0.,-1.,0.));
#9517=DIRECTION('',(0.,0.,-1.));
#9518=DIRECTION('',(0.,-1.,0.));
#9519=DIRECTION('',(0.,0.,-1.));
#9520=DIRECTION('',(0.,-1.,0.));
#9521=DIRECTION('',(0.,0.,-1.));
#9522=DIRECTION('',(0.,-1.,0.));
#9523=DIRECTION('',(0.,0.,-1.));
#9524=DIRECTION('',(0.,-1.,0.));
#9525=DIRECTION('',(0.,0.,-1.));
#9526=DIRECTION('',(0.,-1.,0.));
#9527=DIRECTION('',(0.,0.,-1.));
#9528=DIRECTION('',(0.,-1.,0.));
#9529=DIRECTION('',(0.,0.,-1.));
#9530=DIRECTION('',(-0.92173533256839,0.,0.387819515619108));
#9531=DIRECTION('',(0.,-1.,0.));
#9532=DIRECTION('',(0.,0.,-1.));
#9533=DIRECTION('',(-0.00452479447610932,0.,0.999989763065077));
#9534=DIRECTION('',(0.,-1.,0.));
#9535=DIRECTION('',(0.,0.,-1.));
#9536=DIRECTION('',(0.,-1.,0.));
#9537=DIRECTION('',(0.,0.,-1.));
#9538=DIRECTION('',(0.,-1.,0.));
#9539=DIRECTION('',(0.,0.,-1.));
#9540=DIRECTION('',(0.916697468265963,0.,0.399581971158327));
#9541=DIRECTION('',(0.,-1.,0.));
#9542=DIRECTION('',(0.,0.,-1.));
#9543=DIRECTION('',(0.,-1.,0.));
#9544=DIRECTION('',(0.,0.,-1.));
#9545=DIRECTION('',(0.,0.,-1.));
#9546=DIRECTION('',(0.,-1.,0.));
#9547=DIRECTION('',(0.,0.,-1.));
#9548=DIRECTION('',(0.999999038288399,0.,0.00138687500441648));
#9549=DIRECTION('',(0.,-1.,0.));
#9550=DIRECTION('',(0.,0.,-1.));
#9551=DIRECTION('',(0.899301071131011,0.,-0.437330062381511));
#9552=DIRECTION('',(0.,-1.,0.));
#9553=DIRECTION('',(0.,0.,-1.));
#9554=DIRECTION('',(0.4226182617407,0.,0.90630778703665));
#9555=DIRECTION('',(0.,-1.,0.));
#9556=DIRECTION('',(0.,0.,-1.));
#9557=DIRECTION('',(0.916697468265963,0.,0.399581971158327));
#9558=DIRECTION('',(0.,-1.,0.));
#9559=DIRECTION('',(0.,0.,-1.));
#9560=DIRECTION('',(0.,-1.,0.));
#9561=DIRECTION('',(0.,0.,-1.));
#9562=DIRECTION('',(0.,-1.,0.));
#9563=DIRECTION('',(0.,0.,-1.));
#9564=DIRECTION('',(0.,-1.,0.));
#9565=DIRECTION('',(0.,0.,-1.));
#9566=DIRECTION('',(0.,-1.,0.));
#9567=DIRECTION('',(0.,0.,-1.));
#9568=DIRECTION('',(0.422618261740699,0.,0.90630778703665));
#9569=DIRECTION('',(0.,-1.,0.));
#9570=DIRECTION('',(0.,0.,-1.));
#9571=DIRECTION('',(0.864280024078789,0.,0.503010974013856));
#9572=DIRECTION('',(0.,-1.,0.));
#9573=DIRECTION('',(0.,0.,-1.));
#9574=DIRECTION('',(0.999999038288399,0.,0.00138687500441643));
#9575=DIRECTION('',(0.,-1.,0.));
#9576=DIRECTION('',(0.,0.,-1.));
#9577=DIRECTION('',(0.,0.,-1.));
#9578=DIRECTION('',(0.,-1.,0.));
#9579=DIRECTION('',(0.,0.,-1.));
#9580=DIRECTION('',(0.422618261740699,0.,0.90630778703665));
#9581=DIRECTION('',(0.,-1.,0.));
#9582=DIRECTION('',(0.,0.,-1.));
#9583=DIRECTION('',(0.899301071131011,0.,-0.437330062381511));
#9584=DIRECTION('',(0.,-1.,0.));
#9585=DIRECTION('',(0.,0.,-1.));
#9586=DIRECTION('',(0.560708270732031,0.,-0.828013426903632));
#9587=DIRECTION('',(0.,-1.,0.));
#9588=DIRECTION('',(0.,0.,-1.));
#9589=DIRECTION('',(0.,-1.,0.));
#9590=DIRECTION('',(0.,0.,-1.));
#9591=DIRECTION('',(0.,-1.,0.));
#9592=DIRECTION('',(0.,0.,-1.));
#9593=DIRECTION('',(0.,-1.,0.));
#9594=DIRECTION('',(0.,0.,-1.));
#9595=DIRECTION('',(0.,0.,-1.));
#9596=DIRECTION('',(0.,-1.,0.));
#9597=DIRECTION('',(0.,0.,-1.));
#9598=DIRECTION('',(0.,-1.,0.));
#9599=DIRECTION('',(0.,0.,-1.));
#9600=DIRECTION('',(-0.640826712280639,0.,0.76768556377438));
#9601=DIRECTION('',(0.,-1.,0.));
#9602=DIRECTION('',(0.,0.,-1.));
#9603=DIRECTION('',(0.999999038288399,0.,0.00138687500441659));
#9604=DIRECTION('',(0.899301071131011,0.,-0.437330062381511));
#9605=DIRECTION('',(0.,-1.,0.));
#9606=DIRECTION('',(0.,0.,-1.));
#9607=DIRECTION('',(0.901757460127105,0.,0.432242389296924));
#9608=DIRECTION('',(0.,-1.,0.));
#9609=DIRECTION('',(0.,0.,-1.));
#9610=DIRECTION('',(0.,-1.,0.));
#9611=DIRECTION('',(0.,0.,-1.));
#9612=DIRECTION('',(0.422618261740699,0.,0.90630778703665));
#9613=DIRECTION('',(0.,-1.,0.));
#9614=DIRECTION('',(0.,0.,-1.));
#9615=DIRECTION('',(0.,-1.,0.));
#9616=DIRECTION('',(0.,0.,-1.));
#9617=DIRECTION('',(0.,-1.,0.));
#9618=DIRECTION('',(0.,0.,-1.));
#9619=DIRECTION('',(0.,-1.,0.));
#9620=DIRECTION('',(0.,0.,-1.));
#9621=DIRECTION('',(-0.880257999725387,0.,0.474495367648053));
#9622=DIRECTION('',(0.,-1.,0.));
#9623=DIRECTION('',(0.,0.,-1.));
#9624=DIRECTION('',(0.763546742646893,0.,0.645752562359081));
#9625=DIRECTION('',(0.,-1.,0.));
#9626=DIRECTION('',(0.,0.,-1.));
#9627=DIRECTION('',(0.,-1.,0.));
#9628=DIRECTION('',(0.,0.,-1.));
#9629=DIRECTION('',(0.,-1.,0.));
#9630=DIRECTION('',(0.,0.,-1.));
#9631=DIRECTION('',(0.272851070731037,0.,0.962056283800967));
#9632=DIRECTION('',(0.,-1.,0.));
#9633=DIRECTION('',(0.,0.,-1.));
#9634=DIRECTION('',(0.,-1.,0.));
#9635=DIRECTION('',(0.,0.,-1.));
#9636=DIRECTION('',(0.,-1.,0.));
#9637=DIRECTION('',(0.,0.,-1.));
#9638=DIRECTION('',(0.,-1.,0.));
#9639=DIRECTION('',(0.,0.,-1.));
#9640=DIRECTION('',(-0.489467078638481,0.,0.872021776636978));
#9641=DIRECTION('',(0.,-1.,0.));
#9642=DIRECTION('',(0.,0.,-1.));
#9643=DIRECTION('',(0.916697468265963,0.,0.399581971158327));
#9644=DIRECTION('',(0.,-1.,0.));
#9645=DIRECTION('',(0.,0.,-1.));
#9646=DIRECTION('',(0.272851070731037,0.,0.962056283800967));
#9647=DIRECTION('',(0.,-1.,0.));
#9648=DIRECTION('',(0.,0.,-1.));
#9649=DIRECTION('',(0.,1.,0.));
#9650=DIRECTION('',(0.,0.,1.));
#9651=DIRECTION('',(-1.,0.,-1.81270962502392E-16));
#9652=DIRECTION('',(0.,-1.,0.));
#9653=DIRECTION('',(0.,0.,-1.));
#9654=DIRECTION('',(0.899301071131011,0.,-0.437330062381511));
#9655=DIRECTION('',(-0.866025403784439,0.,0.5));
#9656=DIRECTION('',(0.,1.,0.));
#9657=DIRECTION('',(0.,0.,1.));
#9658=DIRECTION('',(0.,-1.,0.));
#9659=DIRECTION('',(0.,0.,-1.));
#9660=DIRECTION('',(0.,1.,0.));
#9661=DIRECTION('',(0.,0.,1.));
#9662=DIRECTION('',(-0.854419404546481,0.,0.519583950035446));
#9663=DIRECTION('',(0.,-1.,0.));
#9664=DIRECTION('',(0.,0.,-1.));
#9665=DIRECTION('',(-0.854419404546481,0.,0.519583950035446));
#9666=DIRECTION('',(0.,1.,0.));
#9667=DIRECTION('',(0.,0.,1.));
#9668=DIRECTION('',(0.,-1.,0.));
#9669=DIRECTION('',(0.,0.,-1.));
#9670=DIRECTION('',(0.,1.,0.));
#9671=DIRECTION('',(0.,0.,1.));
#9672=DIRECTION('',(-0.868292935950127,0.,0.496051789009081));
#9673=DIRECTION('',(0.,-1.,0.));
#9674=DIRECTION('',(0.,0.,-1.));
#9675=DIRECTION('',(-0.868292935950127,0.,0.496051789009081));
#9676=DIRECTION('',(0.,1.,0.));
#9677=DIRECTION('',(0.,0.,1.));
#9678=DIRECTION('',(0.,-1.,0.));
#9679=DIRECTION('',(0.,0.,-1.));
#9680=DIRECTION('',(0.,1.,0.));
#9681=DIRECTION('',(0.,0.,1.));
#9682=DIRECTION('',(-0.881518514624665,0.,0.472149455547631));
#9683=DIRECTION('',(0.,-1.,0.));
#9684=DIRECTION('',(0.,0.,-1.));
#9685=DIRECTION('',(-0.881518514624665,0.,0.472149455547631));
#9686=DIRECTION('',(0.,1.,0.));
#9687=DIRECTION('',(0.,0.,1.));
#9688=DIRECTION('',(0.,-1.,0.));
#9689=DIRECTION('',(0.,0.,-1.));
#9690=DIRECTION('',(0.,1.,0.));
#9691=DIRECTION('',(0.,0.,1.));
#9692=DIRECTION('',(-0.894086271147645,0.,0.447894786468095));
#9693=DIRECTION('',(0.,-1.,0.));
#9694=DIRECTION('',(0.,0.,-1.));
#9695=DIRECTION('',(-0.894086271147645,0.,0.447894786468095));
#9696=DIRECTION('',(0.,1.,0.));
#9697=DIRECTION('',(0.,0.,1.));
#9698=DIRECTION('',(0.,-1.,0.));
#9699=DIRECTION('',(0.,0.,-1.));
#9700=DIRECTION('',(0.,1.,0.));
#9701=DIRECTION('',(0.,0.,1.));
#9702=DIRECTION('',(-0.905986826988157,0.,0.423305881513511));
#9703=DIRECTION('',(0.,-1.,0.));
#9704=DIRECTION('',(0.,0.,-1.));
#9705=DIRECTION('',(-0.905986826988157,0.,0.423305881513511));
#9706=DIRECTION('',(0.,1.,0.));
#9707=DIRECTION('',(0.,0.,1.));
#9708=DIRECTION('',(0.,-1.,0.));
#9709=DIRECTION('',(0.,0.,-1.));
#9710=DIRECTION('',(0.,1.,0.));
#9711=DIRECTION('',(0.,0.,1.));
#9712=DIRECTION('',(-0.917211301505447,0.,0.398401089846254));
#9713=DIRECTION('',(0.,-1.,0.));
#9714=DIRECTION('',(0.,0.,-1.));
#9715=DIRECTION('',(-0.917211301505447,0.,0.398401089846254));
#9716=DIRECTION('',(0.,1.,0.));
#9717=DIRECTION('',(0.,0.,1.));
#9718=DIRECTION('',(0.,-1.,0.));
#9719=DIRECTION('',(0.,0.,-1.));
#9720=DIRECTION('',(0.,1.,0.));
#9721=DIRECTION('',(0.,0.,1.));
#9722=DIRECTION('',(-0.927751318575979,0.,0.373198996355204));
#9723=DIRECTION('',(0.,-1.,0.));
#9724=DIRECTION('',(0.,0.,-1.));
#9725=DIRECTION('',(-0.927751318575979,0.,0.373198996355204));
#9726=DIRECTION('',(0.,1.,0.));
#9727=DIRECTION('',(0.,0.,1.));
#9728=DIRECTION('',(0.,-1.,0.));
#9729=DIRECTION('',(0.,0.,-1.));
#9730=DIRECTION('',(0.,1.,0.));
#9731=DIRECTION('',(0.,0.,1.));
#9732=DIRECTION('',(-0.937599012844015,0.,0.347718407787002));
#9733=DIRECTION('',(0.,-1.,0.));
#9734=DIRECTION('',(0.,0.,-1.));
#9735=DIRECTION('',(-0.937599012844015,0.,0.347718407787002));
#9736=DIRECTION('',(0.,1.,0.));
#9737=DIRECTION('',(0.,0.,1.));
#9738=DIRECTION('',(0.,-1.,0.));
#9739=DIRECTION('',(0.,0.,-1.));
#9740=DIRECTION('',(0.,1.,0.));
#9741=DIRECTION('',(0.,0.,1.));
#9742=DIRECTION('',(-0.946747035591039,0.,0.321978338711751));
#9743=DIRECTION('',(0.,-1.,0.));
#9744=DIRECTION('',(0.,0.,-1.));
#9745=DIRECTION('',(-0.946747035591039,0.,0.321978338711751));
#9746=DIRECTION('',(0.,1.,0.));
#9747=DIRECTION('',(0.,0.,1.));
#9748=DIRECTION('',(0.,-1.,0.));
#9749=DIRECTION('',(0.,0.,-1.));
#9750=DIRECTION('',(0.,1.,0.));
#9751=DIRECTION('',(0.,0.,1.));
#9752=DIRECTION('',(-0.955188560219644,0.,0.295997997333637));
#9753=DIRECTION('',(0.,-1.,0.));
#9754=DIRECTION('',(0.,0.,-1.));
#9755=DIRECTION('',(-0.955188560219644,0.,0.295997997333637));
#9756=DIRECTION('',(0.,1.,0.));
#9757=DIRECTION('',(0.,0.,1.));
#9758=DIRECTION('',(0.,-1.,0.));
#9759=DIRECTION('',(0.,0.,-1.));
#9760=DIRECTION('',(0.,1.,0.));
#9761=DIRECTION('',(0.,0.,1.));
#9762=DIRECTION('',(-0.962917287347795,0.,0.269796771157038));
#9763=DIRECTION('',(0.,-1.,0.));
#9764=DIRECTION('',(0.,0.,-1.));
#9765=DIRECTION('',(-0.962917287347795,0.,0.269796771157038));
#9766=DIRECTION('',(0.,1.,0.));
#9767=DIRECTION('',(0.,0.,1.));
#9768=DIRECTION('',(0.,-1.,0.));
#9769=DIRECTION('',(0.,0.,-1.));
#9770=DIRECTION('',(0.,1.,0.));
#9771=DIRECTION('',(0.,0.,1.));
#9772=DIRECTION('',(-0.969927449509668,0.,0.243394212518849));
#9773=DIRECTION('',(0.,-1.,0.));
#9774=DIRECTION('',(0.,0.,-1.));
#9775=DIRECTION('',(-0.969927449509668,0.,0.243394212518849));
#9776=DIRECTION('',(0.,1.,0.));
#9777=DIRECTION('',(0.,0.,1.));
#9778=DIRECTION('',(0.,-1.,0.));
#9779=DIRECTION('',(0.,0.,-1.));
#9780=DIRECTION('',(0.,1.,0.));
#9781=DIRECTION('',(0.,0.,1.));
#9782=DIRECTION('',(-0.976213815459542,0.,0.216810023997795));
#9783=DIRECTION('',(0.,-1.,0.));
#9784=DIRECTION('',(0.,0.,-1.));
#9785=DIRECTION('',(-0.976213815459542,0.,0.216810023997795));
#9786=DIRECTION('',(0.,1.,0.));
#9787=DIRECTION('',(0.,0.,1.));
#9788=DIRECTION('',(0.,-1.,0.));
#9789=DIRECTION('',(0.,0.,-1.));
#9790=DIRECTION('',(0.,1.,0.));
#9791=DIRECTION('',(0.,0.,1.));
#9792=DIRECTION('',(-0.981771694075556,0.,0.190064043711621));
#9793=DIRECTION('',(0.,-1.,0.));
#9794=DIRECTION('',(0.,0.,-1.));
#9795=DIRECTION('',(-0.981771694075556,0.,0.190064043711621));
#9796=DIRECTION('',(0.,1.,0.));
#9797=DIRECTION('',(0.,0.,1.));
#9798=DIRECTION('',(0.,-1.,0.));
#9799=DIRECTION('',(0.,0.,-1.));
#9800=DIRECTION('',(0.,1.,0.));
#9801=DIRECTION('',(0.,0.,1.));
#9802=DIRECTION('',(-0.9865969378604,0.,0.163176230513156));
#9803=DIRECTION('',(0.,-1.,0.));
#9804=DIRECTION('',(0.,0.,-1.));
#9805=DIRECTION('',(-0.9865969378604,0.,0.163176230513156));
#9806=DIRECTION('',(0.,1.,0.));
#9807=DIRECTION('',(0.,0.,1.));
#9808=DIRECTION('',(0.,-1.,0.));
#9809=DIRECTION('',(0.,0.,-1.));
#9810=DIRECTION('',(0.,1.,0.));
#9811=DIRECTION('',(0.,0.,1.));
#9812=DIRECTION('',(-0.990685946036329,0.,0.136166649096261));
#9813=DIRECTION('',(0.,-1.,0.));
#9814=DIRECTION('',(0.,0.,-1.));
#9815=DIRECTION('',(-0.990685946036329,0.,0.136166649096261));
#9816=DIRECTION('',(0.,1.,0.));
#9817=DIRECTION('',(0.,0.,1.));
#9818=DIRECTION('',(0.,-1.,0.));
#9819=DIRECTION('',(0.,0.,-1.));
#9820=DIRECTION('',(0.,1.,0.));
#9821=DIRECTION('',(0.,0.,1.));
#9822=DIRECTION('',(-0.994035667232202,0.,0.109055455022804));
#9823=DIRECTION('',(0.,-1.,0.));
#9824=DIRECTION('',(0.,0.,-1.));
#9825=DIRECTION('',(-0.994035667232202,0.,0.109055455022804));
#9826=DIRECTION('',(0.,1.,0.));
#9827=DIRECTION('',(0.,0.,1.));
#9828=DIRECTION('',(0.,-1.,0.));
#9829=DIRECTION('',(0.,0.,-1.));
#9830=DIRECTION('',(0.,1.,0.));
#9831=DIRECTION('',(0.,0.,1.));
#9832=DIRECTION('',(-0.996643601760528,0.,0.0818628796818275));
#9833=DIRECTION('',(0.,-1.,0.));
#9834=DIRECTION('',(0.,0.,-1.));
#9835=DIRECTION('',(-0.996643601760528,0.,0.0818628796818275));
#9836=DIRECTION('',(0.,1.,0.));
#9837=DIRECTION('',(0.,0.,1.));
#9838=DIRECTION('',(0.,-1.,0.));
#9839=DIRECTION('',(0.,0.,-1.));
#9840=DIRECTION('',(0.,1.,0.));
#9841=DIRECTION('',(0.,0.,1.));
#9842=DIRECTION('',(-0.998507803482827,0.,0.0546092151921243));
#9843=DIRECTION('',(0.,-1.,0.));
#9844=DIRECTION('',(0.,0.,-1.));
#9845=DIRECTION('',(-0.998507803482827,0.,0.0546092151921243));
#9846=DIRECTION('',(0.,1.,0.));
#9847=DIRECTION('',(0.,0.,1.));
#9848=DIRECTION('',(0.,-1.,0.));
#9849=DIRECTION('',(0.,0.,-1.));
#9850=DIRECTION('',(0.,1.,0.));
#9851=DIRECTION('',(0.,0.,1.));
#9852=DIRECTION('',(-0.99962688126191,0.,0.0273147992595001));
#9853=DIRECTION('',(0.,-1.,0.));
#9854=DIRECTION('',(0.,0.,-1.));
#9855=DIRECTION('',(-0.99962688126191,0.,0.0273147992595001));
#9856=DIRECTION('',(0.,1.,0.));
#9857=DIRECTION('',(0.,0.,1.));
#9858=DIRECTION('',(0.,-1.,0.));
#9859=DIRECTION('',(0.,0.,-1.));
#9860=DIRECTION('',(0.,1.,0.));
#9861=DIRECTION('',(0.,0.,1.));
#9862=DIRECTION('',(-1.,0.,1.43773881688958E-14));
#9863=DIRECTION('',(0.,-1.,0.));
#9864=DIRECTION('',(0.,0.,-1.));
#9865=DIRECTION('',(-1.,0.,1.43773881688958E-14));
#9866=DIRECTION('',(0.,1.,0.));
#9867=DIRECTION('',(0.,0.,1.));
#9868=DIRECTION('',(0.,-1.,0.));
#9869=DIRECTION('',(0.,0.,-1.));
#9870=DIRECTION('',(0.,1.,0.));
#9871=DIRECTION('',(0.,0.,1.));
#9872=DIRECTION('',(-0.999626881261911,0.,-0.0273147992594716));
#9873=DIRECTION('',(0.,-1.,0.));
#9874=DIRECTION('',(0.,0.,-1.));
#9875=DIRECTION('',(-0.999626881261911,0.,-0.0273147992594716));
#9876=DIRECTION('',(0.,1.,0.));
#9877=DIRECTION('',(0.,0.,1.));
#9878=DIRECTION('',(0.,-1.,0.));
#9879=DIRECTION('',(0.,0.,-1.));
#9880=DIRECTION('',(0.,1.,0.));
#9881=DIRECTION('',(0.,0.,1.));
#9882=DIRECTION('',(-0.998507803482829,0.,-0.0546092151920958));
#9883=DIRECTION('',(0.,-1.,0.));
#9884=DIRECTION('',(0.,0.,-1.));
#9885=DIRECTION('',(-0.998507803482829,0.,-0.0546092151920958));
#9886=DIRECTION('',(0.,1.,0.));
#9887=DIRECTION('',(0.,0.,1.));
#9888=DIRECTION('',(0.,-1.,0.));
#9889=DIRECTION('',(0.,0.,-1.));
#9890=DIRECTION('',(0.,1.,0.));
#9891=DIRECTION('',(0.,0.,1.));
#9892=DIRECTION('',(-0.996643601760531,0.,-0.0818628796817988));
#9893=DIRECTION('',(0.,-1.,0.));
#9894=DIRECTION('',(0.,0.,-1.));
#9895=DIRECTION('',(-0.996643601760531,0.,-0.0818628796817988));
#9896=DIRECTION('',(0.,1.,0.));
#9897=DIRECTION('',(0.,0.,1.));
#9898=DIRECTION('',(-0.893781218625961,0.,-0.448503214293379));
#9899=DIRECTION('',(0.,-1.,0.));
#9900=DIRECTION('',(0.,0.,-1.));
#9901=DIRECTION('',(-0.999731735062673,0.,0.0231615610134214));
#9902=DIRECTION('',(0.796927257984365,0.,0.604075281303185));
#9903=DIRECTION('',(-1.81270962502392E-16,0.,1.));
#9904=DIRECTION('',(1.,0.,1.81270962502392E-16));
#9905=DIRECTION('',(0.,1.,0.));
#9906=DIRECTION('',(0.,-1.,0.));
#9907=DIRECTION('',(-0.437330062381511,0.,-0.899301071131011));
#9908=DIRECTION('',(-0.899301071131011,0.,0.437330062381511));
#9909=DIRECTION('',(0.,1.,0.));
#9910=DIRECTION('',(0.,1.,0.));
#9911=DIRECTION('',(0.5,0.,0.866025403784439));
#9912=DIRECTION('',(0.866025403784439,0.,-0.5));
#9913=DIRECTION('',(0.,1.,0.));
#9914=DIRECTION('',(0.,1.,0.));
#9915=DIRECTION('',(0.207138024291284,0.,0.978311728894581));
#9916=DIRECTION('',(0.,1.,0.));
#9917=DIRECTION('',(0.,1.,0.));
#9918=DIRECTION('',(0.,0.,-1.));
#9919=DIRECTION('',(0.,1.,0.));
#9920=DIRECTION('',(0.,1.,0.));
#9921=DIRECTION('',(-0.78416797123829,0.,-0.620548622497886));
#9922=DIRECTION('',(0.,1.,0.));
#9923=DIRECTION('',(0.,1.,0.));
#9924=DIRECTION('',(0.190207681940593,0.,0.981743875830548));
#9925=DIRECTION('',(0.,1.,0.));
#9926=DIRECTION('',(0.,1.,0.));
#9927=DIRECTION('',(0.,1.,0.));
#9928=DIRECTION('',(0.,0.,-1.));
#9929=DIRECTION('',(0.,1.,0.));
#9930=DIRECTION('',(0.,1.,0.));
#9931=DIRECTION('',(-0.766925222420101,0.,-0.641736474899065));
#9932=DIRECTION('',(0.,1.,0.));
#9933=DIRECTION('',(0.,1.,0.));
#9934=DIRECTION('',(0.16332057499777,0.,0.986573053444294));
#9935=DIRECTION('',(0.,1.,0.));
#9936=DIRECTION('',(0.,1.,0.));
#9937=DIRECTION('',(0.,1.,0.));
#9938=DIRECTION('',(0.,0.,-1.));
#9939=DIRECTION('',(0.,1.,0.));
#9940=DIRECTION('',(0.,1.,0.));
#9941=DIRECTION('',(-0.749110165259546,0.,-0.662445439492806));
#9942=DIRECTION('',(0.,1.,0.));
#9943=DIRECTION('',(0.,1.,0.));
#9944=DIRECTION('',(0.136311592121282,0.,0.990666013272567));
#9945=DIRECTION('',(0.,1.,0.));
#9946=DIRECTION('',(0.,1.,0.));
#9947=DIRECTION('',(0.,1.,0.));
#9948=DIRECTION('',(0.,0.,-1.));
#9949=DIRECTION('',(0.,1.,0.));
#9950=DIRECTION('',(0.,1.,0.));
#9951=DIRECTION('',(-0.730736094019879,0.,-0.682660062473681));
#9952=DIRECTION('',(0.,1.,0.));
#9953=DIRECTION('',(0.,1.,0.));
#9954=DIRECTION('',(0.109200888426265,0.,0.994019700995365));
#9955=DIRECTION('',(0.,1.,0.));
#9956=DIRECTION('',(0.,1.,0.));
#9957=DIRECTION('',(0.,1.,0.));
#9958=DIRECTION('',(0.,0.,-1.));
#9959=DIRECTION('',(0.,1.,0.));
#9960=DIRECTION('',(0.,1.,0.));
#9961=DIRECTION('',(-0.711816720121704,0.,-0.702365258932401));
#9962=DIRECTION('',(0.,1.,0.));
#9963=DIRECTION('',(0.,1.,0.));
#9964=DIRECTION('',(0.082008694935986,0.,0.996631613965208));
#9965=DIRECTION('',(0.,1.,0.));
#9966=DIRECTION('',(0.,1.,0.));
#9967=DIRECTION('',(0.,1.,0.));
#9968=DIRECTION('',(0.,0.,-1.));
#9969=DIRECTION('',(0.,1.,0.));
#9970=DIRECTION('',(0.,1.,0.));
#9971=DIRECTION('',(-0.69236616191121,0.,-0.721546324112555));
#9972=DIRECTION('',(0.,1.,0.));
#9973=DIRECTION('',(0.,1.,0.));
#9974=DIRECTION('',(0.0547553034840709,0.,0.998499803074776));
#9975=DIRECTION('',(0.,1.,0.));
#9976=DIRECTION('',(0.,1.,0.));
#9977=DIRECTION('',(0.,1.,0.));
#9978=DIRECTION('',(0.,0.,-1.));
#9979=DIRECTION('',(0.,1.,0.));
#9980=DIRECTION('',(0.,1.,0.));
#9981=DIRECTION('',(-0.67239893412254,0.,-0.740188944385737));
#9982=DIRECTION('',(0.,1.,0.));
#9983=DIRECTION('',(0.,1.,0.));
#9984=DIRECTION('',(0.0274610515726872,0.,0.999622874211331));
#9985=DIRECTION('',(0.,1.,0.));
#9986=DIRECTION('',(0.,1.,0.));
#9987=DIRECTION('',(0.,1.,0.));
#9988=DIRECTION('',(0.,0.,-1.));
#9989=DIRECTION('',(0.,1.,0.));
#9990=DIRECTION('',(0.,1.,0.));
#9991=DIRECTION('',(-0.651929937050729,0.,-0.758279207928737));
#9992=DIRECTION('',(0.,1.,0.));
#9993=DIRECTION('',(0.,1.,0.));
#9994=DIRECTION('',(0.000146307195501704,0.,0.999999989297102));
#9995=DIRECTION('',(0.,1.,0.));
#9996=DIRECTION('',(0.,1.,0.));
#9997=DIRECTION('',(0.,1.,0.));
#9998=DIRECTION('',(0.,0.,-1.));
#9999=DIRECTION('',(0.,1.,0.));
#10000=DIRECTION('',(0.,1.,0.));
#10001=DIRECTION('',(-0.630974445428124,0.,-0.775803615109308));
#10002=DIRECTION('',(0.,1.,0.));
#10003=DIRECTION('',(0.,1.,0.));
#10004=DIRECTION('',(-0.0271685463615913,0.,0.999630866914682));
#10005=DIRECTION('',(0.,1.,0.));
#10006=DIRECTION('',(0.,1.,0.));
#10007=DIRECTION('',(0.,1.,0.));
#10008=DIRECTION('',(0.,0.,-1.));
#10009=DIRECTION('',(0.,1.,0.));
#10010=DIRECTION('',(0.,1.,0.));
#10011=DIRECTION('',(-0.609548097027771,0.,-0.792749088558178));
#10012=DIRECTION('',(0.,1.,0.));
#10013=DIRECTION('',(0.,1.,0.));
#10014=DIRECTION('',(-0.0544631257311752,0.,0.998515782517027));
#10015=DIRECTION('',(0.,1.,0.));
#10016=DIRECTION('',(0.,1.,0.));
#10017=DIRECTION('',(0.,1.,0.));
#10018=DIRECTION('',(0.,0.,-1.));
#10019=DIRECTION('',(0.,1.,0.));
#10020=DIRECTION('',(0.,1.,0.));
#10021=DIRECTION('',(-0.58766688099389,0.,-0.809102982927954));
#10022=DIRECTION('',(0.,1.,0.));
#10023=DIRECTION('',(0.,1.,0.));
#10024=DIRECTION('',(-0.0817170626753519,0.,0.996655568221897));
#10025=DIRECTION('',(0.,1.,0.));
#10026=DIRECTION('',(0.,1.,0.));
#10027=DIRECTION('',(0.,1.,0.));
#10028=DIRECTION('',(0.,0.,-1.));
#10029=DIRECTION('',(0.,1.,0.));
#10030=DIRECTION('',(0.,1.,0.));
#10031=DIRECTION('',(-0.565347125909931,0.,-0.824853094329761));
#10032=DIRECTION('',(0.,1.,0.));
#10033=DIRECTION('',(0.,1.,0.));
#10034=DIRECTION('',(-0.108910019284828,0.,0.994051612190926));
#10035=DIRECTION('',(0.,1.,0.));
#10036=DIRECTION('',(0.,1.,0.));
#10037=DIRECTION('',(0.,1.,0.));
#10038=DIRECTION('',(0.,0.,-1.));
#10039=DIRECTION('',(0.,1.,0.));
#10040=DIRECTION('',(0.,1.,0.));
#10041=DIRECTION('',(-0.542605487613482,0.,-0.839987669440293));
#10042=DIRECTION('',(0.,1.,0.));
#10043=DIRECTION('',(0.,1.,0.));
#10044=DIRECTION('',(-0.136021703157142,0.,0.99070585759358));
#10045=DIRECTION('',(0.,1.,0.));
#10046=DIRECTION('',(0.,1.,0.));
#10047=DIRECTION('',(0.,1.,0.));
#10048=DIRECTION('',(0.,0.,-1.));
#10049=DIRECTION('',(0.,1.,0.));
#10050=DIRECTION('',(0.,1.,0.));
#10051=DIRECTION('',(-0.519458936767503,0.,-0.854495414272292));
#10052=DIRECTION('',(0.,1.,0.));
#10053=DIRECTION('',(0.,1.,0.));
#10054=DIRECTION('',(-0.163031882535585,0.,0.986620801157619));
#10055=DIRECTION('',(0.,1.,0.));
#10056=DIRECTION('',(0.,1.,0.));
#10057=DIRECTION('',(0.,1.,0.));
#10058=DIRECTION('',(0.,0.,-1.));
#10059=DIRECTION('',(0.,1.,0.));
#10060=DIRECTION('',(0.,1.,0.));
#10061=DIRECTION('',(-0.495924746195532,0.,-0.868365502602964));
#10062=DIRECTION('',(0.,1.,0.));
#10063=DIRECTION('',(0.,1.,0.));
#10064=DIRECTION('',(-0.189920401414184,0.,0.981799491304958));
#10065=DIRECTION('',(0.,1.,0.));
#10066=DIRECTION('',(0.,1.,0.));
#10067=DIRECTION('',(0.,1.,0.));
#10068=DIRECTION('',(0.,0.,-1.));
#10069=DIRECTION('',(0.,1.,0.));
#10070=DIRECTION('',(0.,1.,0.));
#10071=DIRECTION('',(-0.472020477992566,0.,-0.881587584052583));
#10072=DIRECTION('',(0.,1.,0.));
#10073=DIRECTION('',(0.,1.,0.));
#10074=DIRECTION('',(-0.216667194571735,0.,0.976245525877796));
#10075=DIRECTION('',(0.,1.,0.));
#10076=DIRECTION('',(0.,1.,0.));
#10077=DIRECTION('',(0.,1.,0.));
#10078=DIRECTION('',(0.,0.,-1.));
#10079=DIRECTION('',(0.,1.,0.));
#10080=DIRECTION('',(0.,1.,0.));
#10081=DIRECTION('',(-0.447763970419438,0.,-0.894151791808427));
#10082=DIRECTION('',(0.,1.,0.));
#10083=DIRECTION('',(0.,1.,0.));
#10084=DIRECTION('',(-0.243252302548838,0.,0.969963049453271));
#10085=DIRECTION('',(0.,1.,0.));
#10086=DIRECTION('',(0.,1.,0.));
#10087=DIRECTION('',(0.,1.,0.));
#10088=DIRECTION('',(0.,0.,-1.));
#10089=DIRECTION('',(0.,1.,0.));
#10090=DIRECTION('',(0.,1.,0.));
#10091=DIRECTION('',(-0.423173324591081,0.,-0.906048749987843));
#10092=DIRECTION('',(0.,1.,0.));
#10093=DIRECTION('',(0.,1.,0.));
#10094=DIRECTION('',(-0.269655886541598,0.,0.96295675025074));
#10095=DIRECTION('',(0.,1.,0.));
#10096=DIRECTION('',(0.,1.,0.));
#10097=DIRECTION('',(0.,1.,0.));
#10098=DIRECTION('',(0.,0.,-1.));
#10099=DIRECTION('',(0.,1.,0.));
#10100=DIRECTION('',(0.,1.,0.));
#10101=DIRECTION('',(-0.398266890968935,0.,-0.917269580634798));
#10102=DIRECTION('',(0.,1.,0.));
#10103=DIRECTION('',(0.,1.,0.));
#10104=DIRECTION('',(-0.295858243206156,0.,0.95523185663323));
#10105=DIRECTION('',(0.,1.,0.));
#10106=DIRECTION('',(0.,1.,0.));
#10107=DIRECTION('',(0.,1.,0.));
#10108=DIRECTION('',(0.,0.,-1.));
#10109=DIRECTION('',(0.,1.,0.));
#10110=DIRECTION('',(0.,1.,0.));
#10111=DIRECTION('',(-0.373063255667336,0.,-0.927805910344878));
#10112=DIRECTION('',(0.,1.,0.));
#10113=DIRECTION('',(0.,1.,0.));
#10114=DIRECTION('',(-0.321839819362026,0.,0.946794133205851));
#10115=DIRECTION('',(0.,1.,0.));
#10116=DIRECTION('',(0.,1.,0.));
#10117=DIRECTION('',(0.,1.,0.));
#10118=DIRECTION('',(0.,0.,-1.));
#10119=DIRECTION('',(0.,1.,0.));
#10120=DIRECTION('',(0.,1.,0.));
#10121=DIRECTION('',(-0.347581226583573,0.,-0.937649876513968));
#10122=DIRECTION('',(0.,1.,0.));
#10123=DIRECTION('',(0.,1.,0.));
#10124=DIRECTION('',(-0.347581226583323,0.,0.93764987651406));
#10125=DIRECTION('',(0.,1.,0.));
#10126=DIRECTION('',(0.,1.,0.));
#10127=DIRECTION('',(0.,1.,0.));
#10128=DIRECTION('',(0.,0.,-1.));
#10129=DIRECTION('',(0.,1.,0.));
#10130=DIRECTION('',(0.,1.,0.));
#10131=DIRECTION('',(-0.321839819362015,0.,-0.946794133205855));
#10132=DIRECTION('',(0.,1.,0.));
#10133=DIRECTION('',(0.,1.,0.));
#10134=DIRECTION('',(-0.373063255667327,0.,0.927805910344882));
#10135=DIRECTION('',(0.,1.,0.));
#10136=DIRECTION('',(0.,1.,0.));
#10137=DIRECTION('',(0.,1.,0.));
#10138=DIRECTION('',(0.,0.,-1.));
#10139=DIRECTION('',(0.,1.,0.));
#10140=DIRECTION('',(0.,1.,0.));
#10141=DIRECTION('',(-0.295858243206161,0.,-0.955231856633228));
#10142=DIRECTION('',(0.,1.,0.));
#10143=DIRECTION('',(0.,1.,0.));
#10144=DIRECTION('',(-0.398266890968977,0.,0.91726958063478));
#10145=DIRECTION('',(0.,1.,0.));
#10146=DIRECTION('',(0.,1.,0.));
#10147=DIRECTION('',(0.,1.,0.));
#10148=DIRECTION('',(0.,0.,-1.));
#10149=DIRECTION('',(0.,1.,0.));
#10150=DIRECTION('',(0.,1.,0.));
#10151=DIRECTION('',(-0.2696558865416,0.,-0.962956750250739));
#10152=DIRECTION('',(0.,1.,0.));
#10153=DIRECTION('',(0.,1.,0.));
#10154=DIRECTION('',(-0.423173324591089,0.,0.906048749987838));
#10155=DIRECTION('',(0.,1.,0.));
#10156=DIRECTION('',(0.,1.,0.));
#10157=DIRECTION('',(0.,1.,0.));
#10158=DIRECTION('',(0.,0.,-1.));
#10159=DIRECTION('',(0.,1.,0.));
#10160=DIRECTION('',(0.,0.,-1.));
#10161=DIRECTION('',(0.,1.,0.));
#10162=DIRECTION('',(0.,0.,-1.));
#10163=DIRECTION('',(0.,1.,0.));
#10164=DIRECTION('',(0.,0.,-1.));
#10165=DIRECTION('',(0.,1.,0.));
#10166=DIRECTION('',(0.,0.,-1.));
#10167=DIRECTION('',(0.,1.,0.));
#10168=DIRECTION('',(0.,0.,-1.));
#10169=DIRECTION('',(0.,1.,0.));
#10170=DIRECTION('',(0.,0.,-1.));
#10171=DIRECTION('',(0.519583950035446,0.,0.854419404546481));
#10172=DIRECTION('',(0.854419404546481,0.,-0.519583950035446));
#10173=DIRECTION('',(0.,1.,0.));
#10174=DIRECTION('',(0.,1.,0.));
#10175=DIRECTION('',(0.,0.,-1.));
#10176=DIRECTION('',(0.,1.,0.));
#10177=DIRECTION('',(0.519583950035446,0.,0.854419404546481));
#10178=DIRECTION('',(0.854419404546481,0.,-0.519583950035446));
#10179=DIRECTION('',(0.496051789009081,0.,0.868292935950127));
#10180=DIRECTION('',(0.868292935950127,0.,-0.496051789009081));
#10181=DIRECTION('',(0.,1.,0.));
#10182=DIRECTION('',(0.,1.,0.));
#10183=DIRECTION('',(0.,0.,-1.));
#10184=DIRECTION('',(0.,1.,0.));
#10185=DIRECTION('',(0.496051789009081,0.,0.868292935950127));
#10186=DIRECTION('',(0.868292935950127,0.,-0.496051789009081));
#10187=DIRECTION('',(0.472149455547631,0.,0.881518514624665));
#10188=DIRECTION('',(0.881518514624665,0.,-0.472149455547631));
#10189=DIRECTION('',(0.,1.,0.));
#10190=DIRECTION('',(0.,1.,0.));
#10191=DIRECTION('',(0.,0.,-1.));
#10192=DIRECTION('',(0.,1.,0.));
#10193=DIRECTION('',(0.472149455547631,0.,0.881518514624665));
#10194=DIRECTION('',(0.881518514624665,0.,-0.472149455547631));
#10195=DIRECTION('',(0.447894786468095,0.,0.894086271147645));
#10196=DIRECTION('',(0.894086271147645,0.,-0.447894786468095));
#10197=DIRECTION('',(0.,1.,0.));
#10198=DIRECTION('',(0.,1.,0.));
#10199=DIRECTION('',(0.,0.,-1.));
#10200=DIRECTION('',(0.,1.,0.));
#10201=DIRECTION('',(0.447894786468095,0.,0.894086271147645));
#10202=DIRECTION('',(0.894086271147645,0.,-0.447894786468095));
#10203=DIRECTION('',(0.423305881513511,0.,0.905986826988157));
#10204=DIRECTION('',(0.905986826988157,0.,-0.423305881513511));
#10205=DIRECTION('',(0.,1.,0.));
#10206=DIRECTION('',(0.,1.,0.));
#10207=DIRECTION('',(0.,0.,-1.));
#10208=DIRECTION('',(0.,1.,0.));
#10209=DIRECTION('',(0.423305881513511,0.,0.905986826988157));
#10210=DIRECTION('',(0.905986826988157,0.,-0.423305881513511));
#10211=DIRECTION('',(0.398401089846254,0.,0.917211301505447));
#10212=DIRECTION('',(0.917211301505447,0.,-0.398401089846254));
#10213=DIRECTION('',(0.,1.,0.));
#10214=DIRECTION('',(0.,1.,0.));
#10215=DIRECTION('',(0.,0.,-1.));
#10216=DIRECTION('',(0.,1.,0.));
#10217=DIRECTION('',(0.398401089846254,0.,0.917211301505447));
#10218=DIRECTION('',(0.917211301505447,0.,-0.398401089846254));
#10219=DIRECTION('',(0.373198996355204,0.,0.927751318575979));
#10220=DIRECTION('',(0.927751318575979,0.,-0.373198996355204));
#10221=DIRECTION('',(0.,1.,0.));
#10222=DIRECTION('',(0.,1.,0.));
#10223=DIRECTION('',(0.,0.,-1.));
#10224=DIRECTION('',(0.,1.,0.));
#10225=DIRECTION('',(0.373198996355204,0.,0.927751318575979));
#10226=DIRECTION('',(0.927751318575979,0.,-0.373198996355204));
#10227=DIRECTION('',(0.347718407787002,0.,0.937599012844015));
#10228=DIRECTION('',(0.937599012844015,0.,-0.347718407787002));
#10229=DIRECTION('',(0.,1.,0.));
#10230=DIRECTION('',(0.,1.,0.));
#10231=DIRECTION('',(0.,0.,-1.));
#10232=DIRECTION('',(0.,1.,0.));
#10233=DIRECTION('',(0.347718407787002,0.,0.937599012844015));
#10234=DIRECTION('',(0.937599012844015,0.,-0.347718407787002));
#10235=DIRECTION('',(0.321978338711751,0.,0.946747035591039));
#10236=DIRECTION('',(0.946747035591039,0.,-0.321978338711751));
#10237=DIRECTION('',(0.,1.,0.));
#10238=DIRECTION('',(0.,1.,0.));
#10239=DIRECTION('',(0.,0.,-1.));
#10240=DIRECTION('',(0.,1.,0.));
#10241=DIRECTION('',(0.321978338711751,0.,0.946747035591039));
#10242=DIRECTION('',(0.946747035591039,0.,-0.321978338711751));
#10243=DIRECTION('',(0.295997997333637,0.,0.955188560219644));
#10244=DIRECTION('',(0.955188560219644,0.,-0.295997997333637));
#10245=DIRECTION('',(0.,1.,0.));
#10246=DIRECTION('',(0.,1.,0.));
#10247=DIRECTION('',(0.,0.,-1.));
#10248=DIRECTION('',(0.,1.,0.));
#10249=DIRECTION('',(0.295997997333637,0.,0.955188560219644));
#10250=DIRECTION('',(0.955188560219644,0.,-0.295997997333637));
#10251=DIRECTION('',(0.269796771157038,0.,0.962917287347795));
#10252=DIRECTION('',(0.962917287347795,0.,-0.269796771157038));
#10253=DIRECTION('',(0.,1.,0.));
#10254=DIRECTION('',(0.,1.,0.));
#10255=DIRECTION('',(0.,0.,-1.));
#10256=DIRECTION('',(0.,1.,0.));
#10257=DIRECTION('',(0.269796771157038,0.,0.962917287347795));
#10258=DIRECTION('',(0.962917287347795,0.,-0.269796771157038));
#10259=DIRECTION('',(0.243394212518849,0.,0.969927449509668));
#10260=DIRECTION('',(0.969927449509668,0.,-0.243394212518849));
#10261=DIRECTION('',(0.,1.,0.));
#10262=DIRECTION('',(0.,1.,0.));
#10263=DIRECTION('',(0.,0.,-1.));
#10264=DIRECTION('',(0.,1.,0.));
#10265=DIRECTION('',(0.243394212518849,0.,0.969927449509668));
#10266=DIRECTION('',(0.969927449509668,0.,-0.243394212518849));
#10267=DIRECTION('',(0.216810023997795,0.,0.976213815459541));
#10268=DIRECTION('',(0.976213815459542,0.,-0.216810023997795));
#10269=DIRECTION('',(0.,1.,0.));
#10270=DIRECTION('',(0.,1.,0.));
#10271=DIRECTION('',(0.,0.,-1.));
#10272=DIRECTION('',(0.,1.,0.));
#10273=DIRECTION('',(0.216810023997795,0.,0.976213815459541));
#10274=DIRECTION('',(0.976213815459542,0.,-0.216810023997795));
#10275=DIRECTION('',(0.190064043711621,0.,0.981771694075556));
#10276=DIRECTION('',(0.981771694075556,0.,-0.190064043711621));
#10277=DIRECTION('',(0.,1.,0.));
#10278=DIRECTION('',(0.,1.,0.));
#10279=DIRECTION('',(0.,0.,-1.));
#10280=DIRECTION('',(0.,1.,0.));
#10281=DIRECTION('',(0.190064043711621,0.,0.981771694075556));
#10282=DIRECTION('',(0.981771694075556,0.,-0.190064043711621));
#10283=DIRECTION('',(0.163176230513156,0.,0.9865969378604));
#10284=DIRECTION('',(0.9865969378604,0.,-0.163176230513156));
#10285=DIRECTION('',(0.,1.,0.));
#10286=DIRECTION('',(0.,1.,0.));
#10287=DIRECTION('',(0.,0.,-1.));
#10288=DIRECTION('',(0.,1.,0.));
#10289=DIRECTION('',(0.163176230513156,0.,0.9865969378604));
#10290=DIRECTION('',(0.9865969378604,0.,-0.163176230513156));
#10291=DIRECTION('',(0.136166649096261,0.,0.990685946036329));
#10292=DIRECTION('',(0.990685946036329,0.,-0.136166649096261));
#10293=DIRECTION('',(0.,1.,0.));
#10294=DIRECTION('',(0.,1.,0.));
#10295=DIRECTION('',(0.,0.,-1.));
#10296=DIRECTION('',(0.,1.,0.));
#10297=DIRECTION('',(0.136166649096261,0.,0.990685946036329));
#10298=DIRECTION('',(0.990685946036329,0.,-0.136166649096261));
#10299=DIRECTION('',(0.109055455022804,0.,0.994035667232202));
#10300=DIRECTION('',(0.994035667232202,0.,-0.109055455022804));
#10301=DIRECTION('',(0.,1.,0.));
#10302=DIRECTION('',(0.,1.,0.));
#10303=DIRECTION('',(0.,0.,-1.));
#10304=DIRECTION('',(0.,1.,0.));
#10305=DIRECTION('',(0.109055455022804,0.,0.994035667232202));
#10306=DIRECTION('',(0.994035667232202,0.,-0.109055455022804));
#10307=DIRECTION('',(0.0818628796818274,0.,0.996643601760528));
#10308=DIRECTION('',(0.996643601760528,0.,-0.0818628796818275));
#10309=DIRECTION('',(0.,1.,0.));
#10310=DIRECTION('',(0.,1.,0.));
#10311=DIRECTION('',(0.,0.,-1.));
#10312=DIRECTION('',(0.,1.,0.));
#10313=DIRECTION('',(0.0818628796818274,0.,0.996643601760528));
#10314=DIRECTION('',(0.996643601760528,0.,-0.0818628796818275));
#10315=DIRECTION('',(0.0546092151921243,0.,0.998507803482827));
#10316=DIRECTION('',(0.998507803482827,0.,-0.0546092151921243));
#10317=DIRECTION('',(0.,1.,0.));
#10318=DIRECTION('',(0.,1.,0.));
#10319=DIRECTION('',(0.,0.,-1.));
#10320=DIRECTION('',(0.,1.,0.));
#10321=DIRECTION('',(0.0546092151921243,0.,0.998507803482827));
#10322=DIRECTION('',(0.998507803482827,0.,-0.0546092151921243));
#10323=DIRECTION('',(0.0273147992595001,0.,0.99962688126191));
#10324=DIRECTION('',(0.99962688126191,0.,-0.0273147992595001));
#10325=DIRECTION('',(0.,1.,0.));
#10326=DIRECTION('',(0.,1.,0.));
#10327=DIRECTION('',(0.,0.,-1.));
#10328=DIRECTION('',(0.,1.,0.));
#10329=DIRECTION('',(0.0273147992595001,0.,0.99962688126191));
#10330=DIRECTION('',(0.99962688126191,0.,-0.0273147992595001));
#10331=DIRECTION('',(1.43773881688958E-14,0.,1.));
#10332=DIRECTION('',(1.,0.,-1.43773881688958E-14));
#10333=DIRECTION('',(0.,1.,0.));
#10334=DIRECTION('',(0.,1.,0.));
#10335=DIRECTION('',(0.,0.,-1.));
#10336=DIRECTION('',(0.,1.,0.));
#10337=DIRECTION('',(1.43773881688958E-14,0.,1.));
#10338=DIRECTION('',(1.,0.,-1.43773881688958E-14));
#10339=DIRECTION('',(-0.0273147992594716,0.,0.999626881261911));
#10340=DIRECTION('',(0.999626881261911,0.,0.0273147992594716));
#10341=DIRECTION('',(0.,1.,0.));
#10342=DIRECTION('',(0.,1.,0.));
#10343=DIRECTION('',(0.,0.,-1.));
#10344=DIRECTION('',(0.,1.,0.));
#10345=DIRECTION('',(-0.0273147992594716,0.,0.999626881261911));
#10346=DIRECTION('',(0.999626881261911,0.,0.0273147992594716));
#10347=DIRECTION('',(-0.0546092151920958,0.,0.998507803482829));
#10348=DIRECTION('',(0.998507803482829,0.,0.0546092151920958));
#10349=DIRECTION('',(0.,1.,0.));
#10350=DIRECTION('',(0.,1.,0.));
#10351=DIRECTION('',(0.,0.,-1.));
#10352=DIRECTION('',(0.,1.,0.));
#10353=DIRECTION('',(-0.0546092151920958,0.,0.998507803482829));
#10354=DIRECTION('',(0.998507803482829,0.,0.0546092151920958));
#10355=DIRECTION('',(-0.0818628796817988,0.,0.996643601760531));
#10356=DIRECTION('',(0.996643601760531,0.,0.0818628796817988));
#10357=DIRECTION('',(0.,1.,0.));
#10358=DIRECTION('',(0.,1.,0.));
#10359=DIRECTION('',(0.,0.,-1.));
#10360=DIRECTION('',(0.,1.,0.));
#10361=DIRECTION('',(-0.0818628796817988,0.,0.996643601760531));
#10362=DIRECTION('',(0.996643601760531,0.,0.0818628796817988));
#10363=DIRECTION('',(0.,1.,0.));
#10364=DIRECTION('',(0.,0.,-1.));
#10365=DIRECTION('',(0.,1.,0.));
#10366=DIRECTION('',(0.,0.,-1.));
#10367=DIRECTION('',(0.,1.,0.));
#10368=DIRECTION('',(0.,0.,-1.));
#10369=DIRECTION('',(0.,1.,0.));
#10370=DIRECTION('',(0.,1.,0.));
#10371=DIRECTION('',(0.,1.,0.));
#10372=DIRECTION('',(0.,0.,-1.));
#10373=DIRECTION('',(0.,1.,0.));
#10374=DIRECTION('',(0.,1.,0.));
#10375=DIRECTION('',(0.645752562359081,0.,-0.763546742646893));
#10376=DIRECTION('',(-0.763546742646893,0.,-0.645752562359081));
#10377=DIRECTION('',(0.,1.,0.));
#10378=DIRECTION('',(0.,-1.,0.));
#10379=DIRECTION('',(0.,1.,0.));
#10380=DIRECTION('',(0.,0.,-1.));
#10381=DIRECTION('',(0.,1.,0.));
#10382=DIRECTION('',(0.,1.,0.));
#10383=DIRECTION('',(0.54366750147611,0.,0.839300689764237));
#10384=DIRECTION('',(0.839300689764237,0.,-0.54366750147611));
#10385=DIRECTION('',(0.,-1.,0.));
#10386=DIRECTION('',(0.,1.,0.));
#10387=DIRECTION('',(-0.905500215231684,0.,-0.424345802636688));
#10388=DIRECTION('',(-0.424345802636688,0.,0.905500215231684));
#10389=DIRECTION('',(0.,-1.,0.));
#10390=DIRECTION('',(0.,1.,0.));
#10391=DIRECTION('',(0.,1.,0.));
#10392=DIRECTION('',(0.,0.,-1.));
#10393=DIRECTION('',(0.,1.,0.));
#10394=DIRECTION('',(0.,1.,0.));
#10395=DIRECTION('',(0.,1.,0.));
#10396=DIRECTION('',(0.,0.,-1.));
#10397=DIRECTION('',(0.,1.,0.));
#10398=DIRECTION('',(0.,0.,-1.));
#10399=DIRECTION('',(0.,1.,0.));
#10400=DIRECTION('',(0.,0.,-1.));
#10401=DIRECTION('',(0.,1.,0.));
#10402=DIRECTION('',(0.,0.,-1.));
#10403=DIRECTION('',(0.,1.,0.));
#10404=DIRECTION('',(0.,0.,-1.));
#10405=DIRECTION('',(0.,1.,0.));
#10406=DIRECTION('',(0.,0.,-1.));
#10407=DIRECTION('',(0.,1.,0.));
#10408=DIRECTION('',(0.,0.,-1.));
#10409=DIRECTION('',(0.999989763065077,0.,0.00452479447612856));
#10410=DIRECTION('',(0.00452479447612856,0.,-0.999989763065077));
#10411=DIRECTION('',(0.,-1.,0.));
#10412=DIRECTION('',(0.,-1.,0.));
#10413=DIRECTION('',(0.258147447767992,0.,-0.96610553005915));
#10414=DIRECTION('',(-0.96610553005915,0.,-0.258147447767992));
#10415=DIRECTION('',(0.,-1.,0.));
#10416=DIRECTION('',(0.,-1.,0.));
#10417=DIRECTION('',(0.00138687500441659,0.,-0.999999038288399));
#10418=DIRECTION('',(-0.999999038288399,0.,-0.00138687500441659));
#10419=DIRECTION('',(0.,-1.,0.));
#10420=DIRECTION('',(0.,-1.,0.));
#10421=DIRECTION('',(0.805976769984205,0.,0.591947165079645));
#10422=DIRECTION('',(0.591947165079645,0.,-0.805976769984205));
#10423=DIRECTION('',(0.,-1.,0.));
#10424=DIRECTION('',(0.,-1.,0.));
#10425=DIRECTION('',(0.,1.,0.));
#10426=DIRECTION('',(0.,0.,-1.));
#10427=DIRECTION('',(0.,1.,0.));
#10428=DIRECTION('',(0.,1.,0.));
#10429=DIRECTION('',(0.474495367648053,0.,0.880257999725387));
#10430=DIRECTION('',(0.880257999725387,0.,-0.474495367648053));
#10431=DIRECTION('',(0.,-1.,0.));
#10432=DIRECTION('',(0.,1.,0.));
#10433=DIRECTION('',(0.,1.,0.));
#10434=DIRECTION('',(0.,0.,-1.));
#10435=DIRECTION('',(0.,-1.,0.));
#10436=DIRECTION('',(0.,0.,1.));
#10437=DIRECTION('',(0.,-1.,0.));
#10438=DIRECTION('',(0.,0.,1.));
#10439=DIRECTION('',(0.,-1.,0.));
#10440=DIRECTION('',(0.,0.,1.));
#10441=DIRECTION('',(0.,1.,0.));
#10442=DIRECTION('',(0.,0.,-1.));
#10443=DIRECTION('',(0.,1.,0.));
#10444=DIRECTION('',(0.,0.,-1.));
#10445=DIRECTION('',(-0.872021776636978,0.,-0.489467078638481));
#10446=DIRECTION('',(-0.489467078638481,0.,0.872021776636978));
#10447=DIRECTION('',(0.,-1.,0.));
#10448=DIRECTION('',(0.,-1.,0.));
#10449=DIRECTION('',(0.399581971158327,0.,-0.916697468265963));
#10450=DIRECTION('',(-0.916697468265963,0.,-0.399581971158327));
#10451=DIRECTION('',(0.,-1.,0.));
#10452=DIRECTION('',(0.,1.,0.));
#10453=DIRECTION('',(0.,1.,0.));
#10454=DIRECTION('',(0.,0.,-1.));
#10455=DIRECTION('',(0.,1.,0.));
#10456=DIRECTION('',(0.,-1.,0.));
#10457=DIRECTION('',(-1.,0.,0.));
#10458=DIRECTION('',(0.,0.,1.));
#10459=DIRECTION('',(0.,-1.,0.));
#10460=DIRECTION('',(0.,1.,0.));
#10461=DIRECTION('',(0.,0.,-1.));
#10462=DIRECTION('',(0.,1.,0.));
#10463=DIRECTION('',(0.,0.,-1.));
#10464=DIRECTION('',(0.,1.,0.));
#10465=DIRECTION('',(0.,0.,-1.));
#10466=DIRECTION('',(0.,1.,0.));
#10467=DIRECTION('',(0.,0.,-1.));
#10468=DIRECTION('',(0.,1.,0.));
#10469=DIRECTION('',(0.,-1.,0.));
#10470=DIRECTION('',(-1.,0.,0.));
#10471=DIRECTION('',(0.,0.,1.));
#10472=DIRECTION('',(0.,-1.,0.));
#10473=DIRECTION('',(0.00138687500441648,0.,-0.999999038288399));
#10474=DIRECTION('',(-0.999999038288399,0.,-0.00138687500441648));
#10475=DIRECTION('',(0.,-1.,0.));
#10476=DIRECTION('',(0.,-1.,0.));
#10477=DIRECTION('',(0.387819515619108,0.,0.92173533256839));
#10478=DIRECTION('',(0.92173533256839,0.,-0.387819515619108));
#10479=DIRECTION('',(0.,-1.,0.));
#10480=DIRECTION('',(0.,-1.,0.));
#10481=DIRECTION('',(0.999989763065077,0.,0.00452479447610931));
#10482=DIRECTION('',(0.00452479447610932,0.,-0.999989763065077));
#10483=DIRECTION('',(0.,-1.,0.));
#10484=DIRECTION('',(0.,1.,0.));
#10485=DIRECTION('',(0.,1.,0.));
#10486=DIRECTION('',(0.,0.,-1.));
#10487=DIRECTION('',(0.,1.,0.));
#10488=DIRECTION('',(0.,1.,0.));
#10489=DIRECTION('',(0.399581971158327,0.,-0.916697468265963));
#10490=DIRECTION('',(-0.916697468265963,0.,-0.399581971158327));
#10491=DIRECTION('',(0.,1.,0.));
#10492=DIRECTION('',(0.,1.,0.));
#10493=DIRECTION('',(0.,1.,0.));
#10494=DIRECTION('',(0.,0.,-1.));
#10495=DIRECTION('',(0.,1.,0.));
#10496=DIRECTION('',(0.,0.,-1.));
#10497=DIRECTION('',(0.,-1.,0.));
#10498=DIRECTION('',(0.,0.,1.));
#10499=DIRECTION('',(0.,1.,0.));
#10500=DIRECTION('',(0.,0.,-1.));
#10501=DIRECTION('',(0.,1.,0.));
#10502=DIRECTION('',(0.,0.,-1.));
#10503=DIRECTION('',(0.,1.,0.));
#10504=DIRECTION('',(0.,0.,-1.));
#10505=DIRECTION('',(0.0013868750044166,0.,-0.999999038288399));
#10506=DIRECTION('',(-0.999999038288399,0.,-0.0013868750044166));
#10507=DIRECTION('',(0.,-1.,0.));
#10508=DIRECTION('',(0.,-1.,0.));
#10509=DIRECTION('',(-1.,0.,0.));
#10510=DIRECTION('',(0.,0.,1.));
#10511=DIRECTION('',(0.,1.,0.));
#10512=DIRECTION('',(0.,-1.,0.));
#10513=DIRECTION('',(0.,1.,0.));
#10514=DIRECTION('',(0.,0.,-1.));
#10515=DIRECTION('',(0.,1.,0.));
#10516=DIRECTION('',(-0.872021776636978,0.,-0.489467078638481));
#10517=DIRECTION('',(-0.489467078638481,0.,0.872021776636978));
#10518=DIRECTION('',(0.,-1.,0.));
#10519=DIRECTION('',(0.,-1.,0.));
#10520=DIRECTION('',(0.,1.,0.));
#10521=DIRECTION('',(0.,0.,-1.));
#10522=DIRECTION('',(0.,-1.,0.));
#10523=DIRECTION('',(0.,0.,1.));
#10524=DIRECTION('',(0.,1.,0.));
#10525=DIRECTION('',(0.,0.,-1.));
#10526=DIRECTION('',(-1.,0.,0.));
#10527=DIRECTION('',(0.,0.,1.));
#10528=DIRECTION('',(0.,-1.,0.));
#10529=DIRECTION('',(0.,1.,0.));
#10530=DIRECTION('',(0.76768556377438,0.,0.640826712280639));
#10531=DIRECTION('',(0.640826712280639,0.,-0.76768556377438));
#10532=DIRECTION('',(0.,1.,0.));
#10533=DIRECTION('',(0.,-1.,0.));
#10534=DIRECTION('',(0.432242389296924,0.,-0.901757460127104));
#10535=DIRECTION('',(-0.901757460127105,0.,-0.432242389296924));
#10536=DIRECTION('',(0.,-1.,0.));
#10537=DIRECTION('',(0.,-1.,0.));
#10538=DIRECTION('',(0.90630778703665,0.,-0.422618261740699));
#10539=DIRECTION('',(-0.422618261740699,0.,-0.90630778703665));
#10540=DIRECTION('',(0.,1.,0.));
#10541=DIRECTION('',(0.,-1.,0.));
#10542=DIRECTION('',(0.,1.,0.));
#10543=DIRECTION('',(0.,0.,-1.));
#10544=DIRECTION('',(0.,1.,0.));
#10545=DIRECTION('',(0.,0.,-1.));
#10546=DIRECTION('',(0.,1.,0.));
#10547=DIRECTION('',(0.,0.,-1.));
#10548=DIRECTION('',(0.,-1.,0.));
#10549=DIRECTION('',(0.,0.,1.));
#10550=DIRECTION('',(0.,1.,0.));
#10551=DIRECTION('',(0.,0.,-1.));
#10552=DIRECTION('',(0.,1.,0.));
#10553=DIRECTION('',(0.,1.,0.));
#10554=DIRECTION('',(0.,1.,0.));
#10555=DIRECTION('',(0.,0.,-1.));
#10556=DIRECTION('',(0.,1.,0.));
#10557=DIRECTION('',(0.,1.,0.));
#10558=DIRECTION('',(0.90630778703665,0.,-0.422618261740699));
#10559=DIRECTION('',(-0.422618261740699,0.,-0.90630778703665));
#10560=DIRECTION('',(0.,1.,0.));
#10561=DIRECTION('',(0.,-1.,0.));
#10562=DIRECTION('',(-0.437330062381511,0.,-0.899301071131011));
#10563=DIRECTION('',(-0.899301071131011,0.,0.437330062381511));
#10564=DIRECTION('',(0.,-1.,0.));
#10565=DIRECTION('',(0.,-1.,0.));
#10566=DIRECTION('',(0.90630778703665,0.,-0.4226182617407));
#10567=DIRECTION('',(-0.4226182617407,0.,-0.90630778703665));
#10568=DIRECTION('',(0.,-1.,0.));
#10569=DIRECTION('',(0.,-1.,0.));
#10570=DIRECTION('',(0.399581971158327,0.,-0.916697468265963));
#10571=DIRECTION('',(-0.916697468265963,0.,-0.399581971158327));
#10572=DIRECTION('',(0.,1.,0.));
#10573=DIRECTION('',(0.,-1.,0.));
#10574=DIRECTION('',(0.,1.,0.));
#10575=DIRECTION('',(0.,0.,-1.));
#10576=DIRECTION('',(0.,1.,0.));
#10577=DIRECTION('',(0.,0.,-1.));
#10578=DIRECTION('',(0.,-1.,0.));
#10579=DIRECTION('',(0.,0.,1.));
#10580=DIRECTION('',(0.,1.,0.));
#10581=DIRECTION('',(0.,0.,-1.));
#10582=DIRECTION('',(0.,-1.,0.));
#10583=DIRECTION('',(0.,0.,1.));
#10584=DIRECTION('',(0.,1.,0.));
#10585=DIRECTION('',(0.,0.,-1.));
#10586=DIRECTION('',(-0.437330062381511,0.,-0.899301071131011));
#10587=DIRECTION('',(-0.899301071131011,0.,0.437330062381511));
#10588=DIRECTION('',(0.,-1.,0.));
#10589=DIRECTION('',(0.,-1.,0.));
#10590=DIRECTION('',(-0.828013426903632,0.,-0.560708270732031));
#10591=DIRECTION('',(-0.560708270732031,0.,0.828013426903632));
#10592=DIRECTION('',(0.,-1.,0.));
#10593=DIRECTION('',(0.,1.,0.));
#10594=DIRECTION('',(0.,1.,0.));
#10595=DIRECTION('',(0.,0.,-1.));
#10596=DIRECTION('',(0.,1.,0.));
#10597=DIRECTION('',(0.,1.,0.));
#10598=DIRECTION('',(0.503010974013856,0.,-0.864280024078789));
#10599=DIRECTION('',(-0.864280024078789,0.,-0.503010974013856));
#10600=DIRECTION('',(0.,-1.,0.));
#10601=DIRECTION('',(0.,-1.,0.));
#10602=DIRECTION('',(0.00138687500441643,0.,-0.999999038288399));
#10603=DIRECTION('',(-0.999999038288399,0.,-0.00138687500441643));
#10604=DIRECTION('',(0.,-1.,0.));
#10605=DIRECTION('',(0.,-1.,0.));
#10606=DIRECTION('',(-1.,0.,0.));
#10607=DIRECTION('',(0.,0.,1.));
#10608=DIRECTION('',(0.,1.,0.));
#10609=DIRECTION('',(0.,-1.,0.));
#10610=DIRECTION('',(0.,1.,0.));
#10611=DIRECTION('',(0.,0.,-1.));
#10612=DIRECTION('',(0.,-1.,0.));
#10613=DIRECTION('',(0.90630778703665,0.,-0.422618261740699));
#10614=DIRECTION('',(-0.422618261740699,0.,-0.90630778703665));
#10615=DIRECTION('',(0.,-1.,0.));
#10616=DIRECTION('',(0.,-1.,0.));
#10617=DIRECTION('',(0.,0.,1.));
#10618=DIRECTION('',(0.,-1.,0.));
#10619=DIRECTION('',(0.,0.,1.));
#10620=DIRECTION('',(0.,1.,0.));
#10621=DIRECTION('',(0.,0.,-1.));
#10622=DIRECTION('',(0.,1.,0.));
#10623=DIRECTION('',(0.,0.,-1.));
#10624=DIRECTION('',(0.,-1.,0.));
#10625=DIRECTION('',(0.,0.,1.));
#10626=DIRECTION('',(0.,-1.,0.));
#10627=DIRECTION('',(0.,0.,1.));
#10628=DIRECTION('',(0.00138687500441659,0.,-0.999999038288399));
#10629=DIRECTION('',(-0.999999038288399,0.,-0.00138687500441659));
#10630=DIRECTION('',(0.,-1.,0.));
#10631=DIRECTION('',(0.,-1.,0.));
#10632=DIRECTION('',(-1.,0.,0.));
#10633=DIRECTION('',(0.,0.,1.));
#10634=DIRECTION('',(0.,1.,0.));
#10635=DIRECTION('',(0.,-1.,0.));
#10636=DIRECTION('',(0.,1.,0.));
#10637=DIRECTION('',(0.,0.,-1.));
#10638=DIRECTION('',(0.,1.,0.));
#10639=DIRECTION('',(0.76768556377438,0.,0.640826712280639));
#10640=DIRECTION('',(0.640826712280639,0.,-0.76768556377438));
#10641=DIRECTION('',(0.,-1.,0.));
#10642=DIRECTION('',(0.,1.,0.));
#10643=DIRECTION('',(0.,-1.,0.));
#10644=DIRECTION('',(0.,0.,1.));
#10645=DIRECTION('',(0.,-1.,0.));
#10646=DIRECTION('',(0.,0.,1.));
#10647=DIRECTION('',(0.,1.,0.));
#10648=DIRECTION('',(0.,0.,-1.));
#10649=DIRECTION('',(-0.437330062381511,0.,-0.899301071131011));
#10650=DIRECTION('',(-0.899301071131011,0.,0.437330062381511));
#10651=DIRECTION('',(0.,-1.,0.));
#10652=DIRECTION('',(0.,-1.,0.));
#10653=DIRECTION('',(0.432242389296924,0.,-0.901757460127104));
#10654=DIRECTION('',(-0.901757460127105,0.,-0.432242389296924));
#10655=DIRECTION('',(0.,1.,0.));
#10656=DIRECTION('',(0.,-1.,0.));
#10657=DIRECTION('',(0.,1.,0.));
#10658=DIRECTION('',(0.,0.,-1.));
#10659=DIRECTION('',(0.,-1.,0.));
#10660=DIRECTION('',(0.,1.,0.));
#10661=DIRECTION('',(0.90630778703665,0.,-0.422618261740699));
#10662=DIRECTION('',(-0.422618261740699,0.,-0.90630778703665));
#10663=DIRECTION('',(0.,-1.,0.));
#10664=DIRECTION('',(0.,1.,0.));
#10665=DIRECTION('',(0.,0.,-1.));
#10666=DIRECTION('',(0.,-1.,0.));
#10667=DIRECTION('',(0.,0.,1.));
#10668=DIRECTION('',(0.,1.,0.));
#10669=DIRECTION('',(0.,0.,-1.));
#10670=DIRECTION('',(0.,1.,0.));
#10671=DIRECTION('',(0.,0.,-1.));
#10672=DIRECTION('',(0.,1.,0.));
#10673=DIRECTION('',(0.,1.,0.));
#10674=DIRECTION('',(0.962056283800967,0.,-0.272851070731037));
#10675=DIRECTION('',(-0.272851070731037,0.,-0.962056283800967));
#10676=DIRECTION('',(0.,-1.,0.));
#10677=DIRECTION('',(0.,-1.,0.));
#10678=DIRECTION('',(0.,1.,0.));
#10679=DIRECTION('',(0.,0.,-1.));
#10680=DIRECTION('',(0.,1.,0.));
#10681=DIRECTION('',(0.,1.,0.));
#10682=DIRECTION('',(0.474495367648053,0.,0.880257999725387));
#10683=DIRECTION('',(0.880257999725387,0.,-0.474495367648053));
#10684=DIRECTION('',(0.,1.,0.));
#10685=DIRECTION('',(0.,-1.,0.));
#10686=DIRECTION('',(0.645752562359081,0.,-0.763546742646893));
#10687=DIRECTION('',(-0.763546742646893,0.,-0.645752562359081));
#10688=DIRECTION('',(0.,-1.,0.));
#10689=DIRECTION('',(0.,1.,0.));
#10690=DIRECTION('',(0.,1.,0.));
#10691=DIRECTION('',(0.,0.,-1.));
#10692=DIRECTION('',(0.,1.,0.));
#10693=DIRECTION('',(0.,0.,-1.));
#10694=DIRECTION('',(0.,1.,0.));
#10695=DIRECTION('',(0.,0.,-1.));
#10696=DIRECTION('',(0.,1.,0.));
#10697=DIRECTION('',(0.,0.,-1.));
#10698=DIRECTION('',(0.,-1.,0.));
#10699=DIRECTION('',(0.,0.,1.));
#10700=DIRECTION('',(0.962056283800967,0.,-0.272851070731037));
#10701=DIRECTION('',(-0.272851070731037,0.,-0.962056283800967));
#10702=DIRECTION('',(0.,-1.,0.));
#10703=DIRECTION('',(0.,1.,0.));
#10704=DIRECTION('',(0.,1.,0.));
#10705=DIRECTION('',(0.,0.,-1.));
#10706=DIRECTION('',(0.,1.,0.));
#10707=DIRECTION('',(0.,1.,0.));
#10708=DIRECTION('',(0.,1.,0.));
#10709=DIRECTION('',(0.,0.,-1.));
#10710=DIRECTION('',(0.,1.,0.));
#10711=DIRECTION('',(0.,1.,0.));
#10712=DIRECTION('',(0.872021776636978,0.,0.489467078638481));
#10713=DIRECTION('',(0.489467078638481,0.,-0.872021776636978));
#10714=DIRECTION('',(0.,-1.,0.));
#10715=DIRECTION('',(0.,-1.,0.));
#10716=DIRECTION('',(0.399581971158327,0.,-0.916697468265963));
#10717=DIRECTION('',(-0.916697468265963,0.,-0.399581971158327));
#10718=DIRECTION('',(0.,-1.,0.));
#10719=DIRECTION('',(0.,-1.,0.));
#10720=DIRECTION('',(0.,1.,0.));
#10721=DIRECTION('',(0.,0.,-1.));
#10722=DIRECTION('',(0.,-1.,0.));
#10723=DIRECTION('',(0.,0.,1.));
#10724=DIRECTION('',(0.,1.,0.));
#10725=DIRECTION('',(0.,0.,-1.));
#10726=DIRECTION('',(0.,1.,0.));
#10727=DIRECTION('',(0.,0.,-1.));
#10728=DIRECTION('',(0.,-1.,0.));
#10729=DIRECTION('',(0.,0.,1.));
#10730=DIRECTION('',(-0.448503214293379,0.,0.893781218625961));
#10731=DIRECTION('',(0.893781218625961,0.,0.448503214293379));
#10732=DIRECTION('',(0.,1.,0.));
#10733=DIRECTION('',(0.,1.,0.));
#10734=DIRECTION('',(0.,0.,-1.));
#10735=DIRECTION('',(0.,1.,0.));
#10736=DIRECTION('',(0.0231615610134214,0.,0.999731735062672));
#10737=DIRECTION('',(0.999731735062672,0.,-0.0231615610134214));
#10738=DIRECTION('',(0.,1.,0.));
#10739=DIRECTION('',(0.604075281303185,0.,-0.796927257984365));
#10740=DIRECTION('',(-0.796927257984365,0.,-0.604075281303185));
#10741=DIRECTION('',(0.,-1.,0.));
#10742=DIRECTION('',(0.,0.,1.));
#10743=DIRECTION('',(0.,1.,0.));
#10744=DIRECTION('',(0.,1.,0.));
#10745=DIRECTION('',(0.,1.,0.));
#10746=DIRECTION('',(0.,1.,0.));
#10747=DIRECTION('',(0.,1.,0.));
#10748=DIRECTION('',(0.,1.,0.));
#10749=DIRECTION('',(0.,1.,0.));
#10750=DIRECTION('',(0.,1.,0.));
#10751=DIRECTION('',(0.,1.,0.));
#10752=DIRECTION('',(0.,1.,0.));
#10753=DIRECTION('',(0.,1.,0.));
#10754=DIRECTION('',(-0.176959664351451,0.,-0.98421810448326));
#10755=DIRECTION('',(0.,1.,0.));
#10756=DIRECTION('',(0.,1.,0.));
#10757=DIRECTION('',(0.,0.,1.));
#10758=DIRECTION('',(0.,1.,0.));
#10759=DIRECTION('',(-0.549542742189143,0.,-0.835465603425562));
#10760=DIRECTION('',(0.,1.,0.));
#10761=DIRECTION('',(0.,1.,0.));
#10762=DIRECTION('',(0.,0.,1.));
#10763=DIRECTION('',(0.,1.,0.));
#10764=DIRECTION('',(0.,1.,0.));
#10765=DIRECTION('',(0.,1.,0.));
#10766=DIRECTION('',(0.,1.,0.));
#10767=DIRECTION('',(-0.550252042545321,0.,0.834998616570532));
#10768=DIRECTION('',(0.,1.,0.));
#10769=DIRECTION('',(0.,1.,0.));
#10770=DIRECTION('',(0.,0.,1.));
#10771=DIRECTION('',(0.,1.,0.));
#10772=DIRECTION('',(-0.176959664351452,0.,0.98421810448326));
#10773=DIRECTION('',(0.,1.,0.));
#10774=DIRECTION('',(0.,1.,0.));
#10775=DIRECTION('',(0.,0.,1.));
#10776=DIRECTION('',(0.,1.,0.));
#10777=DIRECTION('',(0.,1.,0.));
#10778=DIRECTION('',(0.,1.,0.));
#10779=DIRECTION('',(0.559099847980848,0.,0.829100331677531));
#10780=DIRECTION('',(0.,1.,0.));
#10781=DIRECTION('',(0.,1.,0.));
#10782=DIRECTION('',(0.,0.,1.));
#10783=DIRECTION('',(0.,1.,0.));
#10784=DIRECTION('',(0.,1.,0.));
#10785=DIRECTION('',(0.,1.,0.));
#10786=DIRECTION('',(0.,1.,0.));
#10787=DIRECTION('',(0.559099847980856,0.,-0.829100331677526));
#10788=DIRECTION('',(0.,1.,0.));
#10789=DIRECTION('',(0.,1.,0.));
#10790=DIRECTION('',(0.,0.,1.));
#10791=DIRECTION('',(0.,1.,0.));
#10792=DIRECTION('',(0.,1.,0.));
#10793=DIRECTION('',(0.,1.,0.));
#10794=DIRECTION('',(0.,1.,0.));
#10795=DIRECTION('',(-1.,0.,0.));
#10796=DIRECTION('',(0.,1.,0.));
#10797=DIRECTION('',(0.,0.,1.));
#10798=DIRECTION('',(0.472646166115925,0.,-0.88125229171669));
#10799=DIRECTION('',(0.,-1.,0.));
#10800=DIRECTION('',(0.,0.,1.));
#10801=DIRECTION('',(0.,1.,0.));
#10802=DIRECTION('',(0.,0.,1.));
#10803=DIRECTION('',(0.,1.,0.));
#10804=DIRECTION('',(0.,0.,1.));
#10805=DIRECTION('',(0.,1.,0.));
#10806=DIRECTION('',(0.,0.,1.));
#10807=DIRECTION('',(0.,1.,0.));
#10808=DIRECTION('',(0.,0.,1.));
#10809=DIRECTION('',(0.,1.,0.));
#10810=DIRECTION('',(0.,0.,1.));
#10811=DIRECTION('',(0.,1.,0.));
#10812=DIRECTION('',(0.,1.,0.));
#10813=DIRECTION('',(0.,1.,0.));
#10814=DIRECTION('',(0.,1.,0.));
#10815=DIRECTION('',(0.,1.,0.));
#10816=DIRECTION('',(0.,1.,0.));
#10817=DIRECTION('',(0.771339492172537,0.,-0.636423905753872));
#10818=DIRECTION('',(0.,1.,0.));
#10819=DIRECTION('',(0.,1.,0.));
#10820=DIRECTION('',(0.,1.,0.));
#10821=DIRECTION('',(0.,1.,0.));
#10822=DIRECTION('',(0.,1.,0.));
#10823=DIRECTION('',(0.,1.,0.));
#10824=DIRECTION('',(0.,1.,0.));
#10825=DIRECTION('',(0.,1.,0.));
#10826=DIRECTION('',(0.,1.,0.));
#10827=DIRECTION('',(0.,1.,0.));
#10828=DIRECTION('',(0.,1.,0.));
#10829=DIRECTION('',(0.,1.,0.));
#10830=DIRECTION('',(0.,1.,0.));
#10831=DIRECTION('',(0.,1.,0.));
#10832=DIRECTION('',(0.,1.,0.));
#10833=DIRECTION('',(0.,1.,0.));
#10834=DIRECTION('',(0.,1.,0.));
#10835=DIRECTION('',(0.,1.,0.));
#10836=DIRECTION('',(0.,1.,0.));
#10837=DIRECTION('',(0.,1.,0.));
#10838=DIRECTION('',(0.,1.,0.));
#10839=DIRECTION('',(0.360835525312862,0.,0.932629467512254));
#10840=DIRECTION('',(0.,1.,0.));
#10841=DIRECTION('',(0.,1.,0.));
#10842=DIRECTION('',(0.,0.,1.));
#10843=DIRECTION('',(0.,1.,0.));
#10844=DIRECTION('',(0.,1.,0.));
#10845=DIRECTION('',(0.48230985531131,0.,0.876000686911593));
#10846=DIRECTION('',(0.,1.,0.));
#10847=DIRECTION('',(0.,1.,0.));
#10848=DIRECTION('',(0.,0.,1.));
#10849=DIRECTION('',(0.,1.,0.));
#10850=DIRECTION('',(0.,1.,0.));
#10851=DIRECTION('',(0.,1.,0.));
#10852=DIRECTION('',(0.,1.,0.));
#10853=DIRECTION('',(0.,1.,0.));
#10854=DIRECTION('',(0.39914212362321,0.,-0.916889069162434));
#10855=DIRECTION('',(0.,1.,0.));
#10856=DIRECTION('',(0.,1.,0.));
#10857=DIRECTION('',(0.,0.,1.));
#10858=DIRECTION('',(0.,1.,0.));
#10859=DIRECTION('',(0.,1.,0.));
#10860=DIRECTION('',(-0.243712707138842,0.,-0.969847470677249));
#10861=DIRECTION('',(0.,1.,0.));
#10862=DIRECTION('',(0.,1.,0.));
#10863=DIRECTION('',(0.,0.,1.));
#10864=DIRECTION('',(0.,1.,0.));
#10865=DIRECTION('',(-0.358237488241375,0.,-0.933630495441591));
#10866=DIRECTION('',(0.,1.,0.));
#10867=DIRECTION('',(0.,1.,0.));
#10868=DIRECTION('',(0.,0.,1.));
#10869=DIRECTION('',(0.,1.,0.));
#10870=DIRECTION('',(0.,1.,0.));
#10871=DIRECTION('',(0.,1.,0.));
#10872=DIRECTION('',(0.,1.,0.));
#10873=DIRECTION('',(0.,1.,0.));
#10874=DIRECTION('',(0.,1.,0.));
#10875=DIRECTION('',(0.,1.,0.));
#10876=DIRECTION('',(0.239957033629139,0.,0.970783509342791));
#10877=DIRECTION('',(0.,1.,0.));
#10878=DIRECTION('',(0.,1.,0.));
#10879=DIRECTION('',(0.,0.,1.));
#10880=DIRECTION('',(0.,1.,0.));
#10881=DIRECTION('',(0.320255774644049,0.,0.94733111360661));
#10882=DIRECTION('',(0.,1.,0.));
#10883=DIRECTION('',(0.,0.,1.));
#10884=DIRECTION('',(0.,1.,0.));
#10885=DIRECTION('',(-1.,0.,0.));
#10886=DIRECTION('',(0.,1.,0.));
#10887=DIRECTION('',(0.,1.,0.));
#10888=DIRECTION('',(0.,1.,0.));
#10889=DIRECTION('',(0.,1.,0.));
#10890=DIRECTION('',(0.,1.,0.));
#10891=DIRECTION('',(0.,1.,0.));
#10892=DIRECTION('',(0.,1.,0.));
#10893=DIRECTION('',(0.906307787036652,0.,-0.422618261740696));
#10894=DIRECTION('',(-0.422618261740696,0.,-0.906307787036652));
#10895=DIRECTION('',(0.,1.,0.));
#10896=DIRECTION('',(0.,1.,0.));
#10897=DIRECTION('',(0.,1.,0.));
#10898=DIRECTION('',(0.,1.,0.));
#10899=DIRECTION('',(0.,1.,0.));
#10900=DIRECTION('',(0.,1.,0.));
#10901=DIRECTION('',(0.,1.,0.));
#10902=DIRECTION('',(0.,1.,0.));
#10903=DIRECTION('',(0.,1.,0.));
#10904=DIRECTION('',(0.,-1.,0.));
#10905=DIRECTION('',(0.,0.,-1.));
#10906=DIRECTION('',(0.,1.,0.));
#10907=DIRECTION('',(0.,1.,0.));
#10908=DIRECTION('',(1.,0.,0.));
#10909=DIRECTION('',(0.,1.,0.));
#10910=DIRECTION('',(0.,0.,1.));
#10911=DIRECTION('',(0.,1.,0.));
#10912=DIRECTION('',(0.,1.,0.));
#10913=DIRECTION('',(0.,1.,0.));
#10914=DIRECTION('',(0.,0.,1.));
#10915=DIRECTION('',(0.88125229171669,0.,0.472646166115925));
#10916=DIRECTION('',(0.472646166115925,0.,-0.88125229171669));
#10917=DIRECTION('',(0.,1.,0.));
#10918=DIRECTION('',(0.,0.,1.));
#10919=DIRECTION('',(0.,1.,0.));
#10920=DIRECTION('',(0.,0.,1.));
#10921=DIRECTION('',(0.,1.,0.));
#10922=DIRECTION('',(0.,0.,1.));
#10923=DIRECTION('',(0.,1.,0.));
#10924=DIRECTION('',(0.,0.,1.));
#10925=DIRECTION('',(0.,1.,0.));
#10926=DIRECTION('',(0.,0.,1.));
#10927=DIRECTION('',(0.,1.,0.));
#10928=DIRECTION('',(0.,0.,1.));
#10929=DIRECTION('',(0.,1.,0.));
#10930=DIRECTION('',(0.,0.,1.));
#10931=DIRECTION('',(0.,1.,0.));
#10932=DIRECTION('',(0.,0.,1.));
#10933=DIRECTION('',(0.,1.,0.));
#10934=DIRECTION('',(0.,0.,1.));
#10935=DIRECTION('',(0.,1.,0.));
#10936=DIRECTION('',(0.,0.,1.));
#10937=DIRECTION('',(0.,1.,0.));
#10938=DIRECTION('',(0.,0.,1.));
#10939=DIRECTION('',(0.,1.,0.));
#10940=DIRECTION('',(0.,0.,1.));
#10941=DIRECTION('',(0.,1.,0.));
#10942=DIRECTION('',(0.,0.,1.));
#10943=DIRECTION('',(0.,1.,0.));
#10944=DIRECTION('',(0.,0.,1.));
#10945=DIRECTION('',(0.,1.,0.));
#10946=DIRECTION('',(0.,0.,1.));
#10947=DIRECTION('',(0.,1.,0.));
#10948=DIRECTION('',(0.,0.,1.));
#10949=DIRECTION('',(0.,1.,0.));
#10950=DIRECTION('',(0.,0.,1.));
#10951=CARTESIAN_POINT('',(0.,0.,0.));
#10952=CARTESIAN_POINT('',(-0.129855950726551,0.009525,0.0162927270833379));
#10953=CARTESIAN_POINT('',(-0.12884497854669,0.009525,0.0223679645135915));
#10954=CARTESIAN_POINT('',(-0.12884497854669,0.009525,0.0223679645135915));
#10955=CARTESIAN_POINT('',(-0.12884497854669,0.0127,0.0223679645135915));
#10956=CARTESIAN_POINT('',(-0.129855950726551,0.009525,0.0162927270833379));
#10957=CARTESIAN_POINT('',(-0.130866922906411,0.009525,0.0102174896530843));
#10958=CARTESIAN_POINT('',(-0.130866922906411,0.009525,0.0102174896530843));
#10959=CARTESIAN_POINT('',(-0.130866922906411,0.0127,0.0102174896530843));
#10960=CARTESIAN_POINT('',(-0.129855950726551,0.0127,0.0162927270833379));
#10961=CARTESIAN_POINT('',(-0.126722038315343,0.009525,0.0236240191574664));
#10962=CARTESIAN_POINT('',(-0.126722038315343,0.009525,0.0236240191574664));
#10963=CARTESIAN_POINT('',(-0.126425654193799,0.009525,0.0235746982700323));
#10964=CARTESIAN_POINT('',(-0.127018422436887,0.009525,0.0236733400449005));
#10965=CARTESIAN_POINT('',(-0.127018422436887,0.009525,0.0236733400449005));
#10966=CARTESIAN_POINT('',(-0.127018422436887,0.0127,0.0236733400449005));
#10967=CARTESIAN_POINT('',(-0.126722038315343,0.0127,0.0236240191574664));
#10968=CARTESIAN_POINT('',(-0.126425654193799,0.0127,0.0235746982700323));
#10969=CARTESIAN_POINT('',(-0.126425654193799,0.009525,0.0235746982700323));
#10970=CARTESIAN_POINT('',(-0.125821854468288,0.009525,0.0175321610675206));
#10971=CARTESIAN_POINT('',(-0.125821854468288,0.009525,0.0175321610675206));
#10972=CARTESIAN_POINT('',(-0.126784020563333,0.009525,0.0117502141542561));
#10973=CARTESIAN_POINT('',(-0.12512027866249,0.009525,0.0217481421602291));
#10974=CARTESIAN_POINT('',(-0.12512027866249,0.009525,0.0217481421602291));
#10975=CARTESIAN_POINT('',(-0.12512027866249,0.0127,0.0217481421602291));
#10976=CARTESIAN_POINT('',(-0.125821854468288,0.0127,0.0175321610675206));
#10977=CARTESIAN_POINT('',(-0.126784020563333,0.0127,0.0117502141542561));
#10978=CARTESIAN_POINT('',(-0.126784020563333,0.009525,0.0117502141542561));
#10979=CARTESIAN_POINT('',(-0.117230706302275,0.009525,0.0173265393156476));
#10980=CARTESIAN_POINT('',(-0.117230706302275,0.009525,0.0173265393156476));
#10981=CARTESIAN_POINT('',(-0.116937415785286,0.009525,0.0172777332308326));
#10982=CARTESIAN_POINT('',(-0.117992695868067,0.009525,0.0174533409857394));
#10983=CARTESIAN_POINT('',(-0.117992695868067,0.009525,0.0174533409857394));
#10984=CARTESIAN_POINT('',(-0.117992695868067,0.0127,0.0174533409857394));
#10985=CARTESIAN_POINT('',(-0.117230706302275,0.0127,0.0173265393156476));
#10986=CARTESIAN_POINT('',(-0.116937415785286,0.0127,0.0172777332308326));
#10987=CARTESIAN_POINT('',(-0.116937415785286,0.009525,0.0172777332308326));
#10988=CARTESIAN_POINT('',(-0.115556264104976,0.009525,0.0159065389063464));
#10989=CARTESIAN_POINT('',(-0.115556264104976,0.009525,0.0159065389063464));
#10990=CARTESIAN_POINT('',(-0.115741078245223,0.009525,0.0147959348711072));
#10991=CARTESIAN_POINT('',(-0.115632040253977,0.009525,0.0154511771210293));
#10992=CARTESIAN_POINT('',(-0.115632040253977,0.009525,0.0154511771210293));
#10993=CARTESIAN_POINT('',(-0.115632040253977,0.0127,0.0154511771210293));
#10994=CARTESIAN_POINT('',(-0.115556264104976,0.0127,0.0159065389063464));
#10995=CARTESIAN_POINT('',(-0.115741078245223,0.0127,0.0147959348711072));
#10996=CARTESIAN_POINT('',(-0.115741078245223,0.009525,0.0147959348711072));
#10997=CARTESIAN_POINT('',(-0.107366860711943,0.009525,0.0202410069166776));
#10998=CARTESIAN_POINT('',(-0.106462476518446,0.009525,0.020896099546905));
#10999=CARTESIAN_POINT('',(-0.106462476518446,0.009525,0.020896099546905));
#11000=CARTESIAN_POINT('',(-0.106462476518446,0.0127,0.020896099546905));
#11001=CARTESIAN_POINT('',(-0.107366860711943,0.009525,0.0202410069166776));
#11002=CARTESIAN_POINT('',(-0.107057352795062,0.009525,0.0204651996400837));
#11003=CARTESIAN_POINT('',(-0.107057352795062,0.009525,0.0204651996400837));
#11004=CARTESIAN_POINT('',(-0.107057352795062,0.0127,0.0204651996400837));
#11005=CARTESIAN_POINT('',(-0.107366860711943,0.0127,0.0202410069166776));
#11006=CARTESIAN_POINT('',(-0.102129005093111,0.009525,0.0178433316866712));
#11007=CARTESIAN_POINT('',(-0.102129005093111,0.0127,0.0178433316866712));
#11008=CARTESIAN_POINT('',(-0.102659169666307,0.009525,0.0191935844562142));
#11009=CARTESIAN_POINT('',(-0.102659169666307,0.0127,0.0191935844562142));
#11010=CARTESIAN_POINT('',(-0.103515634043716,0.009525,0.0202331261892603));
#11011=CARTESIAN_POINT('',(-0.103515634043716,0.0127,0.0202331261892603));
#11012=CARTESIAN_POINT('',(-0.104698398225339,0.009525,0.0209619568858094));
#11013=CARTESIAN_POINT('',(-0.104698398225339,0.0127,0.0209619568858094));
#11014=CARTESIAN_POINT('',(-0.102129005093111,0.009525,0.0178433316866712));
#11015=CARTESIAN_POINT('',(-0.103129352772059,0.009525,0.0203910730716981));
#11016=CARTESIAN_POINT('',(-0.105678645745945,0.009525,0.0214638690480784));
#11017=CARTESIAN_POINT('',(-0.102129005093111,0.009525,0.0178433316866712));
#11018=CARTESIAN_POINT('',(-0.104698398270621,0.009525,0.0209619569137129));
#11019=CARTESIAN_POINT('',(-0.104698398270621,0.009525,0.0209619569137129));
#11020=CARTESIAN_POINT('',(-0.104698398270621,0.0127,0.0209619569137129));
#11021=CARTESIAN_POINT('',(-0.102129005093111,0.0127,0.0178433316866712));
#11022=CARTESIAN_POINT('',(-0.103129352772059,0.0127,0.0203910730716981));
#11023=CARTESIAN_POINT('',(-0.105678645745945,0.0127,0.0214638690480784));
#11024=CARTESIAN_POINT('',(-0.102129005093111,0.0127,0.0178433316866712));
#11025=CARTESIAN_POINT('',(-0.102129005093111,0.009525,0.0178433316866712));
#11026=CARTESIAN_POINT('',(-0.13637448688808,0.009525,0.0616753833623586));
#11027=CARTESIAN_POINT('',(-0.105531211533883,0.009525,0.0196104472694503));
#11028=CARTESIAN_POINT('',(-0.101741272530859,0.009525,0.0116142008812136));
#11029=CARTESIAN_POINT('',(-0.101128657414163,0.009525,0.0152955903016442));
#11030=CARTESIAN_POINT('',(-0.102129005093111,0.009525,0.0178433316866712));
#11031=CARTESIAN_POINT('',(-0.101741272530859,0.009525,0.0116142008812136));
#11032=CARTESIAN_POINT('',(-0.105287884239783,0.009525,0.00522270612396444));
#11033=CARTESIAN_POINT('',(-0.102446552118987,0.009525,0.00737596264088592));
#11034=CARTESIAN_POINT('',(-0.101741272530859,0.009525,0.0116142008812136));
#11035=CARTESIAN_POINT('',(-0.105287884239783,0.009525,0.00522270612396444));
#11036=CARTESIAN_POINT('',(-0.112404577855566,0.009525,0.00378090682660015));
#11037=CARTESIAN_POINT('',(-0.108129216360578,0.009525,0.00306944960704297));
#11038=CARTESIAN_POINT('',(-0.105287884239783,0.009525,0.00522270612396444));
#11039=CARTESIAN_POINT('',(-0.112404577855566,0.009525,0.00378090682660015));
#11040=CARTESIAN_POINT('',(-0.11757753482251,0.009525,0.00643484122089172));
#11041=CARTESIAN_POINT('',(-0.115689985892958,0.009525,0.00432762720805438));
#11042=CARTESIAN_POINT('',(-0.112404577855566,0.009525,0.00378090682660015));
#11043=CARTESIAN_POINT('',(-0.11757753482251,0.009525,0.00643484122089172));
#11044=CARTESIAN_POINT('',(-0.119667025250595,0.009525,0.0119901983648351));
#11045=CARTESIAN_POINT('',(-0.119465083752062,0.009525,0.00854205523372905));
#11046=CARTESIAN_POINT('',(-0.11757753482251,0.009525,0.00643484122089172));
#11047=CARTESIAN_POINT('',(-0.11934271807457,0.009525,0.00983105783338896));
#11048=CARTESIAN_POINT('',(-0.120518044483016,0.009525,0.00949571626408047));
#11049=CARTESIAN_POINT('',(-0.121217717135989,0.009525,0.0104978661097543));
#11050=CARTESIAN_POINT('',(-0.130298427174922,0.009525,0.0085135567306169));
#11051=CARTESIAN_POINT('',(-0.123640990172597,0.009525,0.00740570149437445));
#11052=CARTESIAN_POINT('',(-0.119667025250595,0.009525,0.0119901983648351));
#11053=CARTESIAN_POINT('',(-0.129731463165292,0.009525,0.00842888733326693));
#11054=CARTESIAN_POINT('',(-0.129300957085855,0.009525,0.00995689936383726));
#11055=CARTESIAN_POINT('',(-0.127279012726134,0.009525,0.0221073742243444));
#11056=CARTESIAN_POINT('',(-0.126686244483046,0.009525,0.0220087324494761));
#11057=CARTESIAN_POINT('',(-0.122279911910538,0.009525,0.0137698374880438));
#11058=CARTESIAN_POINT('',(-0.124312446021726,0.009525,0.0121973262093216));
#11059=CARTESIAN_POINT('',(-0.126784020563333,0.009525,0.0117502141542561));
#11060=CARTESIAN_POINT('',(-0.122279911910538,0.009525,0.0137698374880438));
#11061=CARTESIAN_POINT('',(-0.129113624778243,0.009525,0.0226575497437024));
#11062=CARTESIAN_POINT('',(-0.119600610759788,0.00952500025,0.0167265993721899));
#11063=CARTESIAN_POINT('',(-0.118253286157314,0.009525,0.0158873751651833));
#11064=CARTESIAN_POINT('',(-0.117198006074533,0.009525,0.0157117674102764));
#11065=CARTESIAN_POINT('',(-0.111732245635058,0.009525,0.00782115437540887));
#11066=CARTESIAN_POINT('',(-0.116762446641461,0.009525,0.00865822343401957));
#11067=CARTESIAN_POINT('',(-0.115741078245223,0.009525,0.0147959348711072));
#11068=CARTESIAN_POINT('',(-0.111732245635058,0.009525,0.00782115437540887));
#11069=CARTESIAN_POINT('',(-0.105205108760246,0.009525,0.0123114256033778));
#11070=CARTESIAN_POINT('',(-0.106108072554098,0.009525,0.00688524321393638));
#11071=CARTESIAN_POINT('',(-0.111732245635058,0.009525,0.00782115437540887));
#11072=CARTESIAN_POINT('',(-0.105205108760246,0.009525,0.0123114256033778));
#11073=CARTESIAN_POINT('',(-0.105836704521041,0.009525,0.0164637420914059));
#11074=CARTESIAN_POINT('',(-0.10480356271737,0.009525,0.0147244371562651));
#11075=CARTESIAN_POINT('',(-0.105205108760246,0.009525,0.0123114256033778));
#11076=CARTESIAN_POINT('',(-0.105836704521041,0.009525,0.0164637420914059));
#11077=CARTESIAN_POINT('',(-0.109055075677941,0.009525,0.0190181447852768));
#11078=CARTESIAN_POINT('',(-0.106869846324711,0.009525,0.0182030470265467));
#11079=CARTESIAN_POINT('',(-0.105836704521041,0.009525,0.0164637420914059));
#11080=CARTESIAN_POINT('',(-0.107122583865967,0.009525,0.0179437675030102));
#11081=CARTESIAN_POINT('',(-0.106126087810499,0.009525,0.0191795473626281));
#11082=CARTESIAN_POINT('',(-0.0882154370318043,0.009525,0.0601663320961785));
#11083=CARTESIAN_POINT('',(-0.0882154370318043,0.009525,0.0601663320961785));
#11084=CARTESIAN_POINT('',(-0.0880539781895757,0.009525,0.0600910426015705));
#11085=CARTESIAN_POINT('',(-0.088376895874033,0.009525,0.0602416215907866));
#11086=CARTESIAN_POINT('',(-0.088376895874033,0.009525,0.0602416215907866));
#11087=CARTESIAN_POINT('',(-0.088376895874033,0.0127,0.0602416215907866));
#11088=CARTESIAN_POINT('',(-0.0882154370318043,0.0127,0.0601663320961785));
#11089=CARTESIAN_POINT('',(-0.0880539781895757,0.0127,0.0600910426015705));
#11090=CARTESIAN_POINT('',(-0.0880539781895757,0.009525,0.0600910426015705));
#11091=CARTESIAN_POINT('',(-0.0871082605926908,0.009525,0.0583627955196831));
#11092=CARTESIAN_POINT('',(-0.0871082605926908,0.009525,0.0583627955196831));
#11093=CARTESIAN_POINT('',(-0.0876013066077266,0.009525,0.0573054549283091));
#11094=CARTESIAN_POINT('',(-0.0872861210681683,0.009525,0.0579813724991364));
#11095=CARTESIAN_POINT('',(-0.0872861210681683,0.009525,0.0579813724991364));
#11096=CARTESIAN_POINT('',(-0.0872861210681683,0.0127,0.0579813724991364));
#11097=CARTESIAN_POINT('',(-0.0871082605926908,0.0127,0.0583627955196831));
#11098=CARTESIAN_POINT('',(-0.0876013066077266,0.0127,0.0573054549283091));
#11099=CARTESIAN_POINT('',(-0.0876013066077266,0.009525,0.0573054549283091));
#11100=CARTESIAN_POINT('',(-0.102098164778464,0.009525,0.0560927950734934));
#11101=CARTESIAN_POINT('',(-0.102098164778464,0.009525,0.0560927950734934));
#11102=CARTESIAN_POINT('',(-0.101817320204178,0.009525,0.0559618350977526));
#11103=CARTESIAN_POINT('',(-0.101676806937256,0.009525,0.0558963126853145));
#11104=CARTESIAN_POINT('',(-0.101676806937256,0.009525,0.0558963126853145));
#11105=CARTESIAN_POINT('',(-0.101676806937256,0.0127,0.0558963126853145));
#11106=CARTESIAN_POINT('',(-0.102098164778464,0.0127,0.0560927950734934));
#11107=CARTESIAN_POINT('',(-0.101817320204178,0.0127,0.0559618350977526));
#11108=CARTESIAN_POINT('',(-0.101817320204178,0.009525,0.0559618350977526));
#11109=CARTESIAN_POINT('',(-0.10157145448155,0.009525,0.0599234831544386));
#11110=CARTESIAN_POINT('',(-0.10157145448155,0.0127,0.0599234831544386));
#11111=CARTESIAN_POINT('',(-0.101844656568161,0.009525,0.0593375993890033));
#11112=CARTESIAN_POINT('',(-0.101844656568161,0.0127,0.0593375993890033));
#11113=CARTESIAN_POINT('',(-0.102149256507911,0.009525,0.0587809816220052));
#11114=CARTESIAN_POINT('',(-0.102149256507911,0.0127,0.0587809816220052));
#11115=CARTESIAN_POINT('',(-0.102485254300798,0.009525,0.0582536298534443));
#11116=CARTESIAN_POINT('',(-0.102485254300798,0.0127,0.0582536298534443));
#11117=CARTESIAN_POINT('',(-0.10157145448155,0.009525,0.0599234831544386));
#11118=CARTESIAN_POINT('',(-0.102385245484862,0.009525,0.058178302715988));
#11119=CARTESIAN_POINT('',(-0.103570483128818,0.009525,0.0567793483955057));
#11120=CARTESIAN_POINT('',(-0.10157145448155,0.009525,0.0599234831544386));
#11121=CARTESIAN_POINT('',(-0.102485254300798,0.009525,0.0582536298534455));
#11122=CARTESIAN_POINT('',(-0.102485254300798,0.009525,0.058253629853445));
#11123=CARTESIAN_POINT('',(-0.102485254300798,0.0127,0.058253629853445));
#11124=CARTESIAN_POINT('',(-0.10157145448155,0.0127,0.0599234831544386));
#11125=CARTESIAN_POINT('',(-0.102385245484862,0.0127,0.058178302715988));
#11126=CARTESIAN_POINT('',(-0.103570483128818,0.0127,0.0567793483955057));
#11127=CARTESIAN_POINT('',(-0.10157145448155,0.0127,0.0599234831544386));
#11128=CARTESIAN_POINT('',(-0.10157145448155,0.009525,0.0599234831544386));
#11129=CARTESIAN_POINT('',(-0.13637448688808,0.009525,0.0616753833623586));
#11130=CARTESIAN_POINT('',(-0.108246990137921,0.009525,0.0633109435580218));
#11131=CARTESIAN_POINT('',(-0.0997805943734371,0.00952500025,0.0563258786080727));
#11132=CARTESIAN_POINT('',(-0.0983017367182072,0.009525,0.0586686963409366));
#11133=CARTESIAN_POINT('',(-0.101005900446743,0.009525,0.0573350762972352));
#11134=CARTESIAN_POINT('',(-0.101146413713665,0.009525,0.0574005987096733));
#11135=CARTESIAN_POINT('',(-0.104458446582841,0.009525,0.0662733817042703));
#11136=CARTESIAN_POINT('',(-0.099654936906975,0.009525,0.0640334683563924));
#11137=CARTESIAN_POINT('',(-0.10157145448155,0.009525,0.0599234831544386));
#11138=CARTESIAN_POINT('',(-0.104458446582841,0.009525,0.0662733817042703));
#11139=CARTESIAN_POINT('',(-0.109110517322831,0.009525,0.0670273930910171));
#11140=CARTESIAN_POINT('',(-0.107187067463806,0.009525,0.067545758517266));
#11141=CARTESIAN_POINT('',(-0.104458446582841,0.009525,0.0662733817042703));
#11142=CARTESIAN_POINT('',(-0.109110517322831,0.009525,0.0670273930910171));
#11143=CARTESIAN_POINT('',(-0.111967043511387,0.009525,0.0645080390187272));
#11144=CARTESIAN_POINT('',(-0.111033967181857,0.009525,0.0665090276647684));
#11145=CARTESIAN_POINT('',(-0.109110517322831,0.009525,0.0670273930910171));
#11146=CARTESIAN_POINT('',(-0.111967043511387,0.009525,0.0645080390187272));
#11147=CARTESIAN_POINT('',(-0.111634080777357,0.009525,0.0590999584270329));
#11148=CARTESIAN_POINT('',(-0.113342800940438,0.009525,0.0615577176911836));
#11149=CARTESIAN_POINT('',(-0.111967043511387,0.009525,0.0645080390187272));
#11150=CARTESIAN_POINT('',(-0.111634080777357,0.009525,0.0590999584270329));
#11151=CARTESIAN_POINT('',(-0.104576126762216,0.009525,0.0541478104524051));
#11152=CARTESIAN_POINT('',(-0.109925360614275,0.009525,0.0566421991628821));
#11153=CARTESIAN_POINT('',(-0.111634080777357,0.009525,0.0590999584270329));
#11154=CARTESIAN_POINT('',(-0.104576126762216,0.009525,0.0541478104524051));
#11155=CARTESIAN_POINT('',(-0.0963924007415287,0.009525,0.0530791974895719));
#11156=CARTESIAN_POINT('',(-0.0998465172352101,0.009525,0.0519423573098792));
#11157=CARTESIAN_POINT('',(-0.104576126762216,0.009525,0.0541478104524051));
#11158=CARTESIAN_POINT('',(-0.0963924007415287,0.009525,0.0530791974895719));
#11159=CARTESIAN_POINT('',(-0.091003211178083,0.009525,0.0583658152590658));
#11160=CARTESIAN_POINT('',(-0.0929382842478473,0.009525,0.0542160376692646));
#11161=CARTESIAN_POINT('',(-0.0963924007415287,0.009525,0.0530791974895719));
#11162=CARTESIAN_POINT('',(-0.091003211178083,0.009525,0.0583658152590658));
#11163=CARTESIAN_POINT('',(-0.0904094353320183,0.009525,0.0596391716701829));
#11164=CARTESIAN_POINT('',(-0.090486565976467,0.009525,0.0594737644693793));
#11165=CARTESIAN_POINT('',(-0.0890478023645463,0.009525,0.0588028579788659));
#11166=CARTESIAN_POINT('',(-0.088724884680089,0.009525,0.0586522789896498));
#11167=CARTESIAN_POINT('',(-0.095341228327368,0.009525,0.0497307752588542));
#11168=CARTESIAN_POINT('',(-0.0903157104754507,0.009525,0.0514843970489167));
#11169=CARTESIAN_POINT('',(-0.0876013066077266,0.009525,0.0573054549283091));
#11170=CARTESIAN_POINT('',(-0.095341228327368,0.009525,0.0497307752588542));
#11171=CARTESIAN_POINT('',(-0.106187804058678,0.009525,0.0506915573365159));
#11172=CARTESIAN_POINT('',(-0.100366746179285,0.009525,0.0479771534687917));
#11173=CARTESIAN_POINT('',(-0.095341228327368,0.009525,0.0497307752588542));
#11174=CARTESIAN_POINT('',(-0.106187804058678,0.009525,0.0506915573365159));
#11175=CARTESIAN_POINT('',(-0.115128618016462,0.009525,0.0575425017801867));
#11176=CARTESIAN_POINT('',(-0.113026410141597,0.009525,0.0538804517240864));
#11177=CARTESIAN_POINT('',(-0.106187804058678,0.009525,0.0506915573365159));
#11178=CARTESIAN_POINT('',(-0.115128618016462,0.009525,0.0575425017801867));
#11179=CARTESIAN_POINT('',(-0.114975007833287,0.009525,0.0660421692731648));
#11180=CARTESIAN_POINT('',(-0.117230825891328,0.009525,0.0612045518362869));
#11181=CARTESIAN_POINT('',(-0.115128618016462,0.009525,0.0575425017801867));
#11182=CARTESIAN_POINT('',(-0.114975007833287,0.009525,0.0660421692731648));
#11183=CARTESIAN_POINT('',(-0.11003729436911,0.009525,0.0706500028023449));
#11184=CARTESIAN_POINT('',(-0.113328870331474,0.009525,0.0695723225379135));
#11185=CARTESIAN_POINT('',(-0.114975007833287,0.009525,0.0660421692731648));
#11186=CARTESIAN_POINT('',(-0.11003729436911,0.009525,0.0706500028023449));
#11187=CARTESIAN_POINT('',(-0.102777848875676,0.009525,0.0698774351178784));
#11188=CARTESIAN_POINT('',(-0.106745718406746,0.009525,0.0717276830667763));
#11189=CARTESIAN_POINT('',(-0.11003729436911,0.009525,0.0706500028023449));
#11190=CARTESIAN_POINT('',(-0.102777848875676,0.009525,0.0698774351178784));
#11191=CARTESIAN_POINT('',(-0.097877923486971,0.009525,0.0651357109760123));
#11192=CARTESIAN_POINT('',(-0.0990657875521959,0.009525,0.0681464724951989));
#11193=CARTESIAN_POINT('',(-0.102777848875676,0.009525,0.0698774351178784));
#11194=CARTESIAN_POINT('',(-0.097877923486971,0.009525,0.0651357109760123));
#11195=CARTESIAN_POINT('',(-0.0983017367182072,0.009525,0.0586686963409366));
#11196=CARTESIAN_POINT('',(-0.096690059421746,0.009525,0.0621249494568258));
#11197=CARTESIAN_POINT('',(-0.097877923486971,0.009525,0.0651357109760123));
#11198=CARTESIAN_POINT('',(0.,0.0127,0.));
#11199=CARTESIAN_POINT('',(-0.129300957085855,0.0127,0.00995689936383726));
#11200=CARTESIAN_POINT('',(-0.129731463165292,0.0127,0.00842888733326693));
#11201=CARTESIAN_POINT('',(-0.130298427174922,0.0127,0.0085135567306169));
#11202=CARTESIAN_POINT('',(-0.123640990172597,0.0127,0.00740570149437445));
#11203=CARTESIAN_POINT('',(-0.119667025250595,0.0127,0.0119901983648351));
#11204=CARTESIAN_POINT('',(-0.121217717135985,0.0127,0.0104978661097596));
#11205=CARTESIAN_POINT('',(-0.120518044483016,0.0127,0.00949571626408047));
#11206=CARTESIAN_POINT('',(-0.11934271807457,0.0127,0.00983105783338896));
#11207=CARTESIAN_POINT('',(-0.119667025250595,0.0127,0.0119901983648351));
#11208=CARTESIAN_POINT('',(-0.119465083752062,0.0127,0.00854205523372905));
#11209=CARTESIAN_POINT('',(-0.11757753482251,0.0127,0.00643484122089172));
#11210=CARTESIAN_POINT('',(-0.11757753482251,0.0127,0.00643484122089172));
#11211=CARTESIAN_POINT('',(-0.11757753482251,0.0127,0.00643484122089172));
#11212=CARTESIAN_POINT('',(-0.115689985892958,0.0127,0.00432762720805438));
#11213=CARTESIAN_POINT('',(-0.112404577855566,0.0127,0.00378090682660015));
#11214=CARTESIAN_POINT('',(-0.112404577855566,0.0127,0.00378090682660015));
#11215=CARTESIAN_POINT('',(-0.112404577855566,0.0127,0.00378090682660015));
#11216=CARTESIAN_POINT('',(-0.108129216360578,0.0127,0.00306944960704297));
#11217=CARTESIAN_POINT('',(-0.105287884239783,0.0127,0.00522270612396444));
#11218=CARTESIAN_POINT('',(-0.105287884239783,0.0127,0.00522270612396444));
#11219=CARTESIAN_POINT('',(-0.105287884239783,0.0127,0.00522270612396444));
#11220=CARTESIAN_POINT('',(-0.102446552118987,0.0127,0.00737596264088592));
#11221=CARTESIAN_POINT('',(-0.101741272530859,0.0127,0.0116142008812136));
#11222=CARTESIAN_POINT('',(-0.101741272530859,0.0127,0.0116142008812136));
#11223=CARTESIAN_POINT('',(-0.101741272530859,0.0127,0.0116142008812136));
#11224=CARTESIAN_POINT('',(-0.101128657414163,0.0127,0.0152955903016442));
#11225=CARTESIAN_POINT('',(-0.102129005093111,0.0127,0.0178433316866712));
#11226=CARTESIAN_POINT('',(-0.105531211533883,0.0127,0.0196104472694503));
#11227=CARTESIAN_POINT('',(-0.106126087810499,0.0127,0.0191795473626281));
#11228=CARTESIAN_POINT('',(-0.107122583865967,0.0127,0.0179437675030102));
#11229=CARTESIAN_POINT('',(-0.109055075677941,0.0127,0.0190181447852768));
#11230=CARTESIAN_POINT('',(-0.106869846324711,0.0127,0.0182030470265467));
#11231=CARTESIAN_POINT('',(-0.105836704521041,0.0127,0.0164637420914059));
#11232=CARTESIAN_POINT('',(-0.105836704521041,0.0127,0.0164637420914059));
#11233=CARTESIAN_POINT('',(-0.105836704521041,0.0127,0.0164637420914059));
#11234=CARTESIAN_POINT('',(-0.10480356271737,0.0127,0.0147244371562651));
#11235=CARTESIAN_POINT('',(-0.105205108760246,0.0127,0.0123114256033778));
#11236=CARTESIAN_POINT('',(-0.105205108760246,0.0127,0.0123114256033778));
#11237=CARTESIAN_POINT('',(-0.105205108760246,0.0127,0.0123114256033778));
#11238=CARTESIAN_POINT('',(-0.106108072554098,0.0127,0.00688524321393638));
#11239=CARTESIAN_POINT('',(-0.111732245635058,0.0127,0.00782115437540887));
#11240=CARTESIAN_POINT('',(-0.111732245635058,0.0127,0.00782115437540887));
#11241=CARTESIAN_POINT('',(-0.111732245635058,0.0127,0.00782115437540887));
#11242=CARTESIAN_POINT('',(-0.116762446641461,0.0127,0.00865822343401957));
#11243=CARTESIAN_POINT('',(-0.115741078245223,0.0127,0.0147959348711072));
#11244=CARTESIAN_POINT('',(-0.117198006074533,0.0127,0.0157117674102764));
#11245=CARTESIAN_POINT('',(-0.118253286157314,0.0127,0.0158873751651833));
#11246=CARTESIAN_POINT('',(-0.119600610759787,0.01269999975,0.016726599372191));
#11247=CARTESIAN_POINT('',(-0.129113624778243,0.0127,0.0226575497437024));
#11248=CARTESIAN_POINT('',(-0.122279911910538,0.0127,0.0137698374880438));
#11249=CARTESIAN_POINT('',(-0.122279911910538,0.0127,0.0137698374880438));
#11250=CARTESIAN_POINT('',(-0.124312446021726,0.0127,0.0121973262093216));
#11251=CARTESIAN_POINT('',(-0.126784020563333,0.0127,0.0117502141542561));
#11252=CARTESIAN_POINT('',(-0.126686244483046,0.0127,0.0220087324494761));
#11253=CARTESIAN_POINT('',(-0.127279012726134,0.0127,0.0221073742243444));
#11254=CARTESIAN_POINT('',(-0.215957546949539,0.0127,-0.02954655));
#11255=CARTESIAN_POINT('',(-0.208337546949539,0.0127,-0.02954655));
#11256=CARTESIAN_POINT('',(-0.223577546949538,0.0127,-0.02954655));
#11257=CARTESIAN_POINT('',(-0.143546720227233,0.0127,-0.02954655));
#11258=CARTESIAN_POINT('',(-0.284357786178589,0.0127,-0.02954655));
#11259=CARTESIAN_POINT('',(-0.28732871313151,0.0127,-0.0317985291070472));
#11260=CARTESIAN_POINT('',(-0.290299640084432,0.0127,-0.0340505082140944));
#11261=CARTESIAN_POINT('',(-0.295914012396603,0.0127,-0.0339204356933373));
#11262=CARTESIAN_POINT('',(-0.301528384708775,0.0127,-0.0337903631725802));
#11263=CARTESIAN_POINT('',(-0.300793056957695,0.0127,-0.0324801343226914));
#11264=CARTESIAN_POINT('',(-0.301466918155146,0.0127,-0.0311372576987387));
#11265=CARTESIAN_POINT('',(-0.297429666158362,0.0127,-0.0291113474874526));
#11266=CARTESIAN_POINT('',(-0.293392467955465,0.0127,-0.0270853303072209));
#11267=CARTESIAN_POINT('',(-0.250057629297108,0.0127,-0.113256496740401));
#11268=CARTESIAN_POINT('',(-0.289870397150097,0.0127,-0.0254023859687616));
#11269=CARTESIAN_POINT('',(0.000129957321495195,0.0127,-0.00158217171779898));
#11270=CARTESIAN_POINT('',(-0.289350039764082,0.0127,-0.0253596445574811));
#11271=CARTESIAN_POINT('',(-0.289479997085576,0.0127,-0.0237774728396863));
#11272=CARTESIAN_POINT('',(-0.289609954407071,0.0127,-0.0221953011218914));
#11273=CARTESIAN_POINT('',(-0.000129957321494516,0.0127,0.0015821717177907));
#11274=CARTESIAN_POINT('',(-0.290130311793089,0.0127,-0.0222380425331915));
#11275=CARTESIAN_POINT('',(-0.265186859572388,0.0127,0.0709350515171026));
#11276=CARTESIAN_POINT('',(-0.293879738492382,0.0127,-0.0211525153031265));
#11277=CARTESIAN_POINT('',(-7.74774688849789E-12,0.0127,-5.32860214286224E-13));
#11278=CARTESIAN_POINT('',(-0.294022793878019,0.0127,-0.0190611195936632));
#11279=CARTESIAN_POINT('',(-0.253057906583199,0.0127,-0.106383964671969));
#11280=CARTESIAN_POINT('',(-0.290456102146751,0.0127,-0.0174751561531422));
#11281=CARTESIAN_POINT('',(8.66921291176786E-5,0.0127,-0.00158513113803313));
#11282=CARTESIAN_POINT('',(-0.289934771442758,0.0127,-0.0174466441470253));
#11283=CARTESIAN_POINT('',(-0.290021463571876,0.0127,-0.0158615130089964));
#11284=CARTESIAN_POINT('',(-0.290108155700993,0.0127,-0.0142763818709674));
#11285=CARTESIAN_POINT('',(-8.66921291172257E-5,0.0127,0.00158513113802485));
#11286=CARTESIAN_POINT('',(-0.290629486404989,0.0127,-0.0143048938771038));
#11287=CARTESIAN_POINT('',(-0.263150336693321,0.0127,0.0781521101557128));
#11288=CARTESIAN_POINT('',(-0.294347863164544,0.0127,-0.0131173568399597));
#11289=CARTESIAN_POINT('',(-2.21844764780599E-12,0.0127,-8.62313692673311E-14));
#11290=CARTESIAN_POINT('',(-0.29443373911956,0.0127,-0.0110228339402825));
#11291=CARTESIAN_POINT('',(-0.255869342575927,0.0127,-0.09943204490184));
#11292=CARTESIAN_POINT('',(-0.2908250579148,0.0127,-0.00953488572109916));
#11293=CARTESIAN_POINT('',(4.33622438245244E-5,0.0127,-0.00158690767400743));
#11294=CARTESIAN_POINT('',(-0.290303142929337,0.0127,-0.00952062439687346));
#11295=CARTESIAN_POINT('',(-0.290346505173161,0.0127,-0.00793371672287017));
#11296=CARTESIAN_POINT('',(-0.290389867416986,0.0127,-0.00634680904886689));
#11297=CARTESIAN_POINT('',(-4.33622438242979E-5,0.0127,0.00158690767399914));
#11298=CARTESIAN_POINT('',(-0.290911782402448,0.0127,-0.00636107037309263));
#11299=CARTESIAN_POINT('',(-0.260917441171159,0.0127,0.0853108487608313));
#11300=CARTESIAN_POINT('',(-0.29459633443018,0.0127,-0.00507240971353002));
#11301=CARTESIAN_POINT('',(-3.64019925314096E-12,0.0127,-6.52483709423501E-14));
#11302=CARTESIAN_POINT('',(-0.294624966870718,0.0127,-0.00297632263512194));
#11303=CARTESIAN_POINT('',(-0.258489839276249,0.0127,-0.0924059252133679));
#11304=CARTESIAN_POINT('',(-0.29097698912562,0.0127,-0.00158749999999996));
#11305=CARTESIAN_POINT('',(-2.28241037181817E-17,0.0127,-0.00158750000000415));
#11306=CARTESIAN_POINT('',(-0.29045487933121,0.0127,-0.00158749999999997));
#11307=CARTESIAN_POINT('',(-0.29045487933121,0.0127,2.94902990916057E-17));
#11308=CARTESIAN_POINT('',(-0.29045487933121,0.0127,0.00158750000000003));
#11309=CARTESIAN_POINT('',(2.28241037180624E-17,0.0127,0.00158749999999586));
#11310=CARTESIAN_POINT('',(-0.290976989125623,0.0127,0.00158750000000004));
#11311=CARTESIAN_POINT('',(-0.258489839279616,0.0127,0.0924059252042112));
#11312=CARTESIAN_POINT('',(-0.294624966870718,0.0127,0.0029763226351255));
#11313=CARTESIAN_POINT('',(-3.64031027544342E-12,0.0127,6.56783655239579E-14));
#11314=CARTESIAN_POINT('',(-0.294596334430179,0.0127,0.00507240971353025));
#11315=CARTESIAN_POINT('',(-0.26091744117112,0.0127,-0.0853108487609405));
#11316=CARTESIAN_POINT('',(-0.290911782402449,0.0127,0.00636107037309263));
#11317=CARTESIAN_POINT('',(-4.33622438245697E-5,0.0127,-0.00158690767400743));
#11318=CARTESIAN_POINT('',(-0.290389867416986,0.0127,0.00634680904886688));
#11319=CARTESIAN_POINT('',(-0.290346505173161,0.0127,0.00793371672287017));
#11320=CARTESIAN_POINT('',(-0.290303142929337,0.0127,0.00952062439687345));
#11321=CARTESIAN_POINT('',(4.33622438243432E-5,0.0127,0.00158690767399914));
#11322=CARTESIAN_POINT('',(-0.290825057914799,0.0127,0.00953488572109918));
#11323=CARTESIAN_POINT('',(-0.255869342575884,0.0127,0.0994320449019441));
#11324=CARTESIAN_POINT('',(-0.29443373911956,0.0127,0.0110228339402826));
#11325=CARTESIAN_POINT('',(-2.29150032282633E-12,0.0127,8.80242059797531E-14));
#11326=CARTESIAN_POINT('',(-0.294347863164544,0.0127,0.0131173568399595));
#11327=CARTESIAN_POINT('',(-0.263150336693291,0.0127,-0.078152110155813));
#11328=CARTESIAN_POINT('',(-0.290629486404987,0.0127,0.0143048938770842));
#11329=CARTESIAN_POINT('',(-8.66921291177239E-5,0.0127,-0.00158513113803313));
#11330=CARTESIAN_POINT('',(-0.290108155700993,0.0127,0.0142763818709674));
#11331=CARTESIAN_POINT('',(-0.290021463571876,0.0127,0.0158615130089963));
#11332=CARTESIAN_POINT('',(-0.289934771442758,0.0127,0.0174466441470253));
#11333=CARTESIAN_POINT('',(8.66921291172709E-5,0.0127,0.00158513113802484));
#11334=CARTESIAN_POINT('',(-0.290456102146758,0.0127,0.0174751561531232));
#11335=CARTESIAN_POINT('',(-0.253057906586841,0.0127,0.106383964663592));
#11336=CARTESIAN_POINT('',(-0.294022793878019,0.0127,0.0190611195936655));
#11337=CARTESIAN_POINT('',(-7.6747774802044E-12,0.0127,5.30662319642161E-13));
#11338=CARTESIAN_POINT('',(-0.293879738492382,0.0127,0.0211525153031264));
#11339=CARTESIAN_POINT('',(-0.265186859572378,0.0127,-0.0709350515171399));
#11340=CARTESIAN_POINT('',(-0.290130311793087,0.0127,0.022238042533172));
#11341=CARTESIAN_POINT('',(-0.000129957321495241,0.0127,-0.00158217171779898));
#11342=CARTESIAN_POINT('',(-0.289609954407071,0.0127,0.0221953011218915));
#11343=CARTESIAN_POINT('',(-0.289479997085576,0.0127,0.0237774728396864));
#11344=CARTESIAN_POINT('',(-0.289350039764082,0.0127,0.0253596445574812));
#11345=CARTESIAN_POINT('',(0.000129957321494561,0.0127,0.0015821717177907));
#11346=CARTESIAN_POINT('',(-0.289870397150097,0.0127,0.0254023859687618));
#11347=CARTESIAN_POINT('',(-0.250057629297135,0.0127,0.113256496740347));
#11348=CARTESIAN_POINT('',(-0.293392437808836,0.0127,0.027085181125265));
#11349=CARTESIAN_POINT('',(-4.01753630363544E-12,0.0127,3.90191351451463E-13));
#11350=CARTESIAN_POINT('',(-0.293192309745868,0.0127,0.0291718889666588));
#11351=CARTESIAN_POINT('',(-0.267025490078602,0.0127,-0.0636650584848588));
#11352=CARTESIAN_POINT('',(-0.289414631069552,0.0127,0.0301545963285247));
#11353=CARTESIAN_POINT('',(-0.000173125534849153,0.0127,-0.00157803162173525));
#11354=CARTESIAN_POINT('',(-0.288895635311696,0.0127,0.0300976574073234));
#11355=CARTESIAN_POINT('',(-0.288722509776848,0.0127,0.0316756890290545));
#11356=CARTESIAN_POINT('',(-0.288549384241999,0.0127,0.0332537206507857));
#11357=CARTESIAN_POINT('',(0.00017312553484825,0.0127,0.00157803162172701));
#11358=CARTESIAN_POINT('',(-0.28906837999986,0.0127,0.0333106595719681));
#11359=CARTESIAN_POINT('',(-0.246870749636791,0.0127,0.120044512566668));
#11360=CARTESIAN_POINT('',(-0.292543141307332,0.0127,0.0350890306796622));
#11361=CARTESIAN_POINT('',(-5.07444086750297E-12,0.0127,6.26526608371591E-13));
#11362=CARTESIAN_POINT('',(-0.292286089910094,0.0127,0.0371694934733931));
#11363=CARTESIAN_POINT('',(-0.26866485615709,0.0127,-0.0563475561997968));
#11364=CARTESIAN_POINT('',(-0.288482978302158,0.0127,0.0380486476340179));
#11365=CARTESIAN_POINT('',(-0.00021616455544088,0.0127,-0.00157271393933679));
#11366=CARTESIAN_POINT('',(-0.287965731466548,0.0127,0.0379775536928528));
#11367=CARTESIAN_POINT('',(-0.287749566911108,0.0127,0.0395502676321854));
#11368=CARTESIAN_POINT('',(-0.287533402355667,0.0127,0.0411229815715182));
#11369=CARTESIAN_POINT('',(0.00021616455543975,0.0127,0.00157271393932857));
#11370=CARTESIAN_POINT('',(-0.288050649191286,0.0127,0.041194075512665));
#11371=CARTESIAN_POINT('',(-0.243499645775802,0.0127,0.126742946670505));
#11372=CARTESIAN_POINT('',(-0.291475538150386,0.0127,0.0430666954843661));
#11373=CARTESIAN_POINT('',(2.01366701091388E-13,0.0127,-3.2383817849535E-14));
#11374=CARTESIAN_POINT('',(-0.291161755240263,0.0127,0.0451393607111273));
#11375=CARTESIAN_POINT('',(-0.270103734451326,0.0127,-0.0489880052568549));
#11376=CARTESIAN_POINT('',(-0.287336048725115,0.0127,0.0459143056127288));
#11377=CARTESIAN_POINT('',(-0.000259042265940314,0.0127,-0.00156622263885749));
#11378=CARTESIAN_POINT('',(-0.286820936800724,0.0127,0.045829109704563));
#11379=CARTESIAN_POINT('',(-0.286561894534783,0.0127,0.0473953323434164));
#11380=CARTESIAN_POINT('',(-0.286302852268844,0.0127,0.0489615549822698));
#11381=CARTESIAN_POINT('',(0.000259042265938958,0.0127,0.00156622263884929));
#11382=CARTESIAN_POINT('',(-0.286817964193243,0.0127,0.0490467508904171));
#11383=CARTESIAN_POINT('',(-0.239946833344362,0.0127,0.133346800455094));
#11384=CARTESIAN_POINT('',(-0.290190425023482,0.0127,0.0510122223069189));
#11385=CARTESIAN_POINT('',(-4.00621202878426E-12,0.0127,7.25933202438966E-13));
#11386=CARTESIAN_POINT('',(-0.289820144757042,0.0127,0.0530755432662461));
#11387=CARTESIAN_POINT('',(-0.271341051217631,0.0127,-0.0415918976214765));
#11388=CARTESIAN_POINT('',(-0.285974698220259,0.0127,0.053745700615899));
#11389=CARTESIAN_POINT('',(-0.000301726669392988,0.0127,-0.00155856256434903));
#11390=CARTESIAN_POINT('',(-0.285462105602906,0.0127,0.0536464663171116));
#11391=CARTESIAN_POINT('',(-0.285160378933513,0.0127,0.0552050288814566));
#11392=CARTESIAN_POINT('',(-0.284858652264121,0.0127,0.0567635914458016));
#11393=CARTESIAN_POINT('',(0.00030172666939141,0.0127,0.00155856256434087));
#11394=CARTESIAN_POINT('',(-0.285371244881473,0.0127,0.0568628257445885));
#11395=CARTESIAN_POINT('',(-0.236214963598621,0.0127,0.139851145850518));
#11396=CARTESIAN_POINT('',(-0.288688760926198,0.0127,0.058919681897446));
#11397=CARTESIAN_POINT('',(1.37220790286108E-12,0.0127,-2.90024948501611E-13));
#11398=CARTESIAN_POINT('',(-0.288262259620454,0.0127,0.0609721188619006));
#11399=CARTESIAN_POINT('',(-0.272375883121682,0.0127,-0.0341647525574141));
#11400=CARTESIAN_POINT('',(-0.284399942678327,0.0127,0.0615369885630808));
#11401=CARTESIAN_POINT('',(-0.000344185913097397,0.0127,-0.00154973943204607));
#11402=CARTESIAN_POINT('',(-0.283890251883858,0.0127,0.06142378992603));
#11403=CARTESIAN_POINT('',(-0.283546065970762,0.0127,0.062973529358072));
#11404=CARTESIAN_POINT('',(-0.283201880057665,0.0127,0.0645232687901141));
#11405=CARTESIAN_POINT('',(0.000344185913095598,0.0127,0.00154973943203797));
#11406=CARTESIAN_POINT('',(-0.283711570852157,0.0127,0.0646364674271701));
#11407=CARTESIAN_POINT('',(-0.232306821398938,0.0127,0.146251129073179));
#11408=CARTESIAN_POINT('',(-0.286971666456559,0.0127,0.0667831734132592));
#11409=CARTESIAN_POINT('',(-2.15474860176812E-12,0.0127,5.05803732231414E-13));
#11410=CARTESIAN_POINT('',(-0.286489262382765,0.0127,0.0688231947774821));
#11411=CARTESIAN_POINT('',(-0.273207457933797,0.0127,-0.02671211247759));
#11412=CARTESIAN_POINT('',(-0.282612957240991,0.0127,0.069282355303236));
#11413=CARTESIAN_POINT('',(-0.000386388312374685,0.0127,-0.00153975982610063));
#11414=CARTESIAN_POINT('',(-0.282106548619733,0.0127,0.0691552768009766));
#11415=CARTESIAN_POINT('',(-0.28172016030736,0.0127,0.0706950366270732));
#11416=CARTESIAN_POINT('',(-0.281333771994985,0.0127,0.0722347964531697));
#11417=CARTESIAN_POINT('',(0.000386388312372665,0.0127,0.00153975982609258));
#11418=CARTESIAN_POINT('',(-0.28184018061625,0.0127,0.0723618749554107));
#11419=CARTESIAN_POINT('',(-0.228225323133739,0.0127,0.152541974236918));
#11420=CARTESIAN_POINT('',(-0.285040422974809,0.0127,0.0745968288222882));
#11421=CARTESIAN_POINT('',(-2.20601314993018E-12,0.0127,5.82422998718357E-13));
#11422=CARTESIAN_POINT('',(-0.284502476120965,0.0127,0.0766229122458815));
#11423=CARTESIAN_POINT('',(-0.273835155101188,0.0127,-0.0192395388278242));
#11424=CARTESIAN_POINT('',(-0.280615075423683,0.0127,0.0769760209534201));
#11425=CARTESIAN_POINT('',(-0.000428302374212915,0.0127,-0.00152863119366861));
#11426=CARTESIAN_POINT('',(-0.280112326876753,0.0127,0.0768351574166988));
#11427=CARTESIAN_POINT('',(-0.27968402450254,0.0127,0.0783637886103634));
#11428=CARTESIAN_POINT('',(-0.279255722128329,0.0127,0.079892419804028));
#11429=CARTESIAN_POINT('',(0.00042830237421068,0.0127,0.00152863119366063));
#11430=CARTESIAN_POINT('',(-0.279758470675268,0.0127,0.0800332833407316));
#11431=CARTESIAN_POINT('',(-0.223973514584501,0.0127,0.158718986854967));
#11432=CARTESIAN_POINT('',(-0.28289647164721,0.0127,0.0823548172820485));
#11433=CARTESIAN_POINT('',(-5.130257330066E-12,0.0127,1.50779388974342E-12));
#11434=CARTESIAN_POINT('',(-0.282303383449418,0.0127,0.084365450825624));
#11435=CARTESIAN_POINT('',(-0.274258506215077,0.0127,-0.0117526078949087));
#11436=CARTESIAN_POINT('',(-0.278407788120718,0.0127,0.0846122442120028));
#11437=CARTESIAN_POINT('',(-0.000469896820768379,0.0127,-0.00151636183935266));
#11438=CARTESIAN_POINT('',(-0.277909074817916,0.0127,0.0844577007584685));
#11439=CARTESIAN_POINT('',(-0.277439177997149,0.0127,0.0859740625978172));
#11440=CARTESIAN_POINT('',(-0.276969281176383,0.0127,0.0874904244371659));
#11441=CARTESIAN_POINT('',(0.000469896820765918,0.0127,0.00151636183934471));
#11442=CARTESIAN_POINT('',(-0.277467994479191,0.0127,0.0876449678906824));
#11443=CARTESIAN_POINT('',(-0.219554568604499,0.0127,0.164777557417537));
#11444=CARTESIAN_POINT('',(-0.280541412370588,0.0127,0.0900513494908086));
#11445=CARTESIAN_POINT('',(-2.40893416325605E-12,0.0127,7.71584185432772E-13));
#11446=CARTESIAN_POINT('',(-0.279893625413488,0.0127,0.0920450327442704));
#11447=CARTESIAN_POINT('',(-0.274477195352511,0.0127,-0.00425690674292961));
#11448=CARTESIAN_POINT('',(-0.275992742492593,0.0127,0.0921853266430097));
#11449=CARTESIAN_POINT('',(-0.000511140612706235,0.0127,-0.00150296091900468));
#11450=CARTESIAN_POINT('',(-0.275498436592482,0.0127,0.0920172185987804));
#11451=CARTESIAN_POINT('',(-0.274987295979777,0.0127,0.0935201795177812));
#11452=CARTESIAN_POINT('',(-0.274476155367072,0.0127,0.095023140436782));
#11453=CARTESIAN_POINT('',(0.000511140612703572,0.0127,0.00150296091899685));
#11454=CARTESIAN_POINT('',(-0.274970461267193,0.0127,0.0951912484809941));
#11455=CARTESIAN_POINT('',(-0.214971782777785,0.0127,0.170713164790942));
#11456=CARTESIAN_POINT('',(-0.277977002578435,0.0127,0.0976806820077987));
#11457=CARTESIAN_POINT('',(-3.75519060291652E-12,0.0127,1.3361881046059E-12));
#11458=CARTESIAN_POINT('',(-0.277275000264932,0.0127,0.0996559272099847));
#11459=CARTESIAN_POINT('',(-0.274491059320896,0.0127,0.00324197108107645));
#11460=CARTESIAN_POINT('',(-0.273371740736868,0.0127,0.0996896169285225));
#11461=CARTESIAN_POINT('',(-0.000552002972363306,0.0127,-0.00148843843289376));
#11462=CARTESIAN_POINT('',(-0.272882211109033,0.0127,0.0995080697421202));
#11463=CARTESIAN_POINT('',(-0.272330208136671,0.0127,0.10099650817501));
#11464=CARTESIAN_POINT('',(-0.271778205164309,0.0127,0.1024849466079));
#11465=CARTESIAN_POINT('',(0.000552002972360415,0.0127,0.00148843843288596));
#11466=CARTESIAN_POINT('',(-0.272267734792157,0.0127,0.102666493794286));
#11467=CARTESIAN_POINT('',(-0.210228576956149,0.0127,0.176521379596501));
#11468=CARTESIAN_POINT('',(-0.275205155929441,0.0127,0.105237121539178));
#11469=CARTESIAN_POINT('',(-4.82539008750393E-12,0.0127,1.86105297839134E-12));
#11470=CARTESIAN_POINT('',(-0.274449462119971,0.0127,0.107192454688092));
#11471=CARTESIAN_POINT('',(-0.274300087773945,0.0127,0.0107384296246357));
#11472=CARTESIAN_POINT('',(-0.270546738743278,0.0127,0.107119515085897));
#11473=CARTESIAN_POINT('',(-0.000592453406715433,0.0127,-0.00147280521824321));
#11474=CARTESIAN_POINT('',(-0.270062350693072,0.0127,0.106924664234636));
#11475=CARTESIAN_POINT('',(-0.269469897286358,0.0127,0.108397469452876));
#11476=CARTESIAN_POINT('',(-0.268877443879644,0.0127,0.109870274671115));
#11477=CARTESIAN_POINT('',(0.000592453406712346,0.0127,0.00147280521823553));
#11478=CARTESIAN_POINT('',(-0.269361831929851,0.0127,0.110065125522377));
#11479=CARTESIAN_POINT('',(-0.205328490684349,0.0127,0.182197867542207));
#11480=CARTESIAN_POINT('',(-0.272227940879457,0.0127,0.112715029186577));
#11481=CARTESIAN_POINT('',(-4.91387486256656E-12,0.0127,2.0644874698661E-12));
#11482=CARTESIAN_POINT('',(-0.271419119501059,0.0127,0.114648991139347));
#11483=CARTESIAN_POINT('',(-0.273904423221773,0.0127,0.0182268747498629));
#11484=CARTESIAN_POINT('',(-0.267519844634178,0.0127,0.114469476646685));
#11485=CARTESIAN_POINT('',(-0.000632461730132573,0.0127,-0.00145607294114368));
#11486=CARTESIAN_POINT('',(-0.267040959630119,0.0127,0.114261467535572));
#11487=CARTESIAN_POINT('',(-0.266408497899988,0.0127,0.115717540476712));
#11488=CARTESIAN_POINT('',(-0.265776036169857,0.0127,0.117173613417852));
#11489=CARTESIAN_POINT('',(0.000632461730129289,0.0127,0.00145607294113612));
#11490=CARTESIAN_POINT('',(-0.266254921173896,0.0127,0.117381622528956));
#11491=CARTESIAN_POINT('',(-0.2002751806018,0.0127,0.187738392606688));
#11492=CARTESIAN_POINT('',(-0.26904757913792,0.0127,0.12010882465508));
#11493=CARTESIAN_POINT('',(-3.62271324050312E-12,0.0127,1.64426805504547E-12));
#11494=CARTESIAN_POINT('',(-0.268186233763424,0.0127,0.122019972216805));
#11495=CARTESIAN_POINT('',(-0.273304360923324,0.0127,0.0257017183074472));
#11496=CARTESIAN_POINT('',(-0.264293317191394,0.0127,0.121734016794121));
#11497=CARTESIAN_POINT('',(-0.000671998086904445,0.0127,-0.00143825408784744));
#11498=CARTESIAN_POINT('',(-0.263820292595415,0.0127,0.12151300464735));
#11499=CARTESIAN_POINT('',(-0.263148294508513,0.0127,0.122951258735194));
#11500=CARTESIAN_POINT('',(-0.26247629642161,0.0127,0.124389512823038));
#11501=CARTESIAN_POINT('',(0.000671998086900944,0.0127,0.00143825408783995));
#11502=CARTESIAN_POINT('',(-0.262949321017598,0.0127,0.124610524969792));
#11503=CARTESIAN_POINT('',(-0.195072417665052,0.0127,0.193138820256078));
#11504=CARTESIAN_POINT('',(-0.265666444009966,0.0127,0.127412990417382));
#11505=CARTESIAN_POINT('',(-1.43948741815336E-12,0.0127,6.87866430482131E-13));
#11506=CARTESIAN_POINT('',(-0.264753217407558,0.0127,0.129299897418157));
#11507=CARTESIAN_POINT('',(-0.272500348669905,0.0127,0.0331573822606319));
#11508=CARTESIAN_POINT('',(-0.260869564170614,0.0127,0.128907714456098));
#11509=CARTESIAN_POINT('',(-0.000711032973519962,0.0127,-0.0014193619554506));
#11510=CARTESIAN_POINT('',(-0.2604027529714,0.0127,0.128673864201218));
#11511=CARTESIAN_POINT('',(-0.259691719997882,0.0127,0.130093226156665));
#11512=CARTESIAN_POINT('',(-0.258980687024364,0.0127,0.131512588112111));
#11513=CARTESIAN_POINT('',(0.000711032973516244,0.0127,0.00141936195544318));
#11514=CARTESIAN_POINT('',(-0.259447498223578,0.0127,0.131746438366992));
#11515=CARTESIAN_POINT('',(-0.189724084385891,0.0127,0.198395120473094));
#11516=CARTESIAN_POINT('',(-0.262087058625323,0.0127,0.134622075831294));
#11517=CARTESIAN_POINT('',(-6.24669760362906E-12,0.0127,3.22497584193116E-12));
#11518=CARTESIAN_POINT('',(-0.261122632278925,0.0127,0.136483334190388));
#11519=CARTESIAN_POINT('',(-0.27149298644328,0.0127,0.0405883029419512));
#11520=CARTESIAN_POINT('',(-0.257251140504657,0.0127,0.13598521635058));
#11521=CARTESIAN_POINT('',(-0.000749537260683807,0.0127,-0.00139941064197028));
#11522=CARTESIAN_POINT('',(-0.256790891054218,0.0127,0.135738702495413));
#11523=CARTESIAN_POINT('',(-0.256041353793536,0.0127,0.13713811313738));
#11524=CARTESIAN_POINT('',(-0.255291816532854,0.0127,0.138537523779346));
#11525=CARTESIAN_POINT('',(0.000749537260679895,0.0127,0.00139941064196298));
#11526=CARTESIAN_POINT('',(-0.255752065983306,0.0127,0.138784037634498));
#11527=CARTESIAN_POINT('',(-0.184234171885937,0.0127,0.203503370815098));
#11528=CARTESIAN_POINT('',(-0.258312094055511,0.0127,0.141730701207101));
#11529=CARTESIAN_POINT('',(-1.25846555398823E-12,0.0127,6.95415947049582E-13));
#11530=CARTESIAN_POINT('',(-0.257297187656207,0.0127,0.143564921983772));
#11531=CARTESIAN_POINT('',(-0.270283025975596,0.0127,0.0479889351108713));
#11532=CARTESIAN_POINT('',(-0.253440746396866,0.0127,0.142961240980415));
#11533=CARTESIAN_POINT('',(-0.000787482215053983,0.0127,-0.00137841503582445));
#11534=CARTESIAN_POINT('',(-0.252987402150589,0.0127,0.142702247482839));
#11535=CARTESIAN_POINT('',(-0.252199919935537,0.0127,0.144080662518659));
#11536=CARTESIAN_POINT('',(-0.251412437720485,0.0127,0.14545907755448));
#11537=CARTESIAN_POINT('',(0.000787482215049853,0.0127,0.00137841503581722));
#11538=CARTESIAN_POINT('',(-0.251865781966775,0.0127,0.145718071052041));
#11539=CARTESIAN_POINT('',(-0.178606776941378,0.0127,0.20845975931631));
#11540=CARTESIAN_POINT('',(-0.254344367320566,0.0127,0.148733561822142));
#11541=CARTESIAN_POINT('',(-1.15343845585869E-12,0.0127,6.64412969086925E-13));
#11542=CARTESIAN_POINT('',(-0.253279738229544,0.0127,0.150539376252107));
#11543=CARTESIAN_POINT('',(-0.268871370184801,0.0127,0.0553537561376659));
#11544=CARTESIAN_POINT('',(-0.249441225306123,0.0127,0.149830582574589));
#11545=CARTESIAN_POINT('',(-0.000824839520683415,0.0127,-0.00135639080472106));
#11546=CARTESIAN_POINT('',(-0.248995124566476,0.0127,0.149559302705257));
#11547=CARTESIAN_POINT('',(-0.248170285045794,0.0127,0.150915693509975));
#11548=CARTESIAN_POINT('',(-0.247345445525113,0.0127,0.152272084314692));
#11549=CARTESIAN_POINT('',(0.000824839520679117,0.0127,0.001356390804714));
#11550=CARTESIAN_POINT('',(-0.247791546264774,0.0127,0.15254336418401));
#11551=CARTESIAN_POINT('',(-0.172846098926362,0.0127,0.213260587332806));
#11552=CARTESIAN_POINT('',(-0.250186839286871,0.0127,0.155625431879385));
#11553=CARTESIAN_POINT('',(-3.12538883662228E-12,0.0127,1.96449800871079E-12));
#11554=CARTESIAN_POINT('',(-0.249073502840254,0.0127,0.15740114288939));
#11555=CARTESIAN_POINT('',(-0.266431520199461,0.0127,0.0666099883820573));
#11556=CARTESIAN_POINT('',(-0.245548405809496,0.0127,0.156655816198505));
#11557=CARTESIAN_POINT('',(-0.221436722366604,0.0127,0.142735055164699));
#11558=CARTESIAN_POINT('',(-0.197325064672577,0.0127,0.128814183104445));
#11559=CARTESIAN_POINT('',(-0.0922017350589596,0.0127,0.0776927135838357));
#11560=CARTESIAN_POINT('',(0.0129215945546585,0.0127,0.0265712440632259));
#11561=CARTESIAN_POINT('',(-1.66146940643999E-17,0.0127,-6.93889390390723E-17));
#11562=CARTESIAN_POINT('',(-5.42761318250208E-18,0.0127,-0.02954655));
#11563=CARTESIAN_POINT('',(-0.143546720227233,0.0127,-0.02954655));
#11564=CARTESIAN_POINT('',(-0.0700535876705064,0.0127,-0.0164096232843789));
#11565=CARTESIAN_POINT('',(-0.0700491843423673,0.0127,-0.0195846202309445));
#11566=CARTESIAN_POINT('',(-0.0676161860055227,0.0127,-0.0143749984728879));
#11567=CARTESIAN_POINT('',(-0.123249478686244,0.0127,0.0522715298908061));
#11568=CARTESIAN_POINT('',(-0.0859101986599279,0.0127,0.00754051963701011));
#11569=CARTESIAN_POINT('',(-0.0883476003249116,0.0127,0.0055058948255191));
#11570=CARTESIAN_POINT('',(-0.0915164525603819,0.0127,0.00570338029271849));
#11571=CARTESIAN_POINT('',(3.19189119579733E-16,0.0127,-1.38777878078145E-17));
#11572=CARTESIAN_POINT('',(-0.091694,0.0127,1.7347234759768E-18));
#11573=CARTESIAN_POINT('',(-0.091694,0.0127,0.0533875898299628));
#11574=CARTESIAN_POINT('',(-0.091694,0.0127,-0.0164352325278136));
#11575=CARTESIAN_POINT('',(-0.088519,0.0127,-0.0164352325278136));
#11576=CARTESIAN_POINT('',(-0.088514596671861,0.0127,-0.0196102294743793));
#11577=CARTESIAN_POINT('',(-0.121811179144196,0.0127,-0.0196564077167528));
#11578=CARTESIAN_POINT('',(-0.121811179144196,0.0127,-0.0196564077167528));
#11579=CARTESIAN_POINT('',(-0.044445596671861,0.0127,-0.0195491112210315));
#11580=CARTESIAN_POINT('',(-0.0407449742980161,0.0127,-0.0195439789154246));
#11581=CARTESIAN_POINT('',(-0.0407493776261552,0.0127,-0.016368981968859));
#11582=CARTESIAN_POINT('',(-0.0391523177836612,0.0127,-0.0191130710453091));
#11583=CARTESIAN_POINT('',(-0.0694533953194121,0.0127,-0.0367482981711162));
#11584=CARTESIAN_POINT('',(-0.0256763437641758,0.0127,-0.0112700541659687));
#11585=CARTESIAN_POINT('',(-0.0272734036066698,0.0127,-0.00852596508951852));
#11586=CARTESIAN_POINT('',(-0.024243025428151,0.0127,-0.00757863563512758));
#11587=CARTESIAN_POINT('',(2.60208521396521E-18,0.0127,4.33680868994202E-18));
#11588=CARTESIAN_POINT('',(-0.0185595597571562,0.0127,0.0173407826126894));
#11589=CARTESIAN_POINT('',(-0.0208795047268007,0.0127,0.0195083804392755));
#11590=CARTESIAN_POINT('',(-0.0182505620963816,0.0127,0.0212886291988498));
#11591=CARTESIAN_POINT('',(-0.0657439355125162,0.0127,0.0914234086023471));
#11592=CARTESIAN_POINT('',(-0.0257078045714907,0.0127,0.0323009456196598));
#11593=CARTESIAN_POINT('',(-0.0283367472019097,0.0127,0.0305206968600856));
#11594=CARTESIAN_POINT('',(-0.0269482242538484,0.0127,0.0333759777609265));
#11595=CARTESIAN_POINT('',(-0.111620242455734,0.0127,0.0745519756451819));
#11596=CARTESIAN_POINT('',(-0.0322274460805479,0.0127,0.0359432630504823));
#11597=CARTESIAN_POINT('',(-0.0336159690286092,0.0127,0.0330879821496413));
#11598=CARTESIAN_POINT('',(-0.0364934962524505,0.0127,0.034429795130668));
#11599=CARTESIAN_POINT('',(-0.0444885996736724,0.0127,0.0172842405136682));
#11600=CARTESIAN_POINT('',(-0.0431629083576204,0.0127,0.0201271947154009));
#11601=CARTESIAN_POINT('',(-1.52655665885959E-16,0.0127,4.62158841104353E-17));
#11602=CARTESIAN_POINT('',(-0.047625,0.0127,1.56125112837912E-17));
#11603=CARTESIAN_POINT('',(-0.047625,0.0127,0.0533875898299628));
#11604=CARTESIAN_POINT('',(-0.047625,0.0127,-0.0163741142744659));
#11605=CARTESIAN_POINT('',(-0.04445,0.0127,-0.0163741142744659));
#11606=CARTESIAN_POINT('',(-0.163922597444498,0.0127,0.0658913571498481));
#11607=CARTESIAN_POINT('',(-0.166185489441336,0.0127,0.068118450504571));
#11608=CARTESIAN_POINT('',(-0.166868509296461,0.0127,0.0670755143862254));
#11609=CARTESIAN_POINT('',(3.46944695195362E-16,0.0127,5.20417042793042E-17));
#11610=CARTESIAN_POINT('',(-0.17229580189351,0.0127,0.0515594867592023));
#11611=CARTESIAN_POINT('',(-0.169254076124032,0.0127,0.0506492508868652));
#11612=CARTESIAN_POINT('',(-0.167985403365603,0.0127,0.0477387364251207));
#11613=CARTESIAN_POINT('',(-0.127199598564491,0.0127,0.0655169815298395));
#11614=CARTESIAN_POINT('',(-0.127131042016072,0.0127,0.0655468648465295));
#11615=CARTESIAN_POINT('',(-0.128399714774499,0.0127,0.0684573793082739));
#11616=CARTESIAN_POINT('',(-0.125522187550658,0.0127,0.0671155663272472));
#11617=CARTESIAN_POINT('',(-0.130135591856423,0.0127,0.057222088866426));
#11618=CARTESIAN_POINT('',(-0.121445896956654,0.0127,0.0758571997160959));
#11619=CARTESIAN_POINT('',(-0.124323424180496,0.0127,0.0771990126971226));
#11620=CARTESIAN_POINT('',(-0.122934901232434,0.0127,0.0800542935979635));
#11621=CARTESIAN_POINT('',(-0.111620242455734,0.0127,0.074551975645182));
#11622=CARTESIAN_POINT('',(-0.151148822370148,0.0127,0.093774721925337));
#11623=CARTESIAN_POINT('',(-0.152537345318209,0.0127,0.090919441024496));
#11624=CARTESIAN_POINT('',(-0.15541487254205,0.0127,0.0922612540055227));
#11625=CARTESIAN_POINT('',(-0.164320615275658,0.0127,0.0731628270810235));
#11626=CARTESIAN_POINT('',(-0.158659393533697,0.0127,0.0853033562851973));
#11627=CARTESIAN_POINT('',(-0.155781866309856,0.0127,0.0839615433041706));
#11628=CARTESIAN_POINT('',(-0.15894928398832,0.0127,0.0841808381973021));
#11629=CARTESIAN_POINT('',(-0.184288625416032,0.0127,0.0859351973423538));
#11630=CARTESIAN_POINT('',(-0.154452468099234,0.0127,-0.0165266740946153));
#11631=CARTESIAN_POINT('',(-0.154448064771094,0.0127,-0.019701671041181));
#11632=CARTESIAN_POINT('',(-0.151683798958411,0.0127,-0.0149726161199382));
#11633=CARTESIAN_POINT('',(-0.173729155740078,0.0127,0.0243028163377859));
#11634=CARTESIAN_POINT('',(-0.172666114288413,0.0127,0.0224089294232701));
#11635=CARTESIAN_POINT('',(-0.175434783429235,0.0127,0.020854871448593));
#11636=CARTESIAN_POINT('',(-0.178587584908761,0.0127,0.0212296618309402));
#11637=CARTESIAN_POINT('',(-4.71844785465692E-16,0.0127,1.04083408558608E-17));
#11638=CARTESIAN_POINT('',(-0.179845,0.0127,4.33680868994202E-17));
#11639=CARTESIAN_POINT('',(-0.179845,0.0127,0.0533875898299628));
#11640=CARTESIAN_POINT('',(-0.179845,0.0127,-0.0165574870639015));
#11641=CARTESIAN_POINT('',(-0.17667,0.0127,-0.0165574870639015));
#11642=CARTESIAN_POINT('',(-0.176665596671861,0.0127,-0.0197324840104673));
#11643=CARTESIAN_POINT('',(-0.121811179144196,0.0127,-0.0196564077167528));
#11644=CARTESIAN_POINT('',(-0.247185467211487,0.0127,0.0136776298717872));
#11645=CARTESIAN_POINT('',(-0.244010499713756,0.0127,0.0136919960942489));
#11646=CARTESIAN_POINT('',(-0.245678944419205,0.0127,0.0164724490209153));
#11647=CARTESIAN_POINT('',(-0.16519664282567,0.0127,-0.0269108309898308));
#11648=CARTESIAN_POINT('',(-0.275248993608077,0.0127,0.0324119251354434));
#11649=CARTESIAN_POINT('',(-0.27675551640036,0.0127,0.0296171059863152));
#11650=CARTESIAN_POINT('',(-0.279912490557264,0.0127,0.0299549508806725));
#11651=CARTESIAN_POINT('',(9.15933995315754E-16,0.0127,-2.7451999007333E-16));
#11652=CARTESIAN_POINT('',(-0.281494288985893,0.0127,-0.00304412886716133));
#11653=CARTESIAN_POINT('',(-0.278319474622036,0.0127,-0.00300979586492631));
#11654=CARTESIAN_POINT('',(-0.280878450866736,0.0127,-0.00488922811405421));
#11655=CARTESIAN_POINT('',(-0.252980162678977,0.0127,-0.042874665883036));
#11656=CARTESIAN_POINT('',(-0.270835081850356,0.0127,-0.0185639656533278));
#11657=CARTESIAN_POINT('',(-0.268276105605656,0.0127,-0.0166845334041999));
#11658=CARTESIAN_POINT('',(-0.268271702277517,0.0127,-0.0198595303507656));
#11659=CARTESIAN_POINT('',(-0.121811179144196,0.0127,-0.0196564077167528));
#11660=CARTESIAN_POINT('',(-0.259487863913885,0.0127,-0.0198473482531806));
#11661=CARTESIAN_POINT('',(-0.259492267242024,0.0127,-0.0166723513066149));
#11662=CARTESIAN_POINT('',(-0.25867264909536,0.0127,-0.0197397363645527));
#11663=CARTESIAN_POINT('',(-0.112788408725342,0.0127,0.0192411442425447));
#11664=CARTESIAN_POINT('',(-0.246243547716752,0.0127,-0.0164186283705423));
#11665=CARTESIAN_POINT('',(-0.247063165863416,0.0127,-0.0133512433126044));
#11666=CARTESIAN_POINT('',(-0.243888198365684,0.0127,-0.0133368770901427));
#11667=CARTESIAN_POINT('',(-0.244187612472192,0.0127,0.0528343143318046));
#11668=CARTESIAN_POINT('',(-0.230615407493829,0.0127,0.0155638499881949));
#11669=CARTESIAN_POINT('',(-0.230615407493829,0.0127,0.0135445499881949));
#11670=CARTESIAN_POINT('',(-0.230614550039882,0.0127,-0.0155765500000022));
#11671=CARTESIAN_POINT('',(-0.230614550039882,0.0127,-0.0175958500000023));
#11672=CARTESIAN_POINT('',(-0.270173716340922,0.0127,0.0756166741519015));
#11673=CARTESIAN_POINT('',(-0.270173716340922,0.0127,0.0735973741519015));
#11674=CARTESIAN_POINT('',(-0.184288625416032,0.0127,0.0859351973423538));
#11675=CARTESIAN_POINT('',(-0.184288625416032,0.0127,0.0716286473423538));
#11676=CARTESIAN_POINT('',(-0.211912886764909,0.0127,0.0988166019602103));
#11677=CARTESIAN_POINT('',(-0.211912886764909,0.0127,0.0845100519602103));
#11678=CARTESIAN_POINT('',(0.,0.0127,8.76023533217079E-19));
#11679=CARTESIAN_POINT('',(0.,0.0127,-0.01430655));
#11680=CARTESIAN_POINT('',(1.7347234759768E-18,0.0127,-0.0182372));
#11681=CARTESIAN_POINT('',(1.7347234759768E-18,0.0127,-0.0207899));
#11682=CARTESIAN_POINT('',(-3.46944695195361E-18,0.0127,0.0182372));
#11683=CARTESIAN_POINT('',(-3.46944695195361E-18,0.0127,0.0156845));
#11684=CARTESIAN_POINT('',(-0.270089842400914,0.0127,0.0672477944388093));
#11685=CARTESIAN_POINT('',(-0.270121661042798,0.0127,0.0704226349976462));
#11686=CARTESIAN_POINT('',(-0.273170780636914,0.0127,0.0680148958571057));
#11687=CARTESIAN_POINT('',(2.77555756156289E-17,0.0127,-1.56125112837912E-16));
#11688=CARTESIAN_POINT('',(-0.275811534188051,0.0127,0.0563586644719977));
#11689=CARTESIAN_POINT('',(-0.272700812391128,0.0127,0.0557230270736755));
#11690=CARTESIAN_POINT('',(-0.270650548005637,0.0127,0.0532987661657716));
#11691=CARTESIAN_POINT('',(-0.183891920354118,0.0127,0.126672933041938));
#11692=CARTESIAN_POINT('',(-0.235235954283003,0.0127,0.0832498659007003));
#11693=CARTESIAN_POINT('',(-0.237286218668493,0.0127,0.0856741268086042));
#11694=CARTESIAN_POINT('',(-0.234466959568095,0.0127,0.0871344018254494));
#11695=CARTESIAN_POINT('',(-0.211912886764909,0.0127,0.0988166019602104));
#11696=CARTESIAN_POINT('',(-0.227532813576922,0.0127,0.118846027473375));
#11697=CARTESIAN_POINT('',(-0.229485304428423,0.0127,0.12134970566252));
#11698=CARTESIAN_POINT('',(-0.226610341245062,0.0127,0.122697003585892));
#11699=CARTESIAN_POINT('',(-0.181125654106226,0.0127,0.0256384401735778));
#11700=CARTESIAN_POINT('',(-0.23355746395778,0.0127,0.137521283860422));
#11701=CARTESIAN_POINT('',(-0.23643242714114,0.0127,0.13617398593705));
#11702=CARTESIAN_POINT('',(-0.234706282823954,0.0127,0.138838765627052));
#11703=CARTESIAN_POINT('',(-0.116260021692062,0.0127,0.0621137210344498));
#11704=CARTESIAN_POINT('',(-0.239321995495728,0.0127,0.141828651142933));
#11705=CARTESIAN_POINT('',(-0.241048139812915,0.0127,0.139163871452931));
#11706=CARTESIAN_POINT('',(-0.243797796830982,0.0127,0.140751325793375));
#11707=CARTESIAN_POINT('',(2.77555756156289E-17,0.0127,-1.56125112837912E-16));
#11708=CARTESIAN_POINT('',(-0.268789261862943,0.0127,0.083669792394913));
#11709=CARTESIAN_POINT('',(-0.265757740291094,0.0127,0.0827261282812525));
#11710=CARTESIAN_POINT('',(-0.267432996759162,0.0127,0.0800290667754289));
#11711=CARTESIAN_POINT('',(-0.270173716340922,0.0127,0.0756166741519015));
#11712=CARTESIAN_POINT('',(1.94289029309402E-16,0.0127,-7.97972798949331E-17));
#11713=CARTESIAN_POINT('',(-0.132966575463392,0.0127,0.0501965106908657));
#11714=CARTESIAN_POINT('',(-0.142126,0.0127,-5.36891572485906E-17));
#11715=CARTESIAN_POINT('',(-0.135936960031284,0.0127,0.0513178672438081));
#11716=CARTESIAN_POINT('',(-0.137205632789712,0.0127,0.0542283817055525));
#11717=CARTESIAN_POINT('',(-0.124662253047635,0.0127,0.0596959526063506));
#11718=CARTESIAN_POINT('',(-0.17097601367721,0.0127,0.0395081104831177));
#11719=CARTESIAN_POINT('',(-0.169707340918783,0.0127,0.0365975960213733));
#11720=CARTESIAN_POINT('',(-0.172476010059605,0.0127,0.0350435380466961));
#11721=CARTESIAN_POINT('',(-0.168191817458433,0.0127,0.0274109322871403));
#11722=CARTESIAN_POINT('',(-0.148069669140822,0.0127,-0.00843816214937403));
#11723=CARTESIAN_POINT('',(-0.145301,0.0127,-0.00688410417469684));
#11724=CARTESIAN_POINT('',(-0.142126,0.0127,-0.00688410417469684));
#11725=CARTESIAN_POINT('',(-0.142126,0.0127,0.0533875898299628));
#11726=CARTESIAN_POINT('',(-0.197494302313125,0.0127,-0.016586367796039));
#11727=CARTESIAN_POINT('',(-0.198725629275215,0.0127,-0.0195128774769436));
#11728=CARTESIAN_POINT('',(-0.197489898984985,0.0127,-0.0197613647426046));
#11729=CARTESIAN_POINT('',(-0.121811179144196,0.0127,-0.0196564077167528));
#11730=CARTESIAN_POINT('',(-0.189365596671861,0.0127,-0.0197500973399623));
#11731=CARTESIAN_POINT('',(-0.18937,0.0127,-0.0165751003933966));
#11732=CARTESIAN_POINT('',(-0.186195,0.0127,-0.0165751003933966));
#11733=CARTESIAN_POINT('',(-0.186195,0.0127,0.0533875898299628));
#11734=CARTESIAN_POINT('',(-0.186195,0.0127,4.4611807470947E-17));
#11735=CARTESIAN_POINT('',(-4.71844785465692E-16,0.0127,1.04083408558608E-17));
#11736=CARTESIAN_POINT('',(-0.183998685297058,0.0127,0.0285142391438821));
#11737=CARTESIAN_POINT('',(-0.187136233705007,0.0127,0.0290004643877492));
#11738=CARTESIAN_POINT('',(-0.188404906463434,0.0127,0.0319109788494936));
#11739=CARTESIAN_POINT('',(-0.124662253047635,0.0127,0.0596959526063506));
#11740=CARTESIAN_POINT('',(-0.22374994688908,0.0127,0.0165043246229188));
#11741=CARTESIAN_POINT('',(-0.222481274130652,0.0127,0.0135938101611744));
#11742=CARTESIAN_POINT('',(-0.225567060687245,0.0127,0.0143411697313643));
#11743=CARTESIAN_POINT('',(-0.230615407493829,0.0127,0.0155638499881949));
#11744=CARTESIAN_POINT('',(-0.226701336172695,0.0127,0.0121490588989673));
#11745=CARTESIAN_POINT('',(-0.224308872039971,0.0127,0.0100617782820801));
#11746=CARTESIAN_POINT('',(-0.227483839537703,0.0127,0.0100474120596184));
#11747=CARTESIAN_POINT('',(-0.227677781483986,0.0127,0.0529090186886075));
#11748=CARTESIAN_POINT('',(-0.227414178510057,0.0127,-0.00534783183442172));
#11749=CARTESIAN_POINT('',(-0.224239211012325,0.0127,-0.00533346561196008));
#11750=CARTESIAN_POINT('',(-0.225470537974416,0.0127,-0.00825997529286473));
#11751=CARTESIAN_POINT('',(-0.159524992645003,0.0127,-0.0360065187346));
#11752=CARTESIAN_POINT('',(-1.52655665885959E-16,0.0127,4.62158841104353E-17));
#11753=CARTESIAN_POINT('',(-0.0489179628053032,0.0127,0.0228108206774543));
#11754=CARTESIAN_POINT('',(-0.053975,0.0127,6.93889390390723E-18));
#11755=CARTESIAN_POINT('',(-0.050243654121355,0.0127,0.0199678664757216));
#11756=CARTESIAN_POINT('',(-0.0435685943886058,0.0127,0.034282578267417));
#11757=CARTESIAN_POINT('',(-0.0464461216124472,0.0127,0.0356243912484437));
#11758=CARTESIAN_POINT('',(-0.0478184911984649,0.0127,0.0384874711843473));
#11759=CARTESIAN_POINT('',(-0.102261508279525,0.0127,0.0123911195330575));
#11760=CARTESIAN_POINT('',(-0.0838865113557588,0.0127,0.0211988676525275));
#11761=CARTESIAN_POINT('',(-0.0825141417697411,0.0127,0.018335787716624));
#11762=CARTESIAN_POINT('',(-0.0849515434347247,0.0127,0.0163011629051329));
#11763=CARTESIAN_POINT('',(-0.118374675356276,0.0127,0.0563407795137881));
#11764=CARTESIAN_POINT('',(-0.0595874016649837,0.0127,-0.0140840958567236));
#11765=CARTESIAN_POINT('',(-0.05715,0.0127,-0.0120494710452326));
#11766=CARTESIAN_POINT('',(-0.053975,0.0127,-0.0120494710452326));
#11767=CARTESIAN_POINT('',(-0.053975,0.0127,0.0533875898299628));
#11768=CARTESIAN_POINT('',(-0.0732525303030486,0.0127,0.0523632397593522));
#11769=CARTESIAN_POINT('',(-0.0718640073549873,0.0127,0.0552185206601931));
#11770=CARTESIAN_POINT('',(-0.07613005752689,0.0127,0.0537050527403789));
#11771=CARTESIAN_POINT('',(-0.0844286775405904,0.0127,0.0359086046903191));
#11772=CARTESIAN_POINT('',(-0.0831029862245385,0.0127,0.0387515588920518));
#11773=CARTESIAN_POINT('',(7.63278329429795E-17,0.0127,-6.24500451351651E-17));
#11774=CARTESIAN_POINT('',(-0.0852879503638897,0.0127,0.0336712809190071));
#11775=CARTESIAN_POINT('',(-0.0823347664870237,0.0127,0.0325053778400941));
#11776=CARTESIAN_POINT('',(-0.0809623969010059,0.0127,0.0296422979041906));
#11777=CARTESIAN_POINT('',(-0.105006247451561,0.0127,0.0181172794048646));
#11778=CARTESIAN_POINT('',(-0.0558239163213733,0.0127,0.0416920090399356));
#11779=CARTESIAN_POINT('',(-0.0571962859073911,0.0127,0.0445550889758391));
#11780=CARTESIAN_POINT('',(-0.0558077629593298,0.0127,0.0474103698766801));
#11781=CARTESIAN_POINT('',(-0.111620242455734,0.0127,0.074551975645182));
#11782=CARTESIAN_POINT('',(-0.229085161126533,0.0127,0.0759770831769887));
#11783=CARTESIAN_POINT('',(-0.227177130641908,0.0127,0.0785148074862355));
#11784=CARTESIAN_POINT('',(-0.231135425512023,0.0127,0.0784013440848926));
#11785=CARTESIAN_POINT('',(-0.179791391583138,0.0127,0.12182441122613));
#11786=CARTESIAN_POINT('',(-0.272751523624513,0.0127,0.04320546085924));
#11787=CARTESIAN_POINT('',(-0.270701259239023,0.0127,0.0407811999513362));
#11788=CARTESIAN_POINT('',(-0.272207782031306,0.0127,0.0379863808022081));
#11789=CARTESIAN_POINT('',(-0.162183597241105,0.0127,-0.0213211926915747));
#11790=CARTESIAN_POINT('',(-0.242619405973268,0.0127,0.0220370257493172));
#11791=CARTESIAN_POINT('',(-0.241112883180985,0.0127,0.0248318448984452));
#11792=CARTESIAN_POINT('',(-0.23962600568469,0.0127,0.0220265248969102));
#11793=CARTESIAN_POINT('',(-0.235760124194324,0.0127,0.0147326928929192));
#11794=CARTESIAN_POINT('',(-0.23829940894553,0.0127,0.0225874403715012));
#11795=CARTESIAN_POINT('',(-0.239276056926763,0.0127,0.0256084970940328));
#11796=CARTESIAN_POINT('',(-0.236221528225695,0.0127,0.0247421949444617));
#11797=CARTESIAN_POINT('',(-0.220192120515156,0.0127,0.0812609118115577));
#11798=CARTESIAN_POINT('',(-0.222569185977185,0.0127,0.072879523537642));
#11799=CARTESIAN_POINT('',(-0.225623714678253,0.0127,0.073745825687213));
#11800=CARTESIAN_POINT('',(-0.224100289354548,0.0127,0.0765314674953238));
#11801=CARTESIAN_POINT('',(-0.211912886764909,0.0127,0.0988166019602103));
#11802=CARTESIAN_POINT('',(-0.208316174923195,0.0127,0.0704688632686027));
#11803=CARTESIAN_POINT('',(-0.205646447200176,0.0127,0.0721873448323529));
#11804=CARTESIAN_POINT('',(-0.208715809572274,0.0127,0.0736186120121147));
#11805=CARTESIAN_POINT('',(-0.211912886764909,0.0127,0.0988166019602104));
#11806=CARTESIAN_POINT('',(-0.213239742861861,0.0127,0.0734512820746268));
#11807=CARTESIAN_POINT('',(-0.213405599873981,0.0127,0.0702806170889288));
#11808=CARTESIAN_POINT('',(-0.216460128575049,0.0127,0.0711469192384999));
#11809=CARTESIAN_POINT('',(-0.21408306311302,0.0127,0.0795283075124156));
#11810=CARTESIAN_POINT('',(-0.229041398095473,0.0127,0.0267861279544888));
#11811=CARTESIAN_POINT('',(-0.225986869394406,0.0127,0.0259198258049177));
#11812=CARTESIAN_POINT('',(-0.224718196635978,0.0127,0.0230093113431733));
#11813=CARTESIAN_POINT('',(-0.127199598564491,0.0127,0.0655169815298395));
#11814=CARTESIAN_POINT('',(-0.18638737676897,0.0127,0.0397174458027855));
#11815=CARTESIAN_POINT('',(-0.187656049527398,0.0127,0.0426279602645299));
#11816=CARTESIAN_POINT('',(-0.184887380386575,0.0127,0.044182018239207));
#11817=CARTESIAN_POINT('',(-0.173729155740078,0.0127,0.0243028163377859));
#11818=CARTESIAN_POINT('',(-0.195076524230039,0.0127,0.0623347310661911));
#11819=CARTESIAN_POINT('',(-0.197845193370862,0.0127,0.0607806730915139));
#11820=CARTESIAN_POINT('',(-0.196338908042547,0.0127,0.0635756202304961));
#11821=CARTESIAN_POINT('',(-0.184288625416032,0.0127,0.0859351973423541));
#11822=CARTESIAN_POINT('',(-0.114464747980182,0.0127,0.0210875733965975));
#11823=CARTESIAN_POINT('',(-0.100367050586469,0.0127,0.0426635740253935));
#11824=CARTESIAN_POINT('',(-0.103792667971451,0.0127,0.0445483381083297));
#11825=CARTESIAN_POINT('',(-0.119121217834619,0.0127,0.00760490480398218));
#11826=CARTESIAN_POINT('',(-0.105668566569555,0.0127,0.045272565493513));
#11827=CARTESIAN_POINT('',(-0.125887687481374,0.0127,-0.0110883394327167));
#11828=CARTESIAN_POINT('',(-0.107796282057856,0.0127,0.0459913520331114));
#11829=CARTESIAN_POINT('',(-0.119924958710562,0.0127,0.00791096092241565));
#11830=CARTESIAN_POINT('',(-0.112894219247108,0.0127,0.0472525577136567));
#11831=CARTESIAN_POINT('',(-0.112894219247108,0.0127,0.0472525577136567));
#11832=CARTESIAN_POINT('',(-0.115463580006546,0.0127,0.0477102326356124));
#11833=CARTESIAN_POINT('',(-0.117686068207244,0.0127,0.0473436284614926));
#11834=CARTESIAN_POINT('',(-0.117686068207244,0.0127,0.0473436284614926));
#11835=CARTESIAN_POINT('',(-0.117686068207244,0.0127,0.0473436284614926));
#11836=CARTESIAN_POINT('',(-0.119908556407943,0.0127,0.0469770242873728));
#11837=CARTESIAN_POINT('',(-0.121672543049127,0.0127,0.045536782040303));
#11838=CARTESIAN_POINT('',(-0.121672543049127,0.0127,0.045536782040303));
#11839=CARTESIAN_POINT('',(-0.121672543049127,0.0127,0.045536782040303));
#11840=CARTESIAN_POINT('',(-0.12343652969031,0.0127,0.0440965397932331));
#11841=CARTESIAN_POINT('',(-0.124384285881773,0.0127,0.0411136105652948));
#11842=CARTESIAN_POINT('',(-0.124384285881773,0.0127,0.0411136105652948));
#11843=CARTESIAN_POINT('',(-0.124384285881773,0.0127,0.0411136105652948));
#11844=CARTESIAN_POINT('',(-0.125370028293335,0.0127,0.0380111250556755));
#11845=CARTESIAN_POINT('',(-0.124727664884621,0.0127,0.0357865773758618));
#11846=CARTESIAN_POINT('',(-0.124727664884621,0.0127,0.0357865773758618));
#11847=CARTESIAN_POINT('',(-0.124727664884621,0.0127,0.0357865773758618));
#11848=CARTESIAN_POINT('',(-0.124085301475908,0.0127,0.0335620296960482));
#11849=CARTESIAN_POINT('',(-0.122434725912284,0.0127,0.032004337497244));
#11850=CARTESIAN_POINT('',(-0.122434725912284,0.0127,0.032004337497244));
#11851=CARTESIAN_POINT('',(-0.122434725912284,0.0127,0.032004337497244));
#11852=CARTESIAN_POINT('',(-0.12078415034866,0.0127,0.0304466452984398));
#11853=CARTESIAN_POINT('',(-0.118424413502439,0.0127,0.0293809927103819));
#11854=CARTESIAN_POINT('',(-0.118424413502439,0.0127,0.0293809927103819));
#11855=CARTESIAN_POINT('',(-0.10035277049103,0.0127,0.0693062790046163));
#11856=CARTESIAN_POINT('',(-0.113655646481356,0.0127,0.0275498271929317));
#11857=CARTESIAN_POINT('',(-0.100701488963717,0.0127,0.06827840069625));
#11858=CARTESIAN_POINT('',(-0.108548394861163,0.0127,0.0262661525905266));
#11859=CARTESIAN_POINT('',(-0.108548394861163,0.0127,0.0262661525905266));
#11860=CARTESIAN_POINT('',(-0.105963809685447,0.0127,0.0257838966378016));
#11861=CARTESIAN_POINT('',(-0.103684532250949,0.0127,0.0261324573573744));
#11862=CARTESIAN_POINT('',(-0.103684532250949,0.0127,0.0261324573573744));
#11863=CARTESIAN_POINT('',(-0.104932352104738,0.0127,0.0345795107271813));
#11864=CARTESIAN_POINT('',(-0.0996024123837221,0.0127,0.0279089148024851));
#11865=CARTESIAN_POINT('',(-0.0996024123837221,0.0127,0.0279089148024851));
#11866=CARTESIAN_POINT('',(-0.0977995699509924,0.0127,0.0293368115280229));
#11867=CARTESIAN_POINT('',(-0.0968385185824947,0.0127,0.0323615854545495));
#11868=CARTESIAN_POINT('',(-0.0968385185824947,0.0127,0.0323615854545495));
#11869=CARTESIAN_POINT('',(-0.0968385185824947,0.0127,0.0323615854545495));
#11870=CARTESIAN_POINT('',(-0.0960370093384117,0.0127,0.0348842229980164));
#11871=CARTESIAN_POINT('',(-0.0963366482486105,0.0127,0.0367892771343075));
#11872=CARTESIAN_POINT('',(-0.0963366482486105,0.0127,0.0367892771343075));
#11873=CARTESIAN_POINT('',(-0.0963366482486105,0.0127,0.0367892771343075));
#11874=CARTESIAN_POINT('',(-0.0966362871588093,0.0127,0.0386943312705985));
#11875=CARTESIAN_POINT('',(-0.0976912904343425,0.0127,0.0401483508515239));
#11876=CARTESIAN_POINT('',(-0.0976912904343425,0.0127,0.0401483508515239));
#11877=CARTESIAN_POINT('',(-0.0976912904343425,0.0127,0.0401483508515239));
#11878=CARTESIAN_POINT('',(-0.0987462937098757,0.0127,0.0416023704324493));
#11879=CARTESIAN_POINT('',(-0.100367050586469,0.0127,0.0426635740253935));
#11880=CARTESIAN_POINT('',(-0.109110517322831,0.0127,0.0670273930910171));
#11881=CARTESIAN_POINT('',(-0.107187067463806,0.0127,0.067545758517266));
#11882=CARTESIAN_POINT('',(-0.104458446582841,0.0127,0.0662733817042703));
#11883=CARTESIAN_POINT('',(-0.109110517322831,0.0127,0.0670273930910171));
#11884=CARTESIAN_POINT('',(-0.104458446582841,0.0127,0.0662733817042703));
#11885=CARTESIAN_POINT('',(-0.104458446582841,0.0127,0.0662733817042703));
#11886=CARTESIAN_POINT('',(-0.099654936906975,0.0127,0.0640334683563924));
#11887=CARTESIAN_POINT('',(-0.10157145448155,0.0127,0.0599234831544386));
#11888=CARTESIAN_POINT('',(-0.101146413713665,0.0127,0.0574005987096733));
#11889=CARTESIAN_POINT('',(-0.101005900446743,0.0127,0.0573350762972352));
#11890=CARTESIAN_POINT('',(-0.0997805943734371,0.01269999975,0.0563258786080727));
#11891=CARTESIAN_POINT('',(-0.108246990137921,0.0127,0.0633109435580218));
#11892=CARTESIAN_POINT('',(-0.0983017367182072,0.0127,0.0586686963409366));
#11893=CARTESIAN_POINT('',(-0.0983017367182072,0.0127,0.0586686963409366));
#11894=CARTESIAN_POINT('',(-0.096690059421746,0.0127,0.0621249494568258));
#11895=CARTESIAN_POINT('',(-0.097877923486971,0.0127,0.0651357109760123));
#11896=CARTESIAN_POINT('',(-0.097877923486971,0.0127,0.0651357109760123));
#11897=CARTESIAN_POINT('',(-0.097877923486971,0.0127,0.0651357109760123));
#11898=CARTESIAN_POINT('',(-0.0990657875521959,0.0127,0.0681464724951989));
#11899=CARTESIAN_POINT('',(-0.102777848875676,0.0127,0.0698774351178784));
#11900=CARTESIAN_POINT('',(-0.102777848875676,0.0127,0.0698774351178784));
#11901=CARTESIAN_POINT('',(-0.102777848875676,0.0127,0.0698774351178784));
#11902=CARTESIAN_POINT('',(-0.106745718406746,0.0127,0.0717276830667763));
#11903=CARTESIAN_POINT('',(-0.11003729436911,0.0127,0.0706500028023449));
#11904=CARTESIAN_POINT('',(-0.11003729436911,0.0127,0.0706500028023449));
#11905=CARTESIAN_POINT('',(-0.11003729436911,0.0127,0.0706500028023449));
#11906=CARTESIAN_POINT('',(-0.113328870331474,0.0127,0.0695723225379135));
#11907=CARTESIAN_POINT('',(-0.114975007833287,0.0127,0.0660421692731648));
#11908=CARTESIAN_POINT('',(-0.114975007833287,0.0127,0.0660421692731648));
#11909=CARTESIAN_POINT('',(-0.114975007833287,0.0127,0.0660421692731648));
#11910=CARTESIAN_POINT('',(-0.117230825891328,0.0127,0.0612045518362869));
#11911=CARTESIAN_POINT('',(-0.115128618016462,0.0127,0.0575425017801867));
#11912=CARTESIAN_POINT('',(-0.115128618016462,0.0127,0.0575425017801867));
#11913=CARTESIAN_POINT('',(-0.115128618016462,0.0127,0.0575425017801867));
#11914=CARTESIAN_POINT('',(-0.113026410141597,0.0127,0.0538804517240864));
#11915=CARTESIAN_POINT('',(-0.106187804058678,0.0127,0.0506915573365159));
#11916=CARTESIAN_POINT('',(-0.106187804058678,0.0127,0.0506915573365159));
#11917=CARTESIAN_POINT('',(-0.106187804058678,0.0127,0.0506915573365159));
#11918=CARTESIAN_POINT('',(-0.100366746179285,0.0127,0.0479771534687917));
#11919=CARTESIAN_POINT('',(-0.095341228327368,0.0127,0.0497307752588542));
#11920=CARTESIAN_POINT('',(-0.095341228327368,0.0127,0.0497307752588542));
#11921=CARTESIAN_POINT('',(-0.095341228327368,0.0127,0.0497307752588542));
#11922=CARTESIAN_POINT('',(-0.0903157104754507,0.0127,0.0514843970489167));
#11923=CARTESIAN_POINT('',(-0.0876013066077266,0.0127,0.0573054549283091));
#11924=CARTESIAN_POINT('',(-0.088724884680089,0.0127,0.0586522789896498));
#11925=CARTESIAN_POINT('',(-0.0890478023645463,0.0127,0.0588028579788659));
#11926=CARTESIAN_POINT('',(-0.090486565976467,0.0127,0.0594737644693793));
#11927=CARTESIAN_POINT('',(-0.0904094353320183,0.0127,0.0596391716701829));
#11928=CARTESIAN_POINT('',(-0.091003211178083,0.0127,0.0583658152590658));
#11929=CARTESIAN_POINT('',(-0.091003211178083,0.0127,0.0583658152590658));
#11930=CARTESIAN_POINT('',(-0.0929382842478473,0.0127,0.0542160376692646));
#11931=CARTESIAN_POINT('',(-0.0963924007415287,0.0127,0.0530791974895719));
#11932=CARTESIAN_POINT('',(-0.0963924007415287,0.0127,0.0530791974895719));
#11933=CARTESIAN_POINT('',(-0.0963924007415287,0.0127,0.0530791974895719));
#11934=CARTESIAN_POINT('',(-0.0998465172352101,0.0127,0.0519423573098792));
#11935=CARTESIAN_POINT('',(-0.104576126762216,0.0127,0.0541478104524051));
#11936=CARTESIAN_POINT('',(-0.104576126762216,0.0127,0.0541478104524051));
#11937=CARTESIAN_POINT('',(-0.104576126762216,0.0127,0.0541478104524051));
#11938=CARTESIAN_POINT('',(-0.109925360614275,0.0127,0.0566421991628821));
#11939=CARTESIAN_POINT('',(-0.111634080777357,0.0127,0.0590999584270329));
#11940=CARTESIAN_POINT('',(-0.111634080777357,0.0127,0.0590999584270329));
#11941=CARTESIAN_POINT('',(-0.111634080777357,0.0127,0.0590999584270329));
#11942=CARTESIAN_POINT('',(-0.113342800940438,0.0127,0.0615577176911836));
#11943=CARTESIAN_POINT('',(-0.111967043511387,0.0127,0.0645080390187272));
#11944=CARTESIAN_POINT('',(-0.111967043511387,0.0127,0.0645080390187272));
#11945=CARTESIAN_POINT('',(-0.111967043511387,0.0127,0.0645080390187272));
#11946=CARTESIAN_POINT('',(-0.111033967181857,0.0127,0.0665090276647684));
#11947=CARTESIAN_POINT('',(-0.109110517322831,0.0127,0.0670273930910171));
#11948=CARTESIAN_POINT('',(-0.111207284047718,0.0127,-0.000706171394334283));
#11949=CARTESIAN_POINT('',(-0.116902524936434,0.0127,-0.000706171394334279));
#11950=CARTESIAN_POINT('',(-0.118389058075889,0.0127,-0.00508423102024119));
#11951=CARTESIAN_POINT('',(-0.111207284047718,0.0127,-0.000706171394334283));
#11952=CARTESIAN_POINT('',(-0.117734095938902,0.0127,-0.0036766098625219));
#11953=CARTESIAN_POINT('',(-0.118575774340334,0.0127,-0.00310754618542252));
#11954=CARTESIAN_POINT('',(-0.119245584503883,0.0127,-0.00387149012630194));
#11955=CARTESIAN_POINT('',(-0.118552137660809,0.0127,-0.00508423102024119));
#11956=CARTESIAN_POINT('',(-0.120277017885915,0.0127,-0.00130831140018967));
#11957=CARTESIAN_POINT('',(-0.124774251054648,0.0127,-0.00130831140018967));
#11958=CARTESIAN_POINT('',(-0.124774251054648,0.0127,-0.00130831140018967));
#11959=CARTESIAN_POINT('',(-0.124811819364426,0.0127,-0.00951478819671341));
#11960=CARTESIAN_POINT('',(-0.127684610797794,0.0127,-0.0018288688005769));
#11961=CARTESIAN_POINT('',(-0.125447339446261,0.0127,-0.00784642057980079));
#11962=CARTESIAN_POINT('',(-0.130093154439704,0.0127,-0.00341580142068353));
#11963=CARTESIAN_POINT('',(-0.130093154439704,0.0127,-0.00341580142068353));
#11964=CARTESIAN_POINT('',(-0.131115537991312,0.0127,-0.00448209101438579));
#11965=CARTESIAN_POINT('',(-0.131717677997168,0.0127,-0.00604702780043704));
#11966=CARTESIAN_POINT('',(-0.131717677997168,0.0127,-0.00604702780043704));
#11967=CARTESIAN_POINT('',(-0.126281823823388,0.0127,-0.00950839304695749));
#11968=CARTESIAN_POINT('',(-0.132721244673593,0.0127,-0.00976022450321197));
#11969=CARTESIAN_POINT('',(-0.126281823823388,0.0127,-0.0100120559594664));
#11970=CARTESIAN_POINT('',(-0.131717677997168,0.0127,-0.0134734212059869));
#11971=CARTESIAN_POINT('',(-0.131596398214306,0.0127,-0.0136995482630697));
#11972=CARTESIAN_POINT('',(-0.131475118422378,0.0127,-0.0139256753397441));
#11973=CARTESIAN_POINT('',(-0.131717677997168,0.0127,-0.0133511115172975));
#11974=CARTESIAN_POINT('',(-0.131115537991312,0.0127,-0.0149191844492126));
#11975=CARTESIAN_POINT('',(-0.130093154439704,0.0127,-0.015982337897051));
#11976=CARTESIAN_POINT('',(-0.130093154439704,0.0127,-0.015982337897051));
#11977=CARTESIAN_POINT('',(-0.125442242465334,0.0127,-0.0115316970832125));
#11978=CARTESIAN_POINT('',(-0.127684603846975,0.0127,-0.017566115565214));
#11979=CARTESIAN_POINT('',(-0.124811819364426,0.0127,-0.00988021497515733));
#11980=CARTESIAN_POINT('',(-0.124774251054648,0.0127,-0.0180866917716811));
#11981=CARTESIAN_POINT('',(-0.124774251054648,0.0127,-0.0180866917716811));
#11982=CARTESIAN_POINT('',(-0.120277017885915,0.0127,-0.0180866917716811));
#11983=CARTESIAN_POINT('',(-0.118552137660809,0.0127,-0.0143170444433572));
#11984=CARTESIAN_POINT('',(-0.119249509717753,0.0127,-0.0155332734654109));
#11985=CARTESIAN_POINT('',(-0.118574736551605,0.0127,-0.0162928372706615));
#11986=CARTESIAN_POINT('',(-0.117736783555744,0.0127,-0.0157183020004402));
#11987=CARTESIAN_POINT('',(-0.118389058075889,0.0127,-0.0143170444433572));
#11988=CARTESIAN_POINT('',(-0.116902524936434,0.0127,-0.0186888317775365));
#11989=CARTESIAN_POINT('',(-0.111207284047718,0.0127,-0.0186888317775365));
#11990=CARTESIAN_POINT('',(-0.111207284047718,0.0127,-0.0186888317775365));
#11991=CARTESIAN_POINT('',(-0.111207284047718,0.0127,-0.0186888317775365));
#11992=CARTESIAN_POINT('',(-0.109557671323344,0.0127,-0.0186888317775365));
#11993=CARTESIAN_POINT('',(-0.108133861101165,0.0127,-0.0181462785430939));
#11994=CARTESIAN_POINT('',(-0.108133861101165,0.0127,-0.0181462785430939));
#11995=CARTESIAN_POINT('',(-0.110425524896315,0.0127,-0.0120896101951857));
#11996=CARTESIAN_POINT('',(-0.10566571430633,0.0127,-0.0164809850894));
#11997=CARTESIAN_POINT('',(-0.10566571430633,0.0127,-0.0164809850894));
#11998=CARTESIAN_POINT('',(-0.104621377733675,0.0127,-0.0153582448701488));
#11999=CARTESIAN_POINT('',(-0.10401923772782,0.0127,-0.0136709983954082));
#12000=CARTESIAN_POINT('',(-0.10401923772782,0.0127,-0.0136709983954082));
#12001=CARTESIAN_POINT('',(-0.113348871478875,0.0127,-0.00969750158593535));
#12002=CARTESIAN_POINT('',(-0.10401923772782,0.0127,-0.00572400477646255));
#12003=CARTESIAN_POINT('',(-0.10401923772782,0.0127,-0.00572400477646255));
#12004=CARTESIAN_POINT('',(-0.104621377733675,0.0127,-0.00403675830172192));
#12005=CARTESIAN_POINT('',(-0.10566571430633,0.0127,-0.00291401808247072));
#12006=CARTESIAN_POINT('',(-0.10566571430633,0.0127,-0.00291401808247072));
#12007=CARTESIAN_POINT('',(-0.110425524896314,0.0127,-0.00730539297668468));
#12008=CARTESIAN_POINT('',(-0.108133861101165,0.0127,-0.0012487246287769));
#12009=CARTESIAN_POINT('',(-0.108133861101165,0.0127,-0.0012487246287769));
#12010=CARTESIAN_POINT('',(-0.109557671323344,0.0127,-0.000706171394334284));
#12011=CARTESIAN_POINT('',(-0.111207284047718,0.0127,-0.000706171394334283));
#12012=CARTESIAN_POINT('',(-0.111683978219021,0.009525,-0.0147937386146594));
#12013=CARTESIAN_POINT('',(-0.111683978219021,0.0127,-0.0147937386146594));
#12014=CARTESIAN_POINT('',(-0.112327163603558,0.009525,-0.0147937386146594));
#12015=CARTESIAN_POINT('',(-0.112327163603558,0.0127,-0.0147937386146594));
#12016=CARTESIAN_POINT('',(-0.112916052412787,0.009525,-0.014727515623965));
#12017=CARTESIAN_POINT('',(-0.112916052412787,0.0127,-0.014727515623965));
#12018=CARTESIAN_POINT('',(-0.113450644646708,0.009525,-0.0145950696425764));
#12019=CARTESIAN_POINT('',(-0.113450644646708,0.0127,-0.0145950696425764));
#12020=CARTESIAN_POINT('',(-0.111683978219021,0.009525,-0.0147937386146594));
#12021=CARTESIAN_POINT('',(-0.114174078034902,0.009525,-0.0147937386146594));
#12022=CARTESIAN_POINT('',(-0.115579071381898,0.009525,-0.013470285060123));
#12023=CARTESIAN_POINT('',(-0.111683978219021,0.009525,-0.0147937386146594));
#12024=CARTESIAN_POINT('',(-0.113450644645374,0.009525,-0.0145950696429067));
#12025=CARTESIAN_POINT('',(-0.113450644645374,0.009525,-0.0145950696429067));
#12026=CARTESIAN_POINT('',(-0.113450644645374,0.0127,-0.0145950696429067));
#12027=CARTESIAN_POINT('',(-0.111683978219021,0.0127,-0.0147937386146594));
#12028=CARTESIAN_POINT('',(-0.114174078034902,0.0127,-0.0147937386146594));
#12029=CARTESIAN_POINT('',(-0.115579071381898,0.0127,-0.013470285060123));
#12030=CARTESIAN_POINT('',(-0.111683978219021,0.0127,-0.0147937386146594));
#12031=CARTESIAN_POINT('',(-0.111683978219021,0.009525,-0.0147937386146594));
#12032=CARTESIAN_POINT('',(-0.124774251054648,0.009525,-0.0180866917716811));
#12033=CARTESIAN_POINT('',(-0.124774251054648,0.0127,-0.0180866917716811));
#12034=CARTESIAN_POINT('',(-0.122306707829553,0.009525,-0.018086691771681));
#12035=CARTESIAN_POINT('',(-0.122306707829553,0.0127,-0.018086691771681));
#12036=CARTESIAN_POINT('',(-0.120465127383922,0.009525,-0.0172355523362577));
#12037=CARTESIAN_POINT('',(-0.120465127383922,0.0127,-0.0172355523362577));
#12038=CARTESIAN_POINT('',(-0.119249509717753,0.009525,-0.015533273465411));
#12039=CARTESIAN_POINT('',(-0.119249509717753,0.0127,-0.015533273465411));
#12040=CARTESIAN_POINT('',(-0.124774251054648,0.009525,-0.0180866917716811));
#12041=CARTESIAN_POINT('',(-0.120277017885915,0.009525,-0.0180866917716811));
#12042=CARTESIAN_POINT('',(-0.118552137660809,0.009525,-0.0143170444433572));
#12043=CARTESIAN_POINT('',(-0.124774251054648,0.009525,-0.0180866917716811));
#12044=CARTESIAN_POINT('',(-0.119249509717753,0.009525,-0.0155332734654109));
#12045=CARTESIAN_POINT('',(-0.119249509717753,0.009525,-0.0155332734654109));
#12046=CARTESIAN_POINT('',(-0.124774251054648,0.009525,-0.0180866917716811));
#12047=CARTESIAN_POINT('',(-0.111207284047718,0.009525,-0.000706171394334283));
#12048=CARTESIAN_POINT('',(-0.111207284047718,0.0127,-0.000706171394334283));
#12049=CARTESIAN_POINT('',(-0.114334733384967,0.009525,-0.000706171394334281));
#12050=CARTESIAN_POINT('',(-0.114334733384967,0.0127,-0.000706171394334281));
#12051=CARTESIAN_POINT('',(-0.116510337348695,0.009525,-0.00169631755039673));
#12052=CARTESIAN_POINT('',(-0.116510337348695,0.0127,-0.00169631755039673));
#12053=CARTESIAN_POINT('',(-0.117734095938902,0.009525,-0.00367660986252163));
#12054=CARTESIAN_POINT('',(-0.117734095938902,0.0127,-0.00367660986252163));
#12055=CARTESIAN_POINT('',(-0.111207284047718,0.009525,-0.000706171394334283));
#12056=CARTESIAN_POINT('',(-0.116902524936434,0.009525,-0.000706171394334279));
#12057=CARTESIAN_POINT('',(-0.118389058075889,0.009525,-0.00508423102024119));
#12058=CARTESIAN_POINT('',(-0.111207284047718,0.009525,-0.000706171394334283));
#12059=CARTESIAN_POINT('',(-0.117734095938908,0.009525,-0.00367660986251785));
#12060=CARTESIAN_POINT('',(-0.117734095938908,0.009525,-0.00367660986251785));
#12061=CARTESIAN_POINT('',(-0.111207284047718,0.009525,-0.000706171394334283));
#12062=CARTESIAN_POINT('',(0.,0.0127,0.));
#12063=CARTESIAN_POINT('',(-0.124291284591618,0.0127,-0.00508423102024118));
#12064=CARTESIAN_POINT('',(-0.122083437903481,0.0127,-0.00508423102024119));
#12065=CARTESIAN_POINT('',(-0.120897974766954,0.0127,-0.00636691467854772));
#12066=CARTESIAN_POINT('',(-0.124291284591618,0.0127,-0.00508423102024118));
#12067=CARTESIAN_POINT('',(-0.120897974766954,0.0127,-0.00636691467854772));
#12068=CARTESIAN_POINT('',(-0.131847502817112,0.0127,-0.00969906965886726));
#12069=CARTESIAN_POINT('',(-0.120897974766954,0.0127,-0.0130312246391868));
#12070=CARTESIAN_POINT('',(-0.120897974766954,0.0127,-0.0130312246391868));
#12071=CARTESIAN_POINT('',(-0.122083437903481,0.0127,-0.0143170444433572));
#12072=CARTESIAN_POINT('',(-0.124291284591618,0.0127,-0.0143170444433572));
#12073=CARTESIAN_POINT('',(-0.124291284591618,0.0127,-0.0143170444433572));
#12074=CARTESIAN_POINT('',(-0.124291284591618,0.0127,-0.0143170444433572));
#12075=CARTESIAN_POINT('',(-0.126379957736929,0.0127,-0.0143170444433572));
#12076=CARTESIAN_POINT('',(-0.127784951083925,0.0127,-0.0132319379744719));
#12077=CARTESIAN_POINT('',(-0.127784951083925,0.0127,-0.0132319379744719));
#12078=CARTESIAN_POINT('',(-0.127784951083925,0.0127,-0.0132319379744719));
#12079=CARTESIAN_POINT('',(-0.129189944430921,0.0127,-0.0121468315055867));
#12080=CARTESIAN_POINT('',(-0.129189944430921,0.0127,-0.00970063773179918));
#12081=CARTESIAN_POINT('',(-0.129189944430921,0.0127,-0.00970063773179918));
#12082=CARTESIAN_POINT('',(-0.129189944430921,0.0127,-0.00970063773179918));
#12083=CARTESIAN_POINT('',(-0.129189944430921,0.0127,-0.00724817166628399));
#12084=CARTESIAN_POINT('',(-0.127784951083925,0.0127,-0.00616620134326259));
#12085=CARTESIAN_POINT('',(-0.127784951083925,0.0127,-0.00616620134326259));
#12086=CARTESIAN_POINT('',(-0.127784951083925,0.0127,-0.00616620134326259));
#12087=CARTESIAN_POINT('',(-0.126379957736929,0.0127,-0.00508423102024118));
#12088=CARTESIAN_POINT('',(-0.124291284591618,0.0127,-0.00508423102024118));
#12089=CARTESIAN_POINT('',(-0.129731463165292,0.009525,0.00842888733326693));
#12090=CARTESIAN_POINT('',(-0.129731463165292,0.0127,0.00842888733326693));
#12091=CARTESIAN_POINT('',(-0.126358599570603,0.009525,0.00798378057953194));
#12092=CARTESIAN_POINT('',(-0.126358599570603,0.0127,0.00798378057953194));
#12093=CARTESIAN_POINT('',(-0.123520684227502,0.009525,0.00867344017169486));
#12094=CARTESIAN_POINT('',(-0.123520684227502,0.0127,0.00867344017169486));
#12095=CARTESIAN_POINT('',(-0.12121771713599,0.009525,0.0104978661097557));
#12096=CARTESIAN_POINT('',(-0.12121771713599,0.0127,0.0104978661097557));
#12097=CARTESIAN_POINT('',(-0.129731463165292,0.009525,0.00842888733326693));
#12098=CARTESIAN_POINT('',(-0.121217717135989,0.009525,0.0104978661097543));
#12099=CARTESIAN_POINT('',(0.,0.0127,0.));
#12100=CARTESIAN_POINT('',(-0.111273552997524,0.0127,-0.00963977824010337));
#12101=CARTESIAN_POINT('',(-0.113986029922778,0.0127,-0.00495607138977635));
#12102=CARTESIAN_POINT('',(-0.115579071381898,0.0127,-0.00590590123656469));
#12103=CARTESIAN_POINT('',(-0.114174078034902,0.0127,-0.00460126455721135));
#12104=CARTESIAN_POINT('',(-0.111683978219021,0.0127,-0.00460126455721135));
#12105=CARTESIAN_POINT('',(-0.111683978219021,0.0127,-0.00460126455721135));
#12106=CARTESIAN_POINT('',(-0.111683978219021,0.0127,-0.00460126455721135));
#12107=CARTESIAN_POINT('',(-0.109400864030152,0.0127,-0.00460126455721135));
#12108=CARTESIAN_POINT('',(-0.107973917662109,0.0127,-0.0058651313403349));
#12109=CARTESIAN_POINT('',(-0.107973917662109,0.0127,-0.0058651313403349));
#12110=CARTESIAN_POINT('',(-0.107973917662109,0.0127,-0.0058651313403349));
#12111=CARTESIAN_POINT('',(-0.106546971294067,0.0127,-0.00712899812345846));
#12112=CARTESIAN_POINT('',(-0.106546971294067,0.0127,-0.0097006377317992));
#12113=CARTESIAN_POINT('',(-0.106546971294067,0.0127,-0.0097006377317992));
#12114=CARTESIAN_POINT('',(-0.106546971294067,0.0127,-0.0097006377317992));
#12115=CARTESIAN_POINT('',(-0.106546971294067,0.0127,-0.0147937386146594));
#12116=CARTESIAN_POINT('',(-0.111683978219021,0.0127,-0.0147937386146594));
#12117=CARTESIAN_POINT('',(-0.143546720227233,0.00635,-0.02954655));
#12118=CARTESIAN_POINT('',(-0.223577546949538,0.03175,-0.02954655));
#12119=CARTESIAN_POINT('',(-0.223577546949538,0.00635,-0.02954655));
#12120=CARTESIAN_POINT('',(-0.143546720227233,0.00635,-0.02954655));
#12121=CARTESIAN_POINT('',(-0.284357786178589,0.00635,-0.02954655));
#12122=CARTESIAN_POINT('',(-0.284357786178589,0.00635,-0.02954655));
#12123=CARTESIAN_POINT('',(0.,0.00635,0.));
#12124=CARTESIAN_POINT('',(-1.52655665885959E-16,0.00635,4.62158841104353E-17));
#12125=CARTESIAN_POINT('',(-0.0489179628053032,0.00635,0.0228108206774543));
#12126=CARTESIAN_POINT('',(-0.053975,0.00635,6.93889390390723E-18));
#12127=CARTESIAN_POINT('',(-0.053975,0.00635,0.));
#12128=CARTESIAN_POINT('',(-0.053975,0.00635,-0.0120494710452326));
#12129=CARTESIAN_POINT('',(-0.05715,0.00635,-0.0120494710452326));
#12130=CARTESIAN_POINT('',(-0.0595874016649837,0.00635,-0.0140840958567236));
#12131=CARTESIAN_POINT('',(-0.0420460253893566,0.00635,-0.0350979847559678));
#12132=CARTESIAN_POINT('',(-0.0849515434347247,0.00635,0.0163011629051329));
#12133=CARTESIAN_POINT('',(-0.0825141417697411,0.00635,0.018335787716624));
#12134=CARTESIAN_POINT('',(-0.0838865113557588,0.00635,0.0211988676525275));
#12135=CARTESIAN_POINT('',(-0.0239356570798187,0.00635,0.0499353091442026));
#12136=CARTESIAN_POINT('',(-0.0478184911984649,0.00635,0.0384874711843473));
#12137=CARTESIAN_POINT('',(-0.0464461216124472,0.00635,0.0356243912484437));
#12138=CARTESIAN_POINT('',(-0.0435685943886058,0.00635,0.034282578267417));
#12139=CARTESIAN_POINT('',(-0.0489179628053032,0.00635,0.0228108206774543));
#12140=CARTESIAN_POINT('',(-0.17667,0.00635,-0.0165574870639015));
#12141=CARTESIAN_POINT('',(-0.179845,0.00635,-0.0165574870639015));
#12142=CARTESIAN_POINT('',(-0.176665596671861,0.00635,-0.0197324840104673));
#12143=CARTESIAN_POINT('',(-0.179845,0.00635,0.));
#12144=CARTESIAN_POINT('',(-0.179845,0.00635,4.34453313947591E-17));
#12145=CARTESIAN_POINT('',(-4.71844785465692E-16,0.00635,1.04083408558608E-17));
#12146=CARTESIAN_POINT('',(-0.178587584908761,0.00635,0.0212296618309402));
#12147=CARTESIAN_POINT('',(-0.175434783429235,0.00635,0.020854871448593));
#12148=CARTESIAN_POINT('',(-0.172666114288413,0.00635,0.0224089294232701));
#12149=CARTESIAN_POINT('',(-0.121734395697571,0.00635,-0.0683296915608064));
#12150=CARTESIAN_POINT('',(-0.151683798958411,0.00635,-0.0149726161199382));
#12151=CARTESIAN_POINT('',(-0.154452468099234,0.00635,-0.0165266740946153));
#12152=CARTESIAN_POINT('',(-0.154448064771094,0.00635,-0.019701671041181));
#12153=CARTESIAN_POINT('',(2.70266599861246E-5,0.00635,-0.0194874331920353));
#12154=CARTESIAN_POINT('',(1.94289029309402E-16,0.00635,-7.97972798949331E-17));
#12155=CARTESIAN_POINT('',(-0.132966575463392,0.00635,0.0501965106908657));
#12156=CARTESIAN_POINT('',(-0.142126,0.00635,-8.32667268468867E-17));
#12157=CARTESIAN_POINT('',(-0.142126,0.00635,0.));
#12158=CARTESIAN_POINT('',(-0.142126,0.00635,-0.00688410417469684));
#12159=CARTESIAN_POINT('',(-0.145301,0.00635,-0.00688410417469684));
#12160=CARTESIAN_POINT('',(-0.148069669140822,0.00635,-0.00843816214937402));
#12161=CARTESIAN_POINT('',(-0.116197057415926,0.00635,-0.065221575611452));
#12162=CARTESIAN_POINT('',(-0.172476010059605,0.00635,0.0350435380466961));
#12163=CARTESIAN_POINT('',(-0.169707340918783,0.00635,0.0365975960213733));
#12164=CARTESIAN_POINT('',(-0.17097601367721,0.00635,0.0395081104831177));
#12165=CARTESIAN_POINT('',(-0.0417706679402385,0.00635,0.0958278108434044));
#12166=CARTESIAN_POINT('',(-0.137205632789712,0.00635,0.0542283817055525));
#12167=CARTESIAN_POINT('',(-0.135936960031284,0.00635,0.0513178672438081));
#12168=CARTESIAN_POINT('',(2.70266599861244E-5,0.00635,-0.0194874331920353));
#12169=CARTESIAN_POINT('',(-0.268271702277517,0.00635,-0.0198595303507656));
#12170=CARTESIAN_POINT('',(-0.259487863913885,0.00635,-0.0198473482531806));
#12171=CARTESIAN_POINT('',(-0.268276105605656,0.00635,-0.0166845334041999));
#12172=CARTESIAN_POINT('',(-0.270835081850356,0.00635,-0.0185639656533278));
#12173=CARTESIAN_POINT('',(-0.184790864997814,0.00635,-0.135719083653261));
#12174=CARTESIAN_POINT('',(-0.280878450866736,0.00635,-0.00488922811405424));
#12175=CARTESIAN_POINT('',(-0.278319474622036,0.00635,-0.00300979586492631));
#12176=CARTESIAN_POINT('',(-0.281494288985893,0.00635,-0.00304412886716133));
#12177=CARTESIAN_POINT('',(9.15933995315754E-16,0.00635,-2.7451999007333E-16));
#12178=CARTESIAN_POINT('',(-0.279912490557264,0.00635,0.0299549508806725));
#12179=CARTESIAN_POINT('',(-0.27675551640036,0.00635,0.0296171059863152));
#12180=CARTESIAN_POINT('',(-0.275248993608077,0.00635,0.0324119251354434));
#12181=CARTESIAN_POINT('',(-0.0484334105157116,0.00635,-0.0898510290453702));
#12182=CARTESIAN_POINT('',(-0.245678944419205,0.00635,0.0164724490209153));
#12183=CARTESIAN_POINT('',(-0.247185467211487,0.00635,0.0136776298717872));
#12184=CARTESIAN_POINT('',(-0.244010499713756,0.00635,0.0136919960942489));
#12185=CARTESIAN_POINT('',(-0.243943551066034,0.00635,-0.00110380573193822));
#12186=CARTESIAN_POINT('',(-0.243888198365684,0.00635,-0.0133368770901427));
#12187=CARTESIAN_POINT('',(-0.247063165863416,0.00635,-0.0133512433126044));
#12188=CARTESIAN_POINT('',(-0.246243547716752,0.00635,-0.0164186283705423));
#12189=CARTESIAN_POINT('',(-0.0123149280506615,0.00635,0.046088079486718));
#12190=CARTESIAN_POINT('',(-0.25867264909536,0.00635,-0.0197397363645527));
#12191=CARTESIAN_POINT('',(-0.259492267242024,0.00635,-0.0166723513066149));
#12192=CARTESIAN_POINT('',(-0.23643242714114,0.00635,0.13617398593705));
#12193=CARTESIAN_POINT('',(-0.23355746395778,0.00635,0.137521283860422));
#12194=CARTESIAN_POINT('',(-0.234706282823954,0.00635,0.138838765627052));
#12195=CARTESIAN_POINT('',(-0.138659025480065,0.00635,-0.064979968497417));
#12196=CARTESIAN_POINT('',(-0.226610341245062,0.00635,0.122697003585892));
#12197=CARTESIAN_POINT('',(-0.229485304428423,0.00635,0.12134970566252));
#12198=CARTESIAN_POINT('',(-0.227532813576922,0.00635,0.118846027473375));
#12199=CARTESIAN_POINT('',(-0.211912886764909,0.00635,0.0988166019602104));
#12200=CARTESIAN_POINT('',(-0.234466959568095,0.00635,0.0871344018254494));
#12201=CARTESIAN_POINT('',(-0.237286218668493,0.00635,0.0856741268086042));
#12202=CARTESIAN_POINT('',(-0.235235954283003,0.00635,0.0832498659007003));
#12203=CARTESIAN_POINT('',(-0.139139906938682,0.00635,0.164520946424283));
#12204=CARTESIAN_POINT('',(-0.270650548005637,0.00635,0.0532987661657716));
#12205=CARTESIAN_POINT('',(-0.272700812391128,0.00635,0.0557230270736755));
#12206=CARTESIAN_POINT('',(-0.275811534188051,0.00635,0.0563586644719977));
#12207=CARTESIAN_POINT('',(2.77555756156289E-17,0.00635,-1.56125112837912E-16));
#12208=CARTESIAN_POINT('',(-0.273170780636914,0.00635,0.0680148958571057));
#12209=CARTESIAN_POINT('',(-0.270089842400914,0.00635,0.0672477944388093));
#12210=CARTESIAN_POINT('',(-0.270121661042798,0.00635,0.0704226349976462));
#12211=CARTESIAN_POINT('',(-0.270173716340922,0.00635,0.0756166741519015));
#12212=CARTESIAN_POINT('',(-0.267432996759162,0.00635,0.0800290667754289));
#12213=CARTESIAN_POINT('',(-0.265757740291094,0.00635,0.0827261282812525));
#12214=CARTESIAN_POINT('',(-0.268789261862943,0.00635,0.083669792394913));
#12215=CARTESIAN_POINT('',(2.77555756156289E-17,0.00635,-1.56125112837912E-16));
#12216=CARTESIAN_POINT('',(-0.243797796830982,0.00635,0.140751325793375));
#12217=CARTESIAN_POINT('',(-0.241048139812915,0.00635,0.139163871452931));
#12218=CARTESIAN_POINT('',(-0.239321995495728,0.00635,0.141828651142933));
#12219=CARTESIAN_POINT('',(-0.00602095807052401,0.00635,-0.00929500889406097));
#12220=CARTESIAN_POINT('',(-0.230615407493829,0.00635,0.0155638499881949));
#12221=CARTESIAN_POINT('',(-0.230615407493829,0.00635,0.0135445499881949));
#12222=CARTESIAN_POINT('',(-0.230614550039882,0.00635,-0.0155765500000022));
#12223=CARTESIAN_POINT('',(-0.230614550039882,0.00635,-0.0175958500000023));
#12224=CARTESIAN_POINT('',(-0.270173716340922,0.00635,0.0756166741519015));
#12225=CARTESIAN_POINT('',(-0.270173716340922,0.00635,0.0735973741519015));
#12226=CARTESIAN_POINT('',(-0.184288625416032,0.00635,0.0859351973423538));
#12227=CARTESIAN_POINT('',(-0.184288625416032,0.00635,0.0716286473423538));
#12228=CARTESIAN_POINT('',(-0.211912886764909,0.00635,0.0988166019602103));
#12229=CARTESIAN_POINT('',(-0.211912886764909,0.00635,0.0845100519602103));
#12230=CARTESIAN_POINT('',(0.,0.00635,8.76023533217079E-19));
#12231=CARTESIAN_POINT('',(0.,0.00635,-0.01430655));
#12232=CARTESIAN_POINT('',(1.7347234759768E-18,0.00635,-0.0182372));
#12233=CARTESIAN_POINT('',(1.7347234759768E-18,0.00635,-0.0207899));
#12234=CARTESIAN_POINT('',(-3.46944695195361E-18,0.00635,0.0182372));
#12235=CARTESIAN_POINT('',(-3.46944695195361E-18,0.00635,0.0156845));
#12236=CARTESIAN_POINT('',(-0.0368643337156369,0.00635,-0.087615907732366));
#12237=CARTESIAN_POINT('',(-0.198725629275215,0.00635,-0.0195128774769436));
#12238=CARTESIAN_POINT('',(-0.225470537974416,0.00635,-0.00825997529286472));
#12239=CARTESIAN_POINT('',(-0.224239211012325,0.00635,-0.00533346561196008));
#12240=CARTESIAN_POINT('',(-0.227414178510057,0.00635,-0.00534783183442173));
#12241=CARTESIAN_POINT('',(-0.227433720077829,0.00635,-0.00102910137513296));
#12242=CARTESIAN_POINT('',(-0.227483839537703,0.00635,0.0100474120596184));
#12243=CARTESIAN_POINT('',(-0.224308872039971,0.00635,0.0100617782820801));
#12244=CARTESIAN_POINT('',(-0.226701336172695,0.00635,0.0121490588989673));
#12245=CARTESIAN_POINT('',(-0.230615407493829,0.00635,0.0155638499881949));
#12246=CARTESIAN_POINT('',(-0.225567060687245,0.00635,0.0143411697313643));
#12247=CARTESIAN_POINT('',(-0.222481274130652,0.00635,0.0135938101611744));
#12248=CARTESIAN_POINT('',(-0.22374994688908,0.00635,0.0165043246229189));
#12249=CARTESIAN_POINT('',(-0.0417706679402385,0.00635,0.0958278108434044));
#12250=CARTESIAN_POINT('',(-0.188404906463434,0.00635,0.0319109788494936));
#12251=CARTESIAN_POINT('',(-0.187136233705007,0.00635,0.0290004643877492));
#12252=CARTESIAN_POINT('',(-0.183998685297058,0.00635,0.0285142391438821));
#12253=CARTESIAN_POINT('',(-4.71844785465692E-16,0.00635,1.04083408558608E-17));
#12254=CARTESIAN_POINT('',(-0.186195,0.00635,6.93889390390723E-18));
#12255=CARTESIAN_POINT('',(-0.186195,0.00635,0.));
#12256=CARTESIAN_POINT('',(-0.186195,0.00635,-0.0165751003933966));
#12257=CARTESIAN_POINT('',(-0.18937,0.00635,-0.0165751003933966));
#12258=CARTESIAN_POINT('',(-0.189365596671861,0.00635,-0.0197500973399623));
#12259=CARTESIAN_POINT('',(2.70266599861222E-5,0.00635,-0.0194874331920353));
#12260=CARTESIAN_POINT('',(-0.197489898984985,0.00635,-0.0197613647426046));
#12261=CARTESIAN_POINT('',(-0.197494302313125,0.00635,-0.016586367796039));
#12262=CARTESIAN_POINT('',(0.0079724325548712,0.00635,0.0163940642385131));
#12263=CARTESIAN_POINT('',(-0.151148822370148,0.00635,0.093774721925337));
#12264=CARTESIAN_POINT('',(-0.122934901232434,0.00635,0.0800542935979635));
#12265=CARTESIAN_POINT('',(-0.124323424180496,0.00635,0.0771990126971226));
#12266=CARTESIAN_POINT('',(-0.121445896956654,0.00635,0.0758571997160958));
#12267=CARTESIAN_POINT('',(-0.128809900540371,0.00635,0.0600650430681587));
#12268=CARTESIAN_POINT('',(-0.125522187550658,0.00635,0.0671155663272472));
#12269=CARTESIAN_POINT('',(-0.128399714774499,0.00635,0.0684573793082739));
#12270=CARTESIAN_POINT('',(-0.127131042016072,0.00635,0.0655468648465295));
#12271=CARTESIAN_POINT('',(-0.0443080134570938,0.00635,0.101648839766893));
#12272=CARTESIAN_POINT('',(-0.167985403365603,0.00635,0.0477387364251207));
#12273=CARTESIAN_POINT('',(-0.169254076124032,0.00635,0.0506492508868652));
#12274=CARTESIAN_POINT('',(-0.17229580189351,0.00635,0.0515594867592023));
#12275=CARTESIAN_POINT('',(3.46944695195362E-16,0.00635,5.20417042793042E-17));
#12276=CARTESIAN_POINT('',(-0.166868509296461,0.00635,0.0670755143862254));
#12277=CARTESIAN_POINT('',(-0.163922597444498,0.00635,0.0658913571498481));
#12278=CARTESIAN_POINT('',(-0.166185489441336,0.00635,0.068118450504571));
#12279=CARTESIAN_POINT('',(-0.184288625416032,0.00635,0.0859351973423538));
#12280=CARTESIAN_POINT('',(-0.15894928398832,0.00635,0.0841808381973021));
#12281=CARTESIAN_POINT('',(-0.155781866309856,0.00635,0.0839615433041706));
#12282=CARTESIAN_POINT('',(-0.158659393533697,0.00635,0.0853033562851973));
#12283=CARTESIAN_POINT('',(-0.162994923959606,0.00635,0.0760057812827561));
#12284=CARTESIAN_POINT('',(-0.15541487254205,0.00635,0.0922612540055227));
#12285=CARTESIAN_POINT('',(-0.152537345318209,0.00635,0.090919441024496));
#12286=CARTESIAN_POINT('',(-0.00159705984249399,0.00635,0.00274408907645016));
#12287=CARTESIAN_POINT('',(-0.0391523177836612,0.00635,-0.0191130710453091));
#12288=CARTESIAN_POINT('',(-0.0256763437641758,0.00635,-0.0112700541659687));
#12289=CARTESIAN_POINT('',(-0.0407493776261552,0.00635,-0.016368981968859));
#12290=CARTESIAN_POINT('',(-0.0407449742980161,0.00635,-0.0195439789154246));
#12291=CARTESIAN_POINT('',(2.70266599861213E-5,0.00635,-0.0194874331920353));
#12292=CARTESIAN_POINT('',(-0.044445596671861,0.00635,-0.0195491112210315));
#12293=CARTESIAN_POINT('',(-0.04445,0.00635,-0.0163741142744659));
#12294=CARTESIAN_POINT('',(-0.047625,0.00635,-0.0163741142744659));
#12295=CARTESIAN_POINT('',(-0.047625,0.00635,0.));
#12296=CARTESIAN_POINT('',(-0.047625,0.00635,1.26649574436259E-17));
#12297=CARTESIAN_POINT('',(-1.52655665885959E-16,0.00635,4.62158841104353E-17));
#12298=CARTESIAN_POINT('',(-0.0431629083576204,0.00635,0.0201271947154008));
#12299=CARTESIAN_POINT('',(-0.0431629083576204,0.00635,0.0201271947154008));
#12300=CARTESIAN_POINT('',(-0.0364934962524505,0.00635,0.034429795130668));
#12301=CARTESIAN_POINT('',(-0.0336159690286092,0.00635,0.0330879821496413));
#12302=CARTESIAN_POINT('',(-0.0322274460805479,0.00635,0.0359432630504823));
#12303=CARTESIAN_POINT('',(0.0079724325548712,0.00635,0.0163940642385131));
#12304=CARTESIAN_POINT('',(-0.0269482242538484,0.00635,0.0333759777609265));
#12305=CARTESIAN_POINT('',(-0.0283367472019097,0.00635,0.0305206968600856));
#12306=CARTESIAN_POINT('',(-0.0257078045714907,0.00635,0.0323009456196598));
#12307=CARTESIAN_POINT('',(-0.00262894263041904,0.00635,-0.0017802487595742));
#12308=CARTESIAN_POINT('',(-0.0182505620963816,0.00635,0.0212886291988498));
#12309=CARTESIAN_POINT('',(-0.0208795047268007,0.00635,0.0195083804392755));
#12310=CARTESIAN_POINT('',(-0.0185595597571562,0.00635,0.0173407826126894));
#12311=CARTESIAN_POINT('',(2.60208521396521E-18,0.00635,4.33680868994202E-18));
#12312=CARTESIAN_POINT('',(-0.024243025428151,0.00635,-0.00757863563512758));
#12313=CARTESIAN_POINT('',(-0.0272734036066698,0.00635,-0.00852596508951852));
#12314=CARTESIAN_POINT('',(-0.088519,0.00635,-0.0164352325278136));
#12315=CARTESIAN_POINT('',(-0.091694,0.00635,-0.0164352325278136));
#12316=CARTESIAN_POINT('',(-0.088514596671861,0.00635,-0.0196102294743793));
#12317=CARTESIAN_POINT('',(-0.091694,0.00635,0.));
#12318=CARTESIAN_POINT('',(-0.091694,0.00635,2.96612673233821E-18));
#12319=CARTESIAN_POINT('',(3.19189119579733E-16,0.00635,-1.38777878078145E-17));
#12320=CARTESIAN_POINT('',(-0.0915164525603819,0.00635,0.00570338029271849));
#12321=CARTESIAN_POINT('',(-0.0883476003249116,0.00635,0.0055058948255191));
#12322=CARTESIAN_POINT('',(-0.0859101986599279,0.00635,0.00754051963701013));
#12323=CARTESIAN_POINT('',(-0.046920828719324,0.00635,-0.0391672343789498));
#12324=CARTESIAN_POINT('',(-0.0676161860055227,0.00635,-0.0143749984728879));
#12325=CARTESIAN_POINT('',(-0.0700535876705064,0.00635,-0.0164096232843789));
#12326=CARTESIAN_POINT('',(-0.0700491843423673,0.00635,-0.0195846202309445));
#12327=CARTESIAN_POINT('',(2.70266599861244E-5,0.00635,-0.0194874331920353));
#12328=CARTESIAN_POINT('',(0.0079724325548712,0.00635,0.0163940642385131));
#12329=CARTESIAN_POINT('',(-0.0718640073549873,0.00635,0.0552185206601931));
#12330=CARTESIAN_POINT('',(-0.0558077629593298,0.00635,0.0474103698766801));
#12331=CARTESIAN_POINT('',(-0.0571962859073911,0.00635,0.0445550889758391));
#12332=CARTESIAN_POINT('',(-0.0558239163213733,0.00635,0.0416920090399356));
#12333=CARTESIAN_POINT('',(-0.0266803962518542,0.00635,0.0556614690160097));
#12334=CARTESIAN_POINT('',(-0.0809623969010059,0.00635,0.0296422979041906));
#12335=CARTESIAN_POINT('',(-0.0823347664870237,0.00635,0.0325053778400941));
#12336=CARTESIAN_POINT('',(-0.0852879503638897,0.00635,0.0336712809190071));
#12337=CARTESIAN_POINT('',(7.63278329429795E-17,0.00635,-6.24500451351651E-17));
#12338=CARTESIAN_POINT('',(-0.0831029862245386,0.00635,0.0387515588920517));
#12339=CARTESIAN_POINT('',(-0.0831029862245386,0.00635,0.0387515588920517));
#12340=CARTESIAN_POINT('',(-0.07613005752689,0.00635,0.0537050527403789));
#12341=CARTESIAN_POINT('',(-0.0732525303030486,0.00635,0.0523632397593522));
#12342=CARTESIAN_POINT('',(-0.239276056926763,0.00635,0.0256084970940328));
#12343=CARTESIAN_POINT('',(-0.23829940894553,0.00635,0.0225874403715012));
#12344=CARTESIAN_POINT('',(-0.236221528225695,0.00635,0.0247421949444617));
#12345=CARTESIAN_POINT('',(-0.235760124194324,0.00635,0.0147326928929192));
#12346=CARTESIAN_POINT('',(-0.23962600568469,0.00635,0.0220265248969102));
#12347=CARTESIAN_POINT('',(-0.241112883180985,0.00635,0.0248318448984452));
#12348=CARTESIAN_POINT('',(-0.242619405973268,0.00635,0.0220370257493172));
#12349=CARTESIAN_POINT('',(-0.0454203649311465,0.00635,-0.084261390747114));
#12350=CARTESIAN_POINT('',(-0.272207782031306,0.00635,0.0379863808022081));
#12351=CARTESIAN_POINT('',(-0.270701259239023,0.00635,0.0407811999513362));
#12352=CARTESIAN_POINT('',(-0.272751523624513,0.00635,0.04320546085924));
#12353=CARTESIAN_POINT('',(-0.135039378167701,0.00635,0.159672424608475));
#12354=CARTESIAN_POINT('',(-0.231135425512023,0.00635,0.0784013440848926));
#12355=CARTESIAN_POINT('',(-0.229085161126533,0.00635,0.0759770831769887));
#12356=CARTESIAN_POINT('',(-0.227177130641908,0.00635,0.0785148074862355));
#12357=CARTESIAN_POINT('',(-0.211912886764909,0.00635,0.0988166019602103));
#12358=CARTESIAN_POINT('',(-0.224100289354548,0.00635,0.0765314674953238));
#12359=CARTESIAN_POINT('',(-0.225623714678253,0.00635,0.073745825687213));
#12360=CARTESIAN_POINT('',(-0.222569185977185,0.00635,0.072879523537642));
#12361=CARTESIAN_POINT('',(-0.225130155997252,0.00635,0.0638496989749965));
#12362=CARTESIAN_POINT('',(-0.211912886764909,0.00635,0.0988166019602104));
#12363=CARTESIAN_POINT('',(-0.213239742861861,0.00635,0.0734512820746268));
#12364=CARTESIAN_POINT('',(-0.208715809572274,0.00635,0.0736186120121147));
#12365=CARTESIAN_POINT('',(-0.208316174923195,0.00635,0.0704688632686027));
#12366=CARTESIAN_POINT('',(-0.205646447200176,0.00635,0.0721873448323529));
#12367=CARTESIAN_POINT('',(-0.184288625416032,0.00635,0.0859351973423541));
#12368=CARTESIAN_POINT('',(-0.196338908042547,0.00635,0.0635756202304961));
#12369=CARTESIAN_POINT('',(-0.197845193370862,0.00635,0.0607806730915139));
#12370=CARTESIAN_POINT('',(-0.195076524230039,0.00635,0.0623347310661911));
#12371=CARTESIAN_POINT('',(-0.121734395697571,0.00635,-0.0683296915608064));
#12372=CARTESIAN_POINT('',(-0.184887380386575,0.00635,0.044182018239207));
#12373=CARTESIAN_POINT('',(-0.187656049527398,0.00635,0.0426279602645299));
#12374=CARTESIAN_POINT('',(-0.18638737676897,0.00635,0.0397174458027855));
#12375=CARTESIAN_POINT('',(-0.0443080134570938,0.00635,0.101648839766893));
#12376=CARTESIAN_POINT('',(-0.224718196635978,0.00635,0.0230093113431733));
#12377=CARTESIAN_POINT('',(-0.225986869394406,0.00635,0.0259198258049177));
#12378=CARTESIAN_POINT('',(-0.229041398095473,0.00635,0.0267861279544888));
#12379=CARTESIAN_POINT('',(-0.219021098595116,0.00635,0.0621170946758544));
#12380=CARTESIAN_POINT('',(-0.216460128575049,0.00635,0.0711469192384999));
#12381=CARTESIAN_POINT('',(-0.213405599873981,0.00635,0.0702806170889288));
#12382=CARTESIAN_POINT('',(-0.215957546949539,0.00635,-0.02954655));
#12383=CARTESIAN_POINT('',(-0.208337546949539,0.00635,-0.02954655));
#12384=CARTESIAN_POINT('',(-0.143546720227233,0.00635,-0.02954655));
#12385=CARTESIAN_POINT('',(-5.42761318250208E-18,0.00635,-0.02954655));
#12386=CARTESIAN_POINT('',(-1.66146940643999E-17,0.00635,-6.93889390390723E-17));
#12387=CARTESIAN_POINT('',(0.0129215945546585,0.00635,0.0265712440632259));
#12388=CARTESIAN_POINT('',(-0.0922017350589596,0.00635,0.0776927135838357));
#12389=CARTESIAN_POINT('',(-0.197325064672577,0.00635,0.128814183104445));
#12390=CARTESIAN_POINT('',(-0.221436722366604,0.00635,0.142735055164699));
#12391=CARTESIAN_POINT('',(-0.245548405809496,0.00635,0.156655816198505));
#12392=CARTESIAN_POINT('',(-0.266431520199461,0.00635,0.0666099883820573));
#12393=CARTESIAN_POINT('',(-0.249073502840254,0.00635,0.15740114288939));
#12394=CARTESIAN_POINT('',(-3.12538883662228E-12,0.00635,1.96449800871079E-12));
#12395=CARTESIAN_POINT('',(-0.250186839286871,0.00635,0.155625431879385));
#12396=CARTESIAN_POINT('',(-0.172846098926362,0.00635,0.213260587332806));
#12397=CARTESIAN_POINT('',(-0.247791546264774,0.00635,0.15254336418401));
#12398=CARTESIAN_POINT('',(0.000824839520679117,0.00635,0.001356390804714));
#12399=CARTESIAN_POINT('',(-0.247345445525113,0.00635,0.152272084314692));
#12400=CARTESIAN_POINT('',(-0.248170285045794,0.00635,0.150915693509975));
#12401=CARTESIAN_POINT('',(-0.248995124566476,0.00635,0.149559302705257));
#12402=CARTESIAN_POINT('',(-0.000824839520683415,0.00635,-0.00135639080472106));
#12403=CARTESIAN_POINT('',(-0.249441225306123,0.00635,0.149830582574589));
#12404=CARTESIAN_POINT('',(-0.268871370184801,0.00635,0.0553537561376659));
#12405=CARTESIAN_POINT('',(-0.253279738229544,0.00635,0.150539376252107));
#12406=CARTESIAN_POINT('',(-1.15343845585869E-12,0.00635,6.64412969086925E-13));
#12407=CARTESIAN_POINT('',(-0.254344367320566,0.00635,0.148733561822142));
#12408=CARTESIAN_POINT('',(-0.178606776941378,0.00635,0.20845975931631));
#12409=CARTESIAN_POINT('',(-0.251865781966775,0.00635,0.145718071052041));
#12410=CARTESIAN_POINT('',(0.000787482215049853,0.00635,0.00137841503581722));
#12411=CARTESIAN_POINT('',(-0.251412437720485,0.00635,0.14545907755448));
#12412=CARTESIAN_POINT('',(-0.252199919935537,0.00635,0.144080662518659));
#12413=CARTESIAN_POINT('',(-0.252987402150589,0.00635,0.142702247482839));
#12414=CARTESIAN_POINT('',(-0.000787482215053983,0.00635,-0.00137841503582445));
#12415=CARTESIAN_POINT('',(-0.253440746396866,0.00635,0.142961240980415));
#12416=CARTESIAN_POINT('',(-0.270283025975596,0.00635,0.0479889351108713));
#12417=CARTESIAN_POINT('',(-0.257297187656207,0.00635,0.143564921983772));
#12418=CARTESIAN_POINT('',(-1.25846555398823E-12,0.00635,6.95415947049582E-13));
#12419=CARTESIAN_POINT('',(-0.258312094055511,0.00635,0.141730701207101));
#12420=CARTESIAN_POINT('',(-0.184234171885937,0.00635,0.203503370815098));
#12421=CARTESIAN_POINT('',(-0.255752065983306,0.00635,0.138784037634498));
#12422=CARTESIAN_POINT('',(0.000749537260679895,0.00635,0.00139941064196298));
#12423=CARTESIAN_POINT('',(-0.255291816532854,0.00635,0.138537523779346));
#12424=CARTESIAN_POINT('',(-0.256041353793536,0.00635,0.13713811313738));
#12425=CARTESIAN_POINT('',(-0.256790891054218,0.00635,0.135738702495413));
#12426=CARTESIAN_POINT('',(-0.000749537260683807,0.00635,-0.00139941064197028));
#12427=CARTESIAN_POINT('',(-0.257251140504657,0.00635,0.13598521635058));
#12428=CARTESIAN_POINT('',(-0.27149298644328,0.00635,0.0405883029419512));
#12429=CARTESIAN_POINT('',(-0.261122632278925,0.00635,0.136483334190388));
#12430=CARTESIAN_POINT('',(-6.24669760362906E-12,0.00635,3.22497584193116E-12));
#12431=CARTESIAN_POINT('',(-0.262087058625323,0.00635,0.134622075831294));
#12432=CARTESIAN_POINT('',(-0.189724084385891,0.00635,0.198395120473094));
#12433=CARTESIAN_POINT('',(-0.259447498223578,0.00635,0.131746438366992));
#12434=CARTESIAN_POINT('',(0.000711032973516244,0.00635,0.00141936195544318));
#12435=CARTESIAN_POINT('',(-0.258980687024364,0.00635,0.131512588112111));
#12436=CARTESIAN_POINT('',(-0.259691719997882,0.00635,0.130093226156665));
#12437=CARTESIAN_POINT('',(-0.2604027529714,0.00635,0.128673864201218));
#12438=CARTESIAN_POINT('',(-0.000711032973519962,0.00635,-0.0014193619554506));
#12439=CARTESIAN_POINT('',(-0.260869564170614,0.00635,0.128907714456098));
#12440=CARTESIAN_POINT('',(-0.272500348669905,0.00635,0.0331573822606319));
#12441=CARTESIAN_POINT('',(-0.264753217407558,0.00635,0.129299897418157));
#12442=CARTESIAN_POINT('',(-1.43948741815336E-12,0.00635,6.87866430482131E-13));
#12443=CARTESIAN_POINT('',(-0.265666444009966,0.00635,0.127412990417382));
#12444=CARTESIAN_POINT('',(-0.195072417665052,0.00635,0.193138820256078));
#12445=CARTESIAN_POINT('',(-0.262949321017598,0.00635,0.124610524969792));
#12446=CARTESIAN_POINT('',(0.000671998086900944,0.00635,0.00143825408783995));
#12447=CARTESIAN_POINT('',(-0.26247629642161,0.00635,0.124389512823038));
#12448=CARTESIAN_POINT('',(-0.263148294508513,0.00635,0.122951258735194));
#12449=CARTESIAN_POINT('',(-0.263820292595415,0.00635,0.12151300464735));
#12450=CARTESIAN_POINT('',(-0.000671998086904445,0.00635,-0.00143825408784744));
#12451=CARTESIAN_POINT('',(-0.264293317191394,0.00635,0.121734016794121));
#12452=CARTESIAN_POINT('',(-0.273304360923324,0.00635,0.0257017183074472));
#12453=CARTESIAN_POINT('',(-0.268186233763424,0.00635,0.122019972216805));
#12454=CARTESIAN_POINT('',(-3.62271324050312E-12,0.00635,1.64426805504547E-12));
#12455=CARTESIAN_POINT('',(-0.26904757913792,0.00635,0.12010882465508));
#12456=CARTESIAN_POINT('',(-0.2002751806018,0.00635,0.187738392606688));
#12457=CARTESIAN_POINT('',(-0.266254921173896,0.00635,0.117381622528956));
#12458=CARTESIAN_POINT('',(0.000632461730129289,0.00635,0.00145607294113612));
#12459=CARTESIAN_POINT('',(-0.265776036169857,0.00635,0.117173613417852));
#12460=CARTESIAN_POINT('',(-0.266408497899988,0.00635,0.115717540476712));
#12461=CARTESIAN_POINT('',(-0.267040959630119,0.00635,0.114261467535572));
#12462=CARTESIAN_POINT('',(-0.000632461730132573,0.00635,-0.00145607294114368));
#12463=CARTESIAN_POINT('',(-0.267519844634178,0.00635,0.114469476646685));
#12464=CARTESIAN_POINT('',(-0.273904423221773,0.00635,0.0182268747498629));
#12465=CARTESIAN_POINT('',(-0.271419119501059,0.00635,0.114648991139347));
#12466=CARTESIAN_POINT('',(-4.91387486256656E-12,0.00635,2.0644874698661E-12));
#12467=CARTESIAN_POINT('',(-0.272227940879457,0.00635,0.112715029186577));
#12468=CARTESIAN_POINT('',(-0.205328490684349,0.00635,0.182197867542207));
#12469=CARTESIAN_POINT('',(-0.269361831929851,0.00635,0.110065125522377));
#12470=CARTESIAN_POINT('',(0.000592453406712346,0.00635,0.00147280521823553));
#12471=CARTESIAN_POINT('',(-0.268877443879644,0.00635,0.109870274671115));
#12472=CARTESIAN_POINT('',(-0.269469897286358,0.00635,0.108397469452876));
#12473=CARTESIAN_POINT('',(-0.270062350693072,0.00635,0.106924664234636));
#12474=CARTESIAN_POINT('',(-0.000592453406715433,0.00635,-0.00147280521824321));
#12475=CARTESIAN_POINT('',(-0.270546738743278,0.00635,0.107119515085897));
#12476=CARTESIAN_POINT('',(-0.274300087773945,0.00635,0.0107384296246357));
#12477=CARTESIAN_POINT('',(-0.274449462119971,0.00635,0.107192454688092));
#12478=CARTESIAN_POINT('',(-4.82539008750393E-12,0.00635,1.86105297839134E-12));
#12479=CARTESIAN_POINT('',(-0.275205155929441,0.00635,0.105237121539178));
#12480=CARTESIAN_POINT('',(-0.210228576956149,0.00635,0.176521379596501));
#12481=CARTESIAN_POINT('',(-0.272267734792157,0.00635,0.102666493794286));
#12482=CARTESIAN_POINT('',(0.000552002972360415,0.00635,0.00148843843288596));
#12483=CARTESIAN_POINT('',(-0.271778205164309,0.00635,0.1024849466079));
#12484=CARTESIAN_POINT('',(-0.272330208136671,0.00635,0.10099650817501));
#12485=CARTESIAN_POINT('',(-0.272882211109033,0.00635,0.0995080697421202));
#12486=CARTESIAN_POINT('',(-0.000552002972363306,0.00635,-0.00148843843289376));
#12487=CARTESIAN_POINT('',(-0.273371740736868,0.00635,0.0996896169285225));
#12488=CARTESIAN_POINT('',(-0.274491059320896,0.00635,0.00324197108107645));
#12489=CARTESIAN_POINT('',(-0.277275000264932,0.00635,0.0996559272099847));
#12490=CARTESIAN_POINT('',(-3.75519060291652E-12,0.00635,1.3361881046059E-12));
#12491=CARTESIAN_POINT('',(-0.277977002578435,0.00635,0.0976806820077987));
#12492=CARTESIAN_POINT('',(-0.214971782777785,0.00635,0.170713164790942));
#12493=CARTESIAN_POINT('',(-0.274970461267193,0.00635,0.0951912484809941));
#12494=CARTESIAN_POINT('',(0.000511140612703572,0.00635,0.00150296091899685));
#12495=CARTESIAN_POINT('',(-0.274476155367072,0.00635,0.095023140436782));
#12496=CARTESIAN_POINT('',(-0.274987295979777,0.00635,0.0935201795177812));
#12497=CARTESIAN_POINT('',(-0.275498436592482,0.00635,0.0920172185987804));
#12498=CARTESIAN_POINT('',(-0.000511140612706235,0.00635,-0.00150296091900468));
#12499=CARTESIAN_POINT('',(-0.275992742492593,0.00635,0.0921853266430097));
#12500=CARTESIAN_POINT('',(-0.274477195352511,0.00635,-0.00425690674292961));
#12501=CARTESIAN_POINT('',(-0.279893625413488,0.00635,0.0920450327442704));
#12502=CARTESIAN_POINT('',(-2.40893416325605E-12,0.00635,7.71584185432772E-13));
#12503=CARTESIAN_POINT('',(-0.280541412370588,0.00635,0.0900513494908086));
#12504=CARTESIAN_POINT('',(-0.219554568604499,0.00635,0.164777557417537));
#12505=CARTESIAN_POINT('',(-0.277467994479191,0.00635,0.0876449678906824));
#12506=CARTESIAN_POINT('',(0.000469896820765918,0.00635,0.00151636183934471));
#12507=CARTESIAN_POINT('',(-0.276969281176383,0.00635,0.0874904244371659));
#12508=CARTESIAN_POINT('',(-0.277439177997149,0.00635,0.0859740625978172));
#12509=CARTESIAN_POINT('',(-0.277909074817916,0.00635,0.0844577007584685));
#12510=CARTESIAN_POINT('',(-0.000469896820768379,0.00635,-0.00151636183935266));
#12511=CARTESIAN_POINT('',(-0.278407788120718,0.00635,0.0846122442120028));
#12512=CARTESIAN_POINT('',(-0.274258506215077,0.00635,-0.0117526078949087));
#12513=CARTESIAN_POINT('',(-0.282303383449418,0.00635,0.084365450825624));
#12514=CARTESIAN_POINT('',(-5.130257330066E-12,0.00635,1.50779388974342E-12));
#12515=CARTESIAN_POINT('',(-0.28289647164721,0.00635,0.0823548172820485));
#12516=CARTESIAN_POINT('',(-0.223973514584501,0.00635,0.158718986854967));
#12517=CARTESIAN_POINT('',(-0.279758470675268,0.00635,0.0800332833407316));
#12518=CARTESIAN_POINT('',(0.00042830237421068,0.00635,0.00152863119366063));
#12519=CARTESIAN_POINT('',(-0.279255722128328,0.00635,0.079892419804028));
#12520=CARTESIAN_POINT('',(-0.27968402450254,0.00635,0.0783637886103634));
#12521=CARTESIAN_POINT('',(-0.280112326876753,0.00635,0.0768351574166988));
#12522=CARTESIAN_POINT('',(-0.000428302374212915,0.00635,-0.00152863119366861));
#12523=CARTESIAN_POINT('',(-0.280615075423683,0.00635,0.0769760209534201));
#12524=CARTESIAN_POINT('',(-0.273835155101188,0.00635,-0.0192395388278242));
#12525=CARTESIAN_POINT('',(-0.284502476120965,0.00635,0.0766229122458815));
#12526=CARTESIAN_POINT('',(-2.20601314993018E-12,0.00635,5.82422998718357E-13));
#12527=CARTESIAN_POINT('',(-0.285040422974809,0.00635,0.0745968288222882));
#12528=CARTESIAN_POINT('',(-0.228225323133739,0.00635,0.152541974236918));
#12529=CARTESIAN_POINT('',(-0.28184018061625,0.00635,0.0723618749554107));
#12530=CARTESIAN_POINT('',(0.000386388312372665,0.00635,0.00153975982609258));
#12531=CARTESIAN_POINT('',(-0.281333771994985,0.00635,0.0722347964531698));
#12532=CARTESIAN_POINT('',(-0.28172016030736,0.00635,0.0706950366270732));
#12533=CARTESIAN_POINT('',(-0.282106548619733,0.00635,0.0691552768009766));
#12534=CARTESIAN_POINT('',(-0.000386388312374685,0.00635,-0.00153975982610063));
#12535=CARTESIAN_POINT('',(-0.282612957240991,0.00635,0.069282355303236));
#12536=CARTESIAN_POINT('',(-0.273207457933797,0.00635,-0.02671211247759));
#12537=CARTESIAN_POINT('',(-0.286489262382765,0.00635,0.0688231947774821));
#12538=CARTESIAN_POINT('',(-2.15474860176812E-12,0.00635,5.05803732231414E-13));
#12539=CARTESIAN_POINT('',(-0.286971666456559,0.00635,0.0667831734132592));
#12540=CARTESIAN_POINT('',(-0.232306821398938,0.00635,0.146251129073179));
#12541=CARTESIAN_POINT('',(-0.283711570852157,0.00635,0.0646364674271701));
#12542=CARTESIAN_POINT('',(0.000344185913095598,0.00635,0.00154973943203797));
#12543=CARTESIAN_POINT('',(-0.283201880057665,0.00635,0.0645232687901141));
#12544=CARTESIAN_POINT('',(-0.283546065970762,0.00635,0.062973529358072));
#12545=CARTESIAN_POINT('',(-0.283890251883858,0.00635,0.06142378992603));
#12546=CARTESIAN_POINT('',(-0.000344185913097397,0.00635,-0.00154973943204607));
#12547=CARTESIAN_POINT('',(-0.284399942678327,0.00635,0.0615369885630808));
#12548=CARTESIAN_POINT('',(-0.272375883121682,0.00635,-0.0341647525574141));
#12549=CARTESIAN_POINT('',(-0.288262259620454,0.00635,0.0609721188619006));
#12550=CARTESIAN_POINT('',(1.37220790286108E-12,0.00635,-2.90024948501611E-13));
#12551=CARTESIAN_POINT('',(-0.288688760926198,0.00635,0.058919681897446));
#12552=CARTESIAN_POINT('',(-0.236214963598621,0.00635,0.139851145850518));
#12553=CARTESIAN_POINT('',(-0.285371244881473,0.00635,0.0568628257445885));
#12554=CARTESIAN_POINT('',(0.00030172666939141,0.00635,0.00155856256434087));
#12555=CARTESIAN_POINT('',(-0.284858652264121,0.00635,0.0567635914458015));
#12556=CARTESIAN_POINT('',(-0.285160378933513,0.00635,0.0552050288814566));
#12557=CARTESIAN_POINT('',(-0.285462105602906,0.00635,0.0536464663171116));
#12558=CARTESIAN_POINT('',(-0.000301726669392988,0.00635,-0.00155856256434903));
#12559=CARTESIAN_POINT('',(-0.285974698220259,0.00635,0.053745700615899));
#12560=CARTESIAN_POINT('',(-0.271341051217631,0.00635,-0.0415918976214765));
#12561=CARTESIAN_POINT('',(-0.289820144757042,0.00635,0.0530755432662461));
#12562=CARTESIAN_POINT('',(-4.00621202878426E-12,0.00635,7.25933202438966E-13));
#12563=CARTESIAN_POINT('',(-0.290190425023482,0.00635,0.0510122223069189));
#12564=CARTESIAN_POINT('',(-0.239946833344362,0.00635,0.133346800455094));
#12565=CARTESIAN_POINT('',(-0.286817964193243,0.00635,0.0490467508904171));
#12566=CARTESIAN_POINT('',(0.000259042265938958,0.00635,0.00156622263884929));
#12567=CARTESIAN_POINT('',(-0.286302852268844,0.00635,0.0489615549822697));
#12568=CARTESIAN_POINT('',(-0.286561894534783,0.00635,0.0473953323434164));
#12569=CARTESIAN_POINT('',(-0.286820936800724,0.00635,0.045829109704563));
#12570=CARTESIAN_POINT('',(-0.000259042265940314,0.00635,-0.00156622263885749));
#12571=CARTESIAN_POINT('',(-0.287336048725115,0.00635,0.0459143056127288));
#12572=CARTESIAN_POINT('',(-0.270103734451326,0.00635,-0.0489880052568549));
#12573=CARTESIAN_POINT('',(-0.291161755240263,0.00635,0.0451393607111273));
#12574=CARTESIAN_POINT('',(2.01366701091388E-13,0.00635,-3.2383817849535E-14));
#12575=CARTESIAN_POINT('',(-0.291475538150386,0.00635,0.0430666954843661));
#12576=CARTESIAN_POINT('',(-0.243499645775802,0.00635,0.126742946670505));
#12577=CARTESIAN_POINT('',(-0.288050649191286,0.00635,0.041194075512665));
#12578=CARTESIAN_POINT('',(0.00021616455543975,0.00635,0.00157271393932857));
#12579=CARTESIAN_POINT('',(-0.287533402355667,0.00635,0.0411229815715181));
#12580=CARTESIAN_POINT('',(-0.287749566911108,0.00635,0.0395502676321854));
#12581=CARTESIAN_POINT('',(-0.287965731466548,0.00635,0.0379775536928528));
#12582=CARTESIAN_POINT('',(-0.00021616455544088,0.00635,-0.00157271393933679));
#12583=CARTESIAN_POINT('',(-0.288482978302158,0.00635,0.0380486476340179));
#12584=CARTESIAN_POINT('',(-0.26866485615709,0.00635,-0.0563475561997968));
#12585=CARTESIAN_POINT('',(-0.292286089910094,0.00635,0.0371694934733931));
#12586=CARTESIAN_POINT('',(-5.07444086750297E-12,0.00635,6.26526608371591E-13));
#12587=CARTESIAN_POINT('',(-0.292543141307332,0.00635,0.0350890306796622));
#12588=CARTESIAN_POINT('',(-0.246870749636791,0.00635,0.120044512566668));
#12589=CARTESIAN_POINT('',(-0.28906837999986,0.00635,0.0333106595719681));
#12590=CARTESIAN_POINT('',(0.00017312553484825,0.00635,0.00157803162172701));
#12591=CARTESIAN_POINT('',(-0.288549384241999,0.00635,0.0332537206507857));
#12592=CARTESIAN_POINT('',(-0.288722509776848,0.00635,0.0316756890290545));
#12593=CARTESIAN_POINT('',(-0.288895635311696,0.00635,0.0300976574073234));
#12594=CARTESIAN_POINT('',(-0.000173125534849153,0.00635,-0.00157803162173525));
#12595=CARTESIAN_POINT('',(-0.289414631069552,0.00635,0.0301545963285247));
#12596=CARTESIAN_POINT('',(-0.267025490078602,0.00635,-0.0636650584848588));
#12597=CARTESIAN_POINT('',(-0.293192309745868,0.00635,0.0291718889666588));
#12598=CARTESIAN_POINT('',(-4.01753630363544E-12,0.00635,3.90191351451463E-13));
#12599=CARTESIAN_POINT('',(-0.293392437808836,0.00635,0.027085181125265));
#12600=CARTESIAN_POINT('',(-0.250057629297135,0.00635,0.113256496740347));
#12601=CARTESIAN_POINT('',(-0.289870397150097,0.00635,0.0254023859687618));
#12602=CARTESIAN_POINT('',(0.000129957321494561,0.00635,0.0015821717177907));
#12603=CARTESIAN_POINT('',(-0.289350039764082,0.00635,0.0253596445574812));
#12604=CARTESIAN_POINT('',(-0.289479997085576,0.00635,0.0237774728396864));
#12605=CARTESIAN_POINT('',(-0.289609954407071,0.00635,0.0221953011218915));
#12606=CARTESIAN_POINT('',(-0.000129957321495241,0.00635,-0.00158217171779898));
#12607=CARTESIAN_POINT('',(-0.290130311793087,0.00635,0.022238042533172));
#12608=CARTESIAN_POINT('',(-0.265186859572378,0.00635,-0.0709350515171399));
#12609=CARTESIAN_POINT('',(-0.293879738492382,0.00635,0.0211525153031264));
#12610=CARTESIAN_POINT('',(-7.6747774802044E-12,0.00635,5.30662319642161E-13));
#12611=CARTESIAN_POINT('',(-0.294022793878019,0.00635,0.0190611195936655));
#12612=CARTESIAN_POINT('',(-0.253057906586841,0.00635,0.106383964663592));
#12613=CARTESIAN_POINT('',(-0.290456102146758,0.00635,0.0174751561531232));
#12614=CARTESIAN_POINT('',(8.66921291172709E-5,0.00635,0.00158513113802484));
#12615=CARTESIAN_POINT('',(-0.289934771442758,0.00635,0.0174466441470253));
#12616=CARTESIAN_POINT('',(-0.290021463571876,0.00635,0.0158615130089963));
#12617=CARTESIAN_POINT('',(-0.290108155700993,0.00635,0.0142763818709674));
#12618=CARTESIAN_POINT('',(-8.66921291177239E-5,0.00635,-0.00158513113803313));
#12619=CARTESIAN_POINT('',(-0.290629486404987,0.00635,0.0143048938770842));
#12620=CARTESIAN_POINT('',(-0.263150336693291,0.00635,-0.078152110155813));
#12621=CARTESIAN_POINT('',(-0.294347863164544,0.00635,0.0131173568399595));
#12622=CARTESIAN_POINT('',(-2.29150032282633E-12,0.00635,8.80242059797531E-14));
#12623=CARTESIAN_POINT('',(-0.29443373911956,0.00635,0.0110228339402826));
#12624=CARTESIAN_POINT('',(-0.255869342575884,0.00635,0.0994320449019441));
#12625=CARTESIAN_POINT('',(-0.290825057914799,0.00635,0.00953488572109918));
#12626=CARTESIAN_POINT('',(4.33622438243432E-5,0.00635,0.00158690767399914));
#12627=CARTESIAN_POINT('',(-0.290303142929337,0.00635,0.00952062439687345));
#12628=CARTESIAN_POINT('',(-0.290346505173161,0.00635,0.00793371672287017));
#12629=CARTESIAN_POINT('',(-0.290389867416986,0.00635,0.00634680904886688));
#12630=CARTESIAN_POINT('',(-4.33622438245697E-5,0.00635,-0.00158690767400743));
#12631=CARTESIAN_POINT('',(-0.290911782402449,0.00635,0.00636107037309263));
#12632=CARTESIAN_POINT('',(-0.26091744117112,0.00635,-0.0853108487609405));
#12633=CARTESIAN_POINT('',(-0.294596334430179,0.00635,0.00507240971353025));
#12634=CARTESIAN_POINT('',(-3.64031027544342E-12,0.00635,6.56783655239579E-14));
#12635=CARTESIAN_POINT('',(-0.294624966870718,0.00635,0.0029763226351255));
#12636=CARTESIAN_POINT('',(-0.258489839279616,0.00635,0.0924059252042112));
#12637=CARTESIAN_POINT('',(-0.290976989125623,0.00635,0.00158750000000004));
#12638=CARTESIAN_POINT('',(2.28241037180624E-17,0.00635,0.00158749999999586));
#12639=CARTESIAN_POINT('',(-0.29045487933121,0.00635,0.00158750000000003));
#12640=CARTESIAN_POINT('',(-0.29045487933121,0.00635,2.94902990916057E-17));
#12641=CARTESIAN_POINT('',(-0.29045487933121,0.00635,-0.00158749999999997));
#12642=CARTESIAN_POINT('',(-2.28241037181817E-17,0.00635,-0.00158750000000415));
#12643=CARTESIAN_POINT('',(-0.29097698912562,0.00635,-0.00158749999999996));
#12644=CARTESIAN_POINT('',(-0.258489839276249,0.00635,-0.0924059252133679));
#12645=CARTESIAN_POINT('',(-0.294624966870718,0.00635,-0.00297632263512194));
#12646=CARTESIAN_POINT('',(-3.64019925314096E-12,0.00635,-6.52483709423501E-14));
#12647=CARTESIAN_POINT('',(-0.29459633443018,0.00635,-0.00507240971353002));
#12648=CARTESIAN_POINT('',(-0.260917441171159,0.00635,0.0853108487608313));
#12649=CARTESIAN_POINT('',(-0.290911782402448,0.00635,-0.00636107037309263));
#12650=CARTESIAN_POINT('',(-4.33622438242979E-5,0.00635,0.00158690767399914));
#12651=CARTESIAN_POINT('',(-0.290389867416986,0.00635,-0.00634680904886689));
#12652=CARTESIAN_POINT('',(-0.290346505173161,0.00635,-0.00793371672287017));
#12653=CARTESIAN_POINT('',(-0.290303142929337,0.00635,-0.00952062439687346));
#12654=CARTESIAN_POINT('',(4.33622438245244E-5,0.00635,-0.00158690767400743));
#12655=CARTESIAN_POINT('',(-0.2908250579148,0.00635,-0.00953488572109916));
#12656=CARTESIAN_POINT('',(-0.255869342575927,0.00635,-0.09943204490184));
#12657=CARTESIAN_POINT('',(-0.29443373911956,0.00635,-0.0110228339402825));
#12658=CARTESIAN_POINT('',(-2.21844764780599E-12,0.00635,-8.62313692673311E-14));
#12659=CARTESIAN_POINT('',(-0.294347863164544,0.00635,-0.0131173568399597));
#12660=CARTESIAN_POINT('',(-0.263150336693321,0.00635,0.0781521101557128));
#12661=CARTESIAN_POINT('',(-0.290629486404989,0.00635,-0.0143048938771038));
#12662=CARTESIAN_POINT('',(-8.66921291172257E-5,0.00635,0.00158513113802485));
#12663=CARTESIAN_POINT('',(-0.290108155700993,0.00635,-0.0142763818709674));
#12664=CARTESIAN_POINT('',(-0.290021463571876,0.00635,-0.0158615130089964));
#12665=CARTESIAN_POINT('',(-0.289934771442758,0.00635,-0.0174466441470253));
#12666=CARTESIAN_POINT('',(8.66921291176786E-5,0.00635,-0.00158513113803313));
#12667=CARTESIAN_POINT('',(-0.290456102146751,0.00635,-0.0174751561531422));
#12668=CARTESIAN_POINT('',(-0.253057906583199,0.00635,-0.106383964671969));
#12669=CARTESIAN_POINT('',(-0.294022793878019,0.00635,-0.0190611195936632));
#12670=CARTESIAN_POINT('',(-7.74774688849789E-12,0.00635,-5.32860214286224E-13));
#12671=CARTESIAN_POINT('',(-0.293879738492382,0.00635,-0.0211525153031265));
#12672=CARTESIAN_POINT('',(-0.265186859572388,0.00635,0.0709350515171026));
#12673=CARTESIAN_POINT('',(-0.290130311793089,0.00635,-0.0222380425331915));
#12674=CARTESIAN_POINT('',(-0.000129957321494516,0.00635,0.0015821717177907));
#12675=CARTESIAN_POINT('',(-0.289609954407071,0.00635,-0.0221953011218914));
#12676=CARTESIAN_POINT('',(-0.289479997085576,0.00635,-0.0237774728396863));
#12677=CARTESIAN_POINT('',(-0.289350039764082,0.00635,-0.0253596445574811));
#12678=CARTESIAN_POINT('',(0.000129957321495195,0.00635,-0.00158217171779898));
#12679=CARTESIAN_POINT('',(-0.289870397150097,0.00635,-0.0254023859687616));
#12680=CARTESIAN_POINT('',(-0.250057629297108,0.00635,-0.113256496740401));
#12681=CARTESIAN_POINT('',(-0.293392467955467,0.00635000024999999,-0.0270853303072166));
#12682=CARTESIAN_POINT('',(-0.297429666158362,0.00635,-0.0291113474874526));
#12683=CARTESIAN_POINT('',(-0.301466918155146,0.00635,-0.0311372576987387));
#12684=CARTESIAN_POINT('',(-0.300793056957695,0.00635,-0.0324801343226914));
#12685=CARTESIAN_POINT('',(-0.301528384708775,0.00635,-0.0337903631725802));
#12686=CARTESIAN_POINT('',(-0.295914012396603,0.00635,-0.0339204356933373));
#12687=CARTESIAN_POINT('',(-0.290299640084432,0.00635,-0.0340505082140944));
#12688=CARTESIAN_POINT('',(-0.28732871313151,0.00635,-0.0317985291070472));
#12689=CARTESIAN_POINT('',(-0.143546720227233,0.00635,-0.02954655));
#12690=CARTESIAN_POINT('',(-5.42761318250208E-18,0.00635,-0.02954655));
#12691=CARTESIAN_POINT('',(-0.208337546949539,0.03175,-0.02954655));
#12692=CARTESIAN_POINT('',(-0.0922017350589596,0.00635,0.0776927135838357));
#12693=CARTESIAN_POINT('',(-0.197325064672577,0.00635,0.128814183104445));
#12694=CARTESIAN_POINT('',(0.0129215945546585,0.00635,0.0265712440632259));
#12695=CARTESIAN_POINT('',(-0.221436722366604,0.00635,0.142735055164699));
#12696=CARTESIAN_POINT('',(-0.24554838006063,0.00635,0.156655927224954));
#12697=CARTESIAN_POINT('',(-0.266431520199461,0.00635,0.0666099883820573));
#12698=CARTESIAN_POINT('',(-0.249073502840254,0.00635,0.15740114288939));
#12699=CARTESIAN_POINT('',(-3.12538883662228E-12,0.00635,1.96449800871079E-12));
#12700=CARTESIAN_POINT('',(-0.250186839286871,0.00635,0.155625431879385));
#12701=CARTESIAN_POINT('',(-0.172846098926362,0.00635,0.213260587332806));
#12702=CARTESIAN_POINT('',(-0.247791546264787,0.00635,0.152543364183995));
#12703=CARTESIAN_POINT('',(-0.268871370184801,0.0063499999999997,0.0553537561376659));
#12704=CARTESIAN_POINT('',(-0.249441225306123,0.00635,0.149830582574589));
#12705=CARTESIAN_POINT('',(-0.253279738229544,0.00635,0.150539376252107));
#12706=CARTESIAN_POINT('',(-1.15343845585869E-12,0.00635,6.64412969086925E-13));
#12707=CARTESIAN_POINT('',(-0.254344367320566,0.00635,0.148733561822142));
#12708=CARTESIAN_POINT('',(-0.178606776941378,0.00635,0.20845975931631));
#12709=CARTESIAN_POINT('',(-0.251865781966788,0.00635,0.145718071052026));
#12710=CARTESIAN_POINT('',(-0.270283025975596,0.00635,0.0479889351108713));
#12711=CARTESIAN_POINT('',(-0.253440746396866,0.00635,0.142961240980415));
#12712=CARTESIAN_POINT('',(-0.257297187656207,0.00635,0.143564921983772));
#12713=CARTESIAN_POINT('',(-1.25846555398823E-12,0.00635,6.95415947049582E-13));
#12714=CARTESIAN_POINT('',(-0.258312094055511,0.00635,0.141730701207101));
#12715=CARTESIAN_POINT('',(-0.184234171885937,0.00635,0.203503370815098));
#12716=CARTESIAN_POINT('',(-0.255752065983318,0.00635,0.138784037634482));
#12717=CARTESIAN_POINT('',(-0.27149298644328,0.00635,0.0405883029419512));
#12718=CARTESIAN_POINT('',(-0.257251140504657,0.00635,0.13598521635058));
#12719=CARTESIAN_POINT('',(-0.261122632278925,0.00635,0.136483334190388));
#12720=CARTESIAN_POINT('',(-6.24669760362906E-12,0.00635,3.22497584193116E-12));
#12721=CARTESIAN_POINT('',(-0.262087058625322,0.00635,0.134622075831294));
#12722=CARTESIAN_POINT('',(-0.189724084385891,0.00635,0.198395120473094));
#12723=CARTESIAN_POINT('',(-0.259447498223578,0.00635,0.131746438366992));
#12724=CARTESIAN_POINT('',(-0.272500348669905,0.00635,0.0331573822606319));
#12725=CARTESIAN_POINT('',(-0.260869564170614,0.00635,0.128907714456098));
#12726=CARTESIAN_POINT('',(-0.264753217407558,0.00635,0.129299897418157));
#12727=CARTESIAN_POINT('',(-1.43948741815336E-12,0.00635,6.87866430482131E-13));
#12728=CARTESIAN_POINT('',(-0.265666444009966,0.00635,0.127412990417382));
#12729=CARTESIAN_POINT('',(-0.195072417665052,0.00635,0.193138820256078));
#12730=CARTESIAN_POINT('',(-0.26294932101761,0.00635,0.124610524969776));
#12731=CARTESIAN_POINT('',(-0.273304360923324,0.00635,0.0257017183074472));
#12732=CARTESIAN_POINT('',(-0.264293317191394,0.00635,0.121734016794121));
#12733=CARTESIAN_POINT('',(-0.268186233763424,0.00635,0.122019972216805));
#12734=CARTESIAN_POINT('',(-3.62271324050312E-12,0.00635,1.64426805504547E-12));
#12735=CARTESIAN_POINT('',(-0.26904757913792,0.00635,0.12010882465508));
#12736=CARTESIAN_POINT('',(-0.2002751806018,0.00634999999999936,0.187738392606688));
#12737=CARTESIAN_POINT('',(-0.266254921173896,0.00635,0.117381622528956));
#12738=CARTESIAN_POINT('',(-0.273904423221773,0.00635,0.0182268747498629));
#12739=CARTESIAN_POINT('',(-0.267519844634178,0.00635,0.114469476646685));
#12740=CARTESIAN_POINT('',(-0.271419119501059,0.00635,0.114648991139347));
#12741=CARTESIAN_POINT('',(-4.91387486256656E-12,0.00635,2.0644874698661E-12));
#12742=CARTESIAN_POINT('',(-0.272227940879457,0.00635,0.112715029186577));
#12743=CARTESIAN_POINT('',(-0.205328490684349,0.00635000000000078,0.182197867542207));
#12744=CARTESIAN_POINT('',(-0.269361831929851,0.00635,0.110065125522377));
#12745=CARTESIAN_POINT('',(-0.274300087773945,0.00635,0.0107384296246357));
#12746=CARTESIAN_POINT('',(-0.270546738743278,0.00635,0.107119515085897));
#12747=CARTESIAN_POINT('',(-0.274449462119971,0.00635,0.107192454688092));
#12748=CARTESIAN_POINT('',(-4.82539008750393E-12,0.00635,1.86105297839134E-12));
#12749=CARTESIAN_POINT('',(-0.275205155929441,0.00635,0.105237121539178));
#12750=CARTESIAN_POINT('',(-0.210228576956149,0.00635,0.176521379596501));
#12751=CARTESIAN_POINT('',(-0.272267734792167,0.00635,0.102666493794269));
#12752=CARTESIAN_POINT('',(-0.274491059320896,0.00635,0.00324197108107645));
#12753=CARTESIAN_POINT('',(-0.273371740736868,0.00635,0.0996896169285224));
#12754=CARTESIAN_POINT('',(-0.277275000264932,0.00635,0.0996559272099847));
#12755=CARTESIAN_POINT('',(-3.75519060291652E-12,0.00635,1.3361881046059E-12));
#12756=CARTESIAN_POINT('',(-0.277977002578435,0.00635,0.0976806820077987));
#12757=CARTESIAN_POINT('',(-0.214971782777785,0.00635000000000044,0.170713164790942));
#12758=CARTESIAN_POINT('',(-0.274970461267202,0.00635,0.0951912484809769));
#12759=CARTESIAN_POINT('',(-0.274477195352511,0.00635,-0.00425690674292961));
#12760=CARTESIAN_POINT('',(-0.275992742492593,0.00635,0.0921853266430097));
#12761=CARTESIAN_POINT('',(-0.279893625413488,0.00635,0.0920450327442704));
#12762=CARTESIAN_POINT('',(-2.40893416325605E-12,0.00635,7.71584185432772E-13));
#12763=CARTESIAN_POINT('',(-0.280541412370588,0.00635,0.0900513494908087));
#12764=CARTESIAN_POINT('',(-0.219554568604499,0.00634999999999936,0.164777557417537));
#12765=CARTESIAN_POINT('',(-0.2774679944792,0.00635,0.0876449678906649));
#12766=CARTESIAN_POINT('',(-0.274258506215077,0.00635,-0.0117526078949087));
#12767=CARTESIAN_POINT('',(-0.278407788120718,0.00635,0.0846122442120027));
#12768=CARTESIAN_POINT('',(-0.282303383449418,0.00635,0.084365450825624));
#12769=CARTESIAN_POINT('',(-5.130257330066E-12,0.00635,1.50779388974342E-12));
#12770=CARTESIAN_POINT('',(-0.28289647164721,0.00635,0.0823548172820485));
#12771=CARTESIAN_POINT('',(-0.223973514584501,0.00635,0.158718986854967));
#12772=CARTESIAN_POINT('',(-0.279758470675277,0.00635,0.0800332833407139));
#12773=CARTESIAN_POINT('',(-0.273835155101188,0.00635,-0.0192395388278242));
#12774=CARTESIAN_POINT('',(-0.280615075423683,0.00635,0.0769760209534201));
#12775=CARTESIAN_POINT('',(-0.284502476120965,0.00635,0.0766229122458815));
#12776=CARTESIAN_POINT('',(-2.20601314993018E-12,0.00635,5.82422998718357E-13));
#12777=CARTESIAN_POINT('',(-0.285040422974809,0.00635,0.0745968288222882));
#12778=CARTESIAN_POINT('',(-0.228225323133739,0.00635,0.152541974236918));
#12779=CARTESIAN_POINT('',(-0.281840180616258,0.00635,0.0723618749553928));
#12780=CARTESIAN_POINT('',(-0.273207457933797,0.0063499999999997,-0.02671211247759));
#12781=CARTESIAN_POINT('',(-0.282612957240991,0.00635,0.069282355303236));
#12782=CARTESIAN_POINT('',(-0.286489262382765,0.00635,0.0688231947774821));
#12783=CARTESIAN_POINT('',(-2.15474860176812E-12,0.00635,5.05803732231414E-13));
#12784=CARTESIAN_POINT('',(-0.286971666456559,0.00635,0.0667831734132592));
#12785=CARTESIAN_POINT('',(-0.232306821398938,0.00635000000000044,0.146251129073179));
#12786=CARTESIAN_POINT('',(-0.283711570852157,0.00635,0.0646364674271701));
#12787=CARTESIAN_POINT('',(-0.272375883121682,0.00635,-0.0341647525574141));
#12788=CARTESIAN_POINT('',(-0.284399942678327,0.00635,0.0615369885630808));
#12789=CARTESIAN_POINT('',(-0.288262259620454,0.00635,0.0609721188619006));
#12790=CARTESIAN_POINT('',(1.37220790286108E-12,0.00635,-2.90024948501611E-13));
#12791=CARTESIAN_POINT('',(-0.288688760926198,0.00635,0.058919681897446));
#12792=CARTESIAN_POINT('',(-0.236214963598621,0.00635,0.139851145850518));
#12793=CARTESIAN_POINT('',(-0.285371244881473,0.00635,0.0568628257445885));
#12794=CARTESIAN_POINT('',(-0.271341051217631,0.00635,-0.0415918976214765));
#12795=CARTESIAN_POINT('',(-0.285974698220259,0.00635,0.053745700615899));
#12796=CARTESIAN_POINT('',(-0.289820144757042,0.00635,0.0530755432662461));
#12797=CARTESIAN_POINT('',(-4.00621202878426E-12,0.00635,7.25933202438966E-13));
#12798=CARTESIAN_POINT('',(-0.290190425023482,0.00635,0.0510122223069189));
#12799=CARTESIAN_POINT('',(-0.239946833344362,0.00635,0.133346800455094));
#12800=CARTESIAN_POINT('',(-0.286817964193249,0.00635,0.0490467508903986));
#12801=CARTESIAN_POINT('',(-0.270103734451326,0.00635,-0.0489880052568549));
#12802=CARTESIAN_POINT('',(-0.287336048725115,0.00635,0.0459143056127288));
#12803=CARTESIAN_POINT('',(-0.291161755240263,0.00635,0.0451393607111273));
#12804=CARTESIAN_POINT('',(2.01366701091388E-13,0.00635,-3.2383817849535E-14));
#12805=CARTESIAN_POINT('',(-0.291475538150386,0.00635,0.0430666954843661));
#12806=CARTESIAN_POINT('',(-0.243499645775802,0.00635,0.126742946670505));
#12807=CARTESIAN_POINT('',(-0.288050649191292,0.00635,0.0411940755126463));
#12808=CARTESIAN_POINT('',(-0.26866485615709,0.00635,-0.0563475561997968));
#12809=CARTESIAN_POINT('',(-0.288482978302158,0.00635,0.0380486476340179));
#12810=CARTESIAN_POINT('',(-0.292286089910094,0.00635,0.0371694934733931));
#12811=CARTESIAN_POINT('',(-5.07444086750297E-12,0.00635,6.26526608371591E-13));
#12812=CARTESIAN_POINT('',(-0.292543141307332,0.00635,0.0350890306796622));
#12813=CARTESIAN_POINT('',(-0.246870749636791,0.00635,0.120044512566668));
#12814=CARTESIAN_POINT('',(-0.289068379999866,0.00635,0.0333106595719493));
#12815=CARTESIAN_POINT('',(-0.267025490078602,0.00635,-0.0636650584848588));
#12816=CARTESIAN_POINT('',(-0.289414631069552,0.00635,0.0301545963285247));
#12817=CARTESIAN_POINT('',(-0.293192309745868,0.00635,0.0291718889666588));
#12818=CARTESIAN_POINT('',(-4.01753630363544E-12,0.00635,3.90191351451463E-13));
#12819=CARTESIAN_POINT('',(-0.293392437808836,0.00635,0.027085181125265));
#12820=CARTESIAN_POINT('',(-0.250057629297135,0.00635,0.113256496740347));
#12821=CARTESIAN_POINT('',(-0.289870397150097,0.00635,0.0254023859687618));
#12822=CARTESIAN_POINT('',(-0.265186859572378,0.00635,-0.0709350515171399));
#12823=CARTESIAN_POINT('',(-0.290130311793087,0.00635,0.022238042533172));
#12824=CARTESIAN_POINT('',(-0.293879738492382,0.00635,0.0211525153031264));
#12825=CARTESIAN_POINT('',(-7.6747774802044E-12,0.00635,5.30662319642161E-13));
#12826=CARTESIAN_POINT('',(-0.294022793878019,0.00635,0.0190611195936655));
#12827=CARTESIAN_POINT('',(-0.253057906586841,0.00635000000000077,0.106383964663592));
#12828=CARTESIAN_POINT('',(-0.290456102146763,0.00635,0.0174751561531041));
#12829=CARTESIAN_POINT('',(-0.263150336693291,0.0063499999999997,-0.078152110155813));
#12830=CARTESIAN_POINT('',(-0.290629486404987,0.00635,0.0143048938770842));
#12831=CARTESIAN_POINT('',(-0.294347863164544,0.00635,0.0131173568399595));
#12832=CARTESIAN_POINT('',(-2.29150032282633E-12,0.00635,8.80242059797531E-14));
#12833=CARTESIAN_POINT('',(-0.29443373911956,0.00635,0.0110228339402826));
#12834=CARTESIAN_POINT('',(-0.255869342575884,0.00635,0.0994320449019441));
#12835=CARTESIAN_POINT('',(-0.290825057914799,0.00635,0.00953488572109918));
#12836=CARTESIAN_POINT('',(-0.26091744117112,0.00635,-0.0853108487609405));
#12837=CARTESIAN_POINT('',(-0.290911782402449,0.00635,0.00636107037309262));
#12838=CARTESIAN_POINT('',(-0.294596334430179,0.00635,0.00507240971353026));
#12839=CARTESIAN_POINT('',(-3.64031027544342E-12,0.00635,6.56783655239579E-14));
#12840=CARTESIAN_POINT('',(-0.294624966870718,0.00635,0.0029763226351255));
#12841=CARTESIAN_POINT('',(-0.258489839279616,0.00634999999999936,0.0924059252042112));
#12842=CARTESIAN_POINT('',(-0.290976989125623,0.00635,0.00158750000000004));
#12843=CARTESIAN_POINT('',(-0.258489839276249,0.00635,-0.0924059252133679));
#12844=CARTESIAN_POINT('',(-0.29097698912562,0.00635,-0.00158749999999997));
#12845=CARTESIAN_POINT('',(-0.294624966870718,0.00635,-0.00297632263512193));
#12846=CARTESIAN_POINT('',(-3.64019925314096E-12,0.00635,-6.52483709423501E-14));
#12847=CARTESIAN_POINT('',(-0.29459633443018,0.00635,-0.00507240971353004));
#12848=CARTESIAN_POINT('',(-0.260917441171159,0.00635000000000044,0.0853108487608313));
#12849=CARTESIAN_POINT('',(-0.290911782402449,0.00635,-0.00636107037309261));
#12850=CARTESIAN_POINT('',(-0.255869342575927,0.00635,-0.09943204490184));
#12851=CARTESIAN_POINT('',(-0.2908250579148,0.00635,-0.00953488572109917));
#12852=CARTESIAN_POINT('',(-0.29443373911956,0.00635,-0.0110228339402825));
#12853=CARTESIAN_POINT('',(-2.21844764780599E-12,0.00635,-8.62313692673311E-14));
#12854=CARTESIAN_POINT('',(-0.294347863164544,0.00635,-0.0131173568399597));
#12855=CARTESIAN_POINT('',(-0.263150336693321,0.00634999999999925,0.0781521101557128));
#12856=CARTESIAN_POINT('',(-0.290629486404992,0.00635,-0.0143048938771233));
#12857=CARTESIAN_POINT('',(-0.253057906583199,0.00635,-0.106383964671969));
#12858=CARTESIAN_POINT('',(-0.290456102146751,0.00635,-0.0174751561531422));
#12859=CARTESIAN_POINT('',(-0.294022793878019,0.00635,-0.0190611195936632));
#12860=CARTESIAN_POINT('',(-7.74774688849789E-12,0.00635,-5.32860214286224E-13));
#12861=CARTESIAN_POINT('',(-0.293879738492382,0.00635,-0.0211525153031265));
#12862=CARTESIAN_POINT('',(-0.265186859572388,0.00635,0.0709350515171026));
#12863=CARTESIAN_POINT('',(-0.290130311793091,0.00635,-0.0222380425332111));
#12864=CARTESIAN_POINT('',(-0.250057629297108,0.0063499999999997,-0.113256496740401));
#12865=CARTESIAN_POINT('',(-0.289870397150097,0.00635,-0.0254023859687616));
#12866=CARTESIAN_POINT('',(-0.293392414161578,0.00635,-0.0270854372761664));
#12867=CARTESIAN_POINT('',(1.7347234759768E-18,0.00635,-0.0182372));
#12868=CARTESIAN_POINT('',(0.,0.00635,8.76023533217079E-19));
#12869=CARTESIAN_POINT('',(-0.211912886764909,0.00635,0.0988166019602103));
#12870=CARTESIAN_POINT('',(-0.184288625416032,0.00635,0.0859351973423538));
#12871=CARTESIAN_POINT('',(-1.66146940643999E-17,0.00635,-6.93889390390723E-17));
#12872=CARTESIAN_POINT('',(-3.46944695195361E-18,0.00635,0.0182372));
#12873=CARTESIAN_POINT('',(-0.270173716340922,-0.00635,0.0756166741519015));
#12874=CARTESIAN_POINT('',(-0.249217869556465,-0.00635,0.149694756934332));
#12875=CARTESIAN_POINT('',(-0.248995124566476,-0.00635,0.149559302705257));
#12876=CARTESIAN_POINT('',(-0.248170285045794,-0.00635,0.150915693509975));
#12877=CARTESIAN_POINT('',(-0.247345445525113,-0.00635,0.152272084314692));
#12878=CARTESIAN_POINT('',(-0.247568190515102,-0.00635,0.152407538543767));
#12879=CARTESIAN_POINT('',(-0.253213763935325,-0.00635,0.142831566936714));
#12880=CARTESIAN_POINT('',(-0.252987402150589,-0.00635,0.142702247482839));
#12881=CARTESIAN_POINT('',(-0.252199919935537,-0.00635,0.144080662518659));
#12882=CARTESIAN_POINT('',(-0.251412437720485,-0.00635,0.14545907755448));
#12883=CARTESIAN_POINT('',(-0.251638799505221,-0.00635,0.145588397008356));
#12884=CARTESIAN_POINT('',(-0.257020700714053,-0.00635,0.135861790671067));
#12885=CARTESIAN_POINT('',(-0.256790891054218,-0.00635,0.135738702495413));
#12886=CARTESIAN_POINT('',(-0.256041353793536,-0.00635,0.13713811313738));
#12887=CARTESIAN_POINT('',(-0.255291816532854,-0.00635,0.138537523779346));
#12888=CARTESIAN_POINT('',(-0.255521626192689,-0.00635,0.138660611955001));
#12889=CARTESIAN_POINT('',(-0.260635839013754,-0.00635,0.128790629245641));
#12890=CARTESIAN_POINT('',(-0.2604027529714,-0.00635,0.128673864201218));
#12891=CARTESIAN_POINT('',(-0.259691719997882,-0.00635,0.130093226156665));
#12892=CARTESIAN_POINT('',(-0.258980687024364,-0.00635,0.131512588112111));
#12893=CARTESIAN_POINT('',(-0.259213773066718,-0.00635,0.131629353156535));
#12894=CARTESIAN_POINT('',(-0.264056481082748,-0.00635,0.121623359426091));
#12895=CARTESIAN_POINT('',(-0.263820292595415,-0.00635,0.12151300464735));
#12896=CARTESIAN_POINT('',(-0.263148294508513,-0.00635,0.122951258735194));
#12897=CARTESIAN_POINT('',(-0.26247629642161,-0.00635,0.124389512823038));
#12898=CARTESIAN_POINT('',(-0.262712484908943,-0.00635,0.124499867601778));
#12899=CARTESIAN_POINT('',(-0.26728007430973,-0.00635,0.114365329697758));
#12900=CARTESIAN_POINT('',(-0.267040959630119,-0.00635,0.114261467535572));
#12901=CARTESIAN_POINT('',(-0.266408497899988,-0.00635,0.115717540476712));
#12902=CARTESIAN_POINT('',(-0.265776036169857,-0.00635,0.117173613417852));
#12903=CARTESIAN_POINT('',(-0.266015150849468,-0.00635,0.117277475580038));
#12904=CARTESIAN_POINT('',(-0.270304213128627,-0.00635,0.107021956274429));
#12905=CARTESIAN_POINT('',(-0.270062350693072,-0.00635,0.106924664234636));
#12906=CARTESIAN_POINT('',(-0.269469897286358,-0.00635,0.108397469452876));
#12907=CARTESIAN_POINT('',(-0.268877443879644,-0.00635,0.109870274671115));
#12908=CARTESIAN_POINT('',(-0.269119306315198,-0.00635,0.109967566710908));
#12909=CARTESIAN_POINT('',(-0.273126640813717,-0.00635,0.0995987190565546));
#12910=CARTESIAN_POINT('',(-0.272882211109033,-0.00635,0.0995080697421202));
#12911=CARTESIAN_POINT('',(-0.272330208136671,-0.00635,0.10099650817501));
#12912=CARTESIAN_POINT('',(-0.271778205164309,-0.00635,0.1024849466079));
#12913=CARTESIAN_POINT('',(-0.272022634868993,-0.00635,0.102575595922334));
#12914=CARTESIAN_POINT('',(-0.27574525116369,-0.00635,0.0921011575419405));
#12915=CARTESIAN_POINT('',(-0.275498436592482,-0.00635,0.0920172185987804));
#12916=CARTESIAN_POINT('',(-0.274987295979777,-0.00635,0.0935201795177812));
#12917=CARTESIAN_POINT('',(-0.274476155367072,-0.00635,0.095023140436782));
#12918=CARTESIAN_POINT('',(-0.27472296993828,-0.00635,0.095107079379942));
#12919=CARTESIAN_POINT('',(-0.278158090073366,-0.00635,0.0845348666919692));
#12920=CARTESIAN_POINT('',(-0.277909074817916,-0.00635,0.0844577007584685));
#12921=CARTESIAN_POINT('',(-0.277439177997149,-0.00635,0.0859740625978172));
#12922=CARTESIAN_POINT('',(-0.276969281176383,-0.00635,0.0874904244371659));
#12923=CARTESIAN_POINT('',(-0.277218296431831,-0.00635,0.0875675903706666));
#12924=CARTESIAN_POINT('',(-0.280363356991927,-0.00635,0.0769054927564286));
#12925=CARTESIAN_POINT('',(-0.280112326876753,-0.00635,0.0768351574166988));
#12926=CARTESIAN_POINT('',(-0.27968402450254,-0.00635,0.0783637886103634));
#12927=CARTESIAN_POINT('',(-0.279255722128328,-0.00635,0.079892419804028));
#12928=CARTESIAN_POINT('',(-0.279506752243504,-0.00635,0.0799627551437578));
#12929=CARTESIAN_POINT('',(-0.282359406266553,-0.00635,0.0692187290600691));
#12930=CARTESIAN_POINT('',(-0.282106548619733,-0.00635,0.0691552768009766));
#12931=CARTESIAN_POINT('',(-0.28172016030736,-0.00635,0.0706950366270732));
#12932=CARTESIAN_POINT('',(-0.281333771994985,-0.00635,0.0722347964531698));
#12933=CARTESIAN_POINT('',(-0.281586629641806,-0.00635,0.0722982487122623));
#12934=CARTESIAN_POINT('',(-0.284144748370472,-0.00635,0.0614803117540315));
#12935=CARTESIAN_POINT('',(-0.283890251883858,-0.00635,0.06142378992603));
#12936=CARTESIAN_POINT('',(-0.283546065970762,-0.00635,0.062973529358072));
#12937=CARTESIAN_POINT('',(-0.283201880057665,-0.00635,0.0645232687901141));
#12938=CARTESIAN_POINT('',(-0.283456376544279,-0.00635,0.0645797906181156));
#12939=CARTESIAN_POINT('',(-0.285718051014497,-0.00635,0.0536960155353159));
#12940=CARTESIAN_POINT('',(-0.285462105602906,-0.00635,0.0536464663171116));
#12941=CARTESIAN_POINT('',(-0.285160378933513,-0.00635,0.0552050288814566));
#12942=CARTESIAN_POINT('',(-0.284858652264121,-0.00635,0.0567635914458015));
#12943=CARTESIAN_POINT('',(-0.285114597675713,-0.00635,0.0568131406640058));
#12944=CARTESIAN_POINT('',(-0.287078140141235,-0.00635,0.0458716493374865));
#12945=CARTESIAN_POINT('',(-0.286820936800724,-0.00635,0.045829109704563));
#12946=CARTESIAN_POINT('',(-0.286561894534783,-0.00635,0.0473953323434164));
#12947=CARTESIAN_POINT('',(-0.286302852268844,-0.00635,0.0489615549822697));
#12948=CARTESIAN_POINT('',(-0.286560055609355,-0.00635,0.0490040946151933));
#12949=CARTESIAN_POINT('',(-0.288224000801207,-0.00635,0.0380130519958272));
#12950=CARTESIAN_POINT('',(-0.287965731466548,-0.00635,0.0379775536928528));
#12951=CARTESIAN_POINT('',(-0.287749566911108,-0.00635,0.0395502676321854));
#12952=CARTESIAN_POINT('',(-0.287533402355667,-0.00635,0.0411229815715181));
#12953=CARTESIAN_POINT('',(-0.287791671690327,-0.00635,0.0411584798744926));
#12954=CARTESIAN_POINT('',(-0.289154777910247,-0.00635,0.0301260878901847));
#12955=CARTESIAN_POINT('',(-0.288895635311696,-0.00635,0.0300976574073234));
#12956=CARTESIAN_POINT('',(-0.288722509776848,-0.00635,0.0316756890290545));
#12957=CARTESIAN_POINT('',(-0.288549384241999,-0.00635,0.0332537206507857));
#12958=CARTESIAN_POINT('',(-0.28880852684055,-0.00635,0.033282151133647));
#12959=CARTESIAN_POINT('',(-0.289869776887596,-0.00635,0.0222166425687479));
#12960=CARTESIAN_POINT('',(-0.289609954407071,-0.00635,0.0221953011218915));
#12961=CARTESIAN_POINT('',(-0.289479997085576,-0.00635,0.0237774728396864));
#12962=CARTESIAN_POINT('',(-0.289350039764082,-0.00635,0.0253596445574812));
#12963=CARTESIAN_POINT('',(-0.289609862244605,-0.00635,0.0253809860043376));
#12964=CARTESIAN_POINT('',(-0.290368464174218,-0.00635,0.0142906183560315));
#12965=CARTESIAN_POINT('',(-0.290108155700993,-0.00635,0.0142763818709674));
#12966=CARTESIAN_POINT('',(-0.290021463571876,-0.00635,0.0158615130089963));
#12967=CARTESIAN_POINT('',(-0.289934771442758,-0.00635,0.0174466441470253));
#12968=CARTESIAN_POINT('',(-0.290195079915983,-0.00635,0.0174608806320895));
#12969=CARTESIAN_POINT('',(-0.290650467630973,-0.00635,0.00635392994833995));
#12970=CARTESIAN_POINT('',(-0.290389867416986,-0.00635,0.00634680904886688));
#12971=CARTESIAN_POINT('',(-0.290346505173161,-0.00635,0.00793371672287017));
#12972=CARTESIAN_POINT('',(-0.290303142929337,-0.00635,0.00952062439687345));
#12973=CARTESIAN_POINT('',(-0.290563743143324,-0.00635,0.00952774529634652));
#12974=CARTESIAN_POINT('',(-0.290715576816313,-0.00635,-0.00158749999999997));
#12975=CARTESIAN_POINT('',(-0.29045487933121,-0.00635,-0.00158749999999997));
#12976=CARTESIAN_POINT('',(-0.29045487933121,-0.00635,2.94902990916057E-17));
#12977=CARTESIAN_POINT('',(-0.29045487933121,-0.00635,0.00158750000000003));
#12978=CARTESIAN_POINT('',(-0.290715576816313,-0.00635,0.00158750000000003));
#12979=CARTESIAN_POINT('',(-0.290563743143325,-0.00635,-0.00952774529634652));
#12980=CARTESIAN_POINT('',(-0.290303142929337,-0.00635,-0.00952062439687346));
#12981=CARTESIAN_POINT('',(-0.290346505173161,-0.00635,-0.00793371672287017));
#12982=CARTESIAN_POINT('',(-0.290389867416986,-0.00635,-0.00634680904886689));
#12983=CARTESIAN_POINT('',(-0.290650467630973,-0.00635,-0.00635392994833995));
#12984=CARTESIAN_POINT('',(-0.290195079915983,-0.00635,-0.0174608806320895));
#12985=CARTESIAN_POINT('',(-0.289934771442758,-0.00635,-0.0174466441470253));
#12986=CARTESIAN_POINT('',(-0.290021463571876,-0.00635,-0.0158615130089964));
#12987=CARTESIAN_POINT('',(-0.290108155700993,-0.00635,-0.0142763818709674));
#12988=CARTESIAN_POINT('',(-0.290368464174218,-0.00635,-0.0142906183560315));
#12989=CARTESIAN_POINT('',(-0.289609862244605,-0.00635,-0.0253809860043376));
#12990=CARTESIAN_POINT('',(-0.289350039764082,-0.00635,-0.0253596445574811));
#12991=CARTESIAN_POINT('',(-0.289479997085576,-0.00635,-0.0237774728396863));
#12992=CARTESIAN_POINT('',(-0.289609954407071,-0.00635,-0.0221953011218914));
#12993=CARTESIAN_POINT('',(-0.289869776887595,-0.00635,-0.0222166425687479));
#12994=CARTESIAN_POINT('',(-0.230614550039882,-0.0127,-0.0155765500000022));
#12995=CARTESIAN_POINT('',(-0.230615407493829,-0.0127,0.0155638499881949));
#12996=CARTESIAN_POINT('',(-0.270173716340922,-0.01905,0.0756166741519015));
#12997=CARTESIAN_POINT('',(-0.270121661042798,-0.0127,0.0704226349976462));
#12998=CARTESIAN_POINT('',(-0.267432996759162,0.0127,0.0800290667754289));
#12999=CARTESIAN_POINT('',(-0.211912886764909,-0.01905,0.0988166019602104));
#13000=CARTESIAN_POINT('',(-0.227532813576922,-0.0127,0.118846027473375));
#13001=CARTESIAN_POINT('',(-0.234466959568095,0.0127,0.0871344018254494));
#13002=CARTESIAN_POINT('',(-0.257449773545263,-0.01905,0.0644630256102695));
#13003=CARTESIAN_POINT('',(-0.270650548005637,-0.01905,0.0532987661657717));
#13004=CARTESIAN_POINT('',(-0.235235954283003,-0.01905,0.0832498659007003));
#13005=CARTESIAN_POINT('',(2.77555756156289E-17,-0.01905,-1.56125112837912E-16));
#13006=CARTESIAN_POINT('',(-0.273170780636914,0.0127,0.0680148958571057));
#13007=CARTESIAN_POINT('',(-0.275811534188051,-0.0127,0.0563586644719977));
#13008=CARTESIAN_POINT('',(-0.239023055354569,-0.01905,0.141635008933869));
#13009=CARTESIAN_POINT('',(-0.234706282823954,-0.01905,0.138838765627052));
#13010=CARTESIAN_POINT('',(-0.239321995495728,-0.01905,0.141828651142933));
#13011=CARTESIAN_POINT('',(-0.22927398516105,-0.01905,0.128380882451291));
#13012=CARTESIAN_POINT('',(-0.23355746395778,-0.01905,0.137521283860422));
#13013=CARTESIAN_POINT('',(-0.226610341245062,-0.01905,0.122697003585892));
#13014=CARTESIAN_POINT('',(2.77555756156289E-17,-0.01905,-1.56125112837912E-16));
#13015=CARTESIAN_POINT('',(-0.243797796830982,0.0127,0.140751325793375));
#13016=CARTESIAN_POINT('',(-0.268789261862943,-0.0127,0.083669792394913));
#13017=CARTESIAN_POINT('',(-0.265757740291094,-0.01905,0.0827261282812525));
#13018=CARTESIAN_POINT('',(-0.270089842400914,-0.01905,0.0672477944388093));
#13019=CARTESIAN_POINT('',(-0.23643242714114,-0.01905,0.13617398593705));
#13020=CARTESIAN_POINT('',(-0.229485304428423,-0.01905,0.12134970566252));
#13021=CARTESIAN_POINT('',(-0.237286218668493,-0.01905,0.0856741268086042));
#13022=CARTESIAN_POINT('',(-0.241048139812915,-0.01905,0.139163871452931));
#13023=CARTESIAN_POINT('',(-0.272700812391128,-0.01905,0.0557230270736755));
#13024=CARTESIAN_POINT('',(-0.243869047121337,-0.01905,-0.0175693451941244));
#13025=CARTESIAN_POINT('',(-0.243888198365684,-0.01905,-0.0133368770901427));
#13026=CARTESIAN_POINT('',(-0.244010499713756,-0.01905,0.0136919960942489));
#13027=CARTESIAN_POINT('',(-0.250492246471713,-0.01905,-0.0175538984893884));
#13028=CARTESIAN_POINT('',(-0.25867264909536,-0.01905,-0.0197397363645527));
#13029=CARTESIAN_POINT('',(-0.246243547716752,-0.01905,-0.0164186283705423));
#13030=CARTESIAN_POINT('',(-0.265075364889162,-0.01905,-0.0198550974260728));
#13031=CARTESIAN_POINT('',(-0.268271702277517,-0.01905,-0.0198595303507656));
#13032=CARTESIAN_POINT('',(-0.259487863913885,-0.01905,-0.0198473482531806));
#13033=CARTESIAN_POINT('',(-0.275504633201284,-0.01905,-0.0122060503914311));
#13034=CARTESIAN_POINT('',(-0.270835081850356,-0.01905,-0.0185639656533278));
#13035=CARTESIAN_POINT('',(-0.280878450866736,-0.01905,-0.00488922811405424));
#13036=CARTESIAN_POINT('',(9.15933995315754E-16,-0.01905,-2.7451999007333E-16));
#13037=CARTESIAN_POINT('',(-0.279912490557264,0.0127,0.0299549508806725));
#13038=CARTESIAN_POINT('',(-0.281494288985893,-0.0127,-0.00304412886716133));
#13039=CARTESIAN_POINT('',(-0.262890973954961,-0.01905,0.0257504428421423));
#13040=CARTESIAN_POINT('',(-0.245678944419205,-0.01905,0.0164724490209153));
#13041=CARTESIAN_POINT('',(-0.275248993608077,-0.01905,0.0324119251354434));
#13042=CARTESIAN_POINT('',(-0.268276105605656,-0.01905,-0.0166845334041999));
#13043=CARTESIAN_POINT('',(-0.259492267242024,-0.01905,-0.0166723513066149));
#13044=CARTESIAN_POINT('',(-0.247185467211487,-0.01905,0.0136776298717872));
#13045=CARTESIAN_POINT('',(-0.247063165863416,-0.01905,-0.0133512433126044));
#13046=CARTESIAN_POINT('',(-0.278319474622036,-0.01905,-0.00300979586492631));
#13047=CARTESIAN_POINT('',(-0.27675551640036,-0.01905,0.0296171059863152));
#13048=CARTESIAN_POINT('',(-0.158379532973802,-0.01905,0.00992962226123062));
#13049=CARTESIAN_POINT('',(-0.172476010059605,-0.01905,0.0350435380466961));
#13050=CARTESIAN_POINT('',(-0.148069669140822,-0.01905,-0.00843816214937402));
#13051=CARTESIAN_POINT('',(-0.149902175659327,-0.01905,0.0486940480760138));
#13052=CARTESIAN_POINT('',(-0.17097601367721,-0.01905,0.0395081104831177));
#13053=CARTESIAN_POINT('',(-0.137205632789712,-0.01905,0.0542283817055525));
#13054=CARTESIAN_POINT('',(1.94289029309402E-16,-0.01905,-7.97972798949331E-17));
#13055=CARTESIAN_POINT('',(-0.132966575463392,-0.0127,0.0501965106908657));
#13056=CARTESIAN_POINT('',(-0.142126,-0.01905,-8.32667268468867E-17));
#13057=CARTESIAN_POINT('',(-0.142126,-0.01905,-0.011427590791088));
#13058=CARTESIAN_POINT('',(-0.142126,-0.01905,-0.00688410417469684));
#13059=CARTESIAN_POINT('',(-0.145301,-0.01905,-0.00688410417469684));
#13060=CARTESIAN_POINT('',(-0.135936960031284,-0.01905,0.0513178672438081));
#13061=CARTESIAN_POINT('',(-0.169707340918783,-0.01905,0.0365975960213733));
#13062=CARTESIAN_POINT('',(-4.71844785465692E-16,-0.01905,1.04083408558608E-17));
#13063=CARTESIAN_POINT('',(-0.183998685297058,-0.0127,0.0285142391438821));
#13064=CARTESIAN_POINT('',(-0.186195,-0.01905,6.93889390390723E-18));
#13065=CARTESIAN_POINT('',(-0.186195,-0.01905,-0.0114581499177618));
#13066=CARTESIAN_POINT('',(-0.186195,-0.01905,-0.0165751003933966));
#13067=CARTESIAN_POINT('',(-0.190900179204847,-0.01905,-0.0197522256161663));
#13068=CARTESIAN_POINT('',(-0.197489898984985,-0.01905,-0.0197613647426046));
#13069=CARTESIAN_POINT('',(-0.189365596671861,-0.01905,-0.0197500973399623));
#13070=CARTESIAN_POINT('',(-0.213439527205631,-0.01905,-0.0133220149086809));
#13071=CARTESIAN_POINT('',(-0.198725629275215,-0.01905,-0.0195128774769436));
#13072=CARTESIAN_POINT('',(-0.225470537974416,-0.01905,-0.00825997529286472));
#13073=CARTESIAN_POINT('',(-0.227450198892258,-0.01905,0.00261275370227514));
#13074=CARTESIAN_POINT('',(-0.227414178510057,-0.01905,-0.00534783183442173));
#13075=CARTESIAN_POINT('',(-0.227483839537703,-0.01905,0.0100474120596184));
#13076=CARTESIAN_POINT('',(-0.230615407493829,-0.01905,0.0155638499881949));
#13077=CARTESIAN_POINT('',(-0.226701336172695,-0.0127,0.0121490588989673));
#13078=CARTESIAN_POINT('',(-0.225567060687245,0.0127,0.0143411697313643));
#13079=CARTESIAN_POINT('',(-0.203417210897302,-0.01905,0.0253672210613752));
#13080=CARTESIAN_POINT('',(-0.22374994688908,-0.01905,0.0165043246229189));
#13081=CARTESIAN_POINT('',(-0.188404906463434,-0.01905,0.0319109788494936));
#13082=CARTESIAN_POINT('',(-0.224308872039971,-0.01905,0.0100617782820801));
#13083=CARTESIAN_POINT('',(-0.222481274130652,-0.01905,0.0135938101611744));
#13084=CARTESIAN_POINT('',(-0.224239211012325,-0.01905,-0.00533346561196008));
#13085=CARTESIAN_POINT('',(-0.197494302313125,-0.01905,-0.016586367796039));
#13086=CARTESIAN_POINT('',(-0.18937,-0.01905,-0.0165751003933966));
#13087=CARTESIAN_POINT('',(-0.187136233705007,-0.01905,0.0290004643877492));
#13088=CARTESIAN_POINT('',(-0.163321757831218,-0.01905,-0.0197139777561185));
#13089=CARTESIAN_POINT('',(-0.176665596671861,-0.01905,-0.0197324840104673));
#13090=CARTESIAN_POINT('',(-0.154448064771094,-0.01905,-0.019701671041181));
#13091=CARTESIAN_POINT('',(-0.179845,-0.01905,-0.0114581499177618));
#13092=CARTESIAN_POINT('',(-0.179845,-0.01905,4.34453313947591E-17));
#13093=CARTESIAN_POINT('',(-0.179845,-0.01905,-0.0165574870639015));
#13094=CARTESIAN_POINT('',(-4.71844785465692E-16,-0.01905,1.04083408558608E-17));
#13095=CARTESIAN_POINT('',(-0.178587584908761,0.0127,0.0212296618309402));
#13096=CARTESIAN_POINT('',(-0.163916871255447,-0.01905,0.00682150631187627));
#13097=CARTESIAN_POINT('',(-0.172666114288413,-0.01905,0.0224089294232701));
#13098=CARTESIAN_POINT('',(-0.151683798958411,-0.01905,-0.0149726161199382));
#13099=CARTESIAN_POINT('',(-0.154452468099234,-0.01905,-0.0165266740946153));
#13100=CARTESIAN_POINT('',(-0.17667,-0.01905,-0.0165574870639015));
#13101=CARTESIAN_POINT('',(-0.175434783429235,-0.01905,0.020854871448593));
#13102=CARTESIAN_POINT('',(-0.053975,-0.01905,-0.011366463523044));
#13103=CARTESIAN_POINT('',(-0.053975,-0.01905,6.93889390390723E-18));
#13104=CARTESIAN_POINT('',(-0.053975,-0.01905,-0.0120494710452326));
#13105=CARTESIAN_POINT('',(-0.0721212057513588,-0.01905,0.0009309156462188));
#13106=CARTESIAN_POINT('',(-0.0595874016649837,-0.01905,-0.0140840958567236));
#13107=CARTESIAN_POINT('',(-0.0849515434347247,-0.01905,0.0163011629051329));
#13108=CARTESIAN_POINT('',(-0.0662335053398384,-0.01905,0.0296605414794553));
#13109=CARTESIAN_POINT('',(-0.0838865113557588,-0.01905,0.0211988676525275));
#13110=CARTESIAN_POINT('',(-0.0478184911984649,-0.01905,0.0384874711843473));
#13111=CARTESIAN_POINT('',(-0.0442193984118075,-0.01905,0.0328869245357654));
#13112=CARTESIAN_POINT('',(-0.0489179628053032,-0.01905,0.0228108206774543));
#13113=CARTESIAN_POINT('',(-0.0435685943886058,-0.01905,0.034282578267417));
#13114=CARTESIAN_POINT('',(-1.52655665885959E-16,-0.01905,4.62158841104353E-17));
#13115=CARTESIAN_POINT('',(-0.05715,-0.01905,-0.0120494710452326));
#13116=CARTESIAN_POINT('',(-0.0464461216124472,-0.01905,0.0356243912484437));
#13117=CARTESIAN_POINT('',(-0.0825141417697411,-0.01905,0.018335787716624));
#13118=CARTESIAN_POINT('',(3.46944695195362E-16,-0.01905,5.20417042793042E-17));
#13119=CARTESIAN_POINT('',(-0.166868509296461,0.0127,0.0670755143862254));
#13120=CARTESIAN_POINT('',(-0.17229580189351,-0.0127,0.0515594867592023));
#13121=CARTESIAN_POINT('',(-0.184288625416032,-0.01905,0.0859351973423538));
#13122=CARTESIAN_POINT('',(-0.166185489441336,-0.0127,0.068118450504571));
#13123=CARTESIAN_POINT('',(-0.15894928398832,0.0127,0.0841808381973021));
#13124=CARTESIAN_POINT('',(-0.155938691683945,-0.01905,0.091137920230636));
#13125=CARTESIAN_POINT('',(-0.158659393533697,-0.01905,0.0853033562851973));
#13126=CARTESIAN_POINT('',(-0.15541487254205,-0.01905,0.0922612540055227));
#13127=CARTESIAN_POINT('',(-0.137134925394912,-0.01905,0.0869597645822082));
#13128=CARTESIAN_POINT('',(-0.151148822370148,-0.01905,0.093774721925337));
#13129=CARTESIAN_POINT('',(-0.122934901232434,-0.01905,0.0800542935979635));
#13130=CARTESIAN_POINT('',(-0.122671588934867,-0.01905,0.073228694786406));
#13131=CARTESIAN_POINT('',(-0.125522187550658,-0.01905,0.0671155663272472));
#13132=CARTESIAN_POINT('',(-0.121445896956654,-0.01905,0.0758571997160958));
#13133=CARTESIAN_POINT('',(-0.152439521176183,-0.01905,0.0545150769995027));
#13134=CARTESIAN_POINT('',(-0.167985403365603,-0.01905,0.0477387364251207));
#13135=CARTESIAN_POINT('',(-0.127131042016072,-0.01905,0.0655468648465295));
#13136=CARTESIAN_POINT('',(-0.124323424180496,-0.01905,0.0771990126971226));
#13137=CARTESIAN_POINT('',(-0.163922597444498,-0.01905,0.0658913571498481));
#13138=CARTESIAN_POINT('',(-0.152537345318209,-0.01905,0.090919441024496));
#13139=CARTESIAN_POINT('',(-0.155781866309856,-0.01905,0.0839615433041706));
#13140=CARTESIAN_POINT('',(-0.128399714774499,-0.01905,0.0684573793082739));
#13141=CARTESIAN_POINT('',(-0.169254076124032,-0.01905,0.0506492508868652));
#13142=CARTESIAN_POINT('',(-0.031725983428734,-0.01905,0.0356994017899548));
#13143=CARTESIAN_POINT('',(-0.0322274460805479,-0.01905,0.0359432630504823));
#13144=CARTESIAN_POINT('',(-0.0269482242538484,-0.01905,0.0333759777609265));
#13145=CARTESIAN_POINT('',(-0.0208756203723662,-0.01905,0.0251651254311632));
#13146=CARTESIAN_POINT('',(-0.0257078045714907,-0.01905,0.0323009456196598));
#13147=CARTESIAN_POINT('',(-0.0182505620963816,-0.01905,0.0212886291988498));
#13148=CARTESIAN_POINT('',(2.60208521396521E-18,-0.01905,4.33680868994202E-18));
#13149=CARTESIAN_POINT('',(-0.0185595597571562,-0.0127,0.0173407826126894));
#13150=CARTESIAN_POINT('',(-0.024243025428151,0.0127,-0.00757863563512758));
#13151=CARTESIAN_POINT('',(-0.0307173563549373,-0.01905,-0.0142039234937919));
#13152=CARTESIAN_POINT('',(-0.0391523177836612,-0.01905,-0.0191130710453091));
#13153=CARTESIAN_POINT('',(-0.0256763437641758,-0.01905,-0.0112700541659687));
#13154=CARTESIAN_POINT('',(-0.0449203880730068,-0.01905,-0.0195497696979914));
#13155=CARTESIAN_POINT('',(-0.044445596671861,-0.01905,-0.0195491112210315));
#13156=CARTESIAN_POINT('',(-0.0407449742980161,-0.01905,-0.0195439789154246));
#13157=CARTESIAN_POINT('',(-0.047625,-0.01905,-0.011366463523044));
#13158=CARTESIAN_POINT('',(-0.047625,-0.01905,1.26649574436259E-17));
#13159=CARTESIAN_POINT('',(-0.047625,-0.01905,-0.0163741142744659));
#13160=CARTESIAN_POINT('',(-1.52655665885959E-16,-0.01905,4.62158841104353E-17));
#13161=CARTESIAN_POINT('',(-0.0431629083576204,-0.01905,0.0201271947154008));
#13162=CARTESIAN_POINT('',(-0.0384643439641249,-0.01905,0.0302032985737119));
#13163=CARTESIAN_POINT('',(-0.0364934962524505,-0.01905,0.034429795130668));
#13164=CARTESIAN_POINT('',(-0.0283367472019097,-0.01905,0.0305206968600856));
#13165=CARTESIAN_POINT('',(-0.0407493776261552,-0.01905,-0.016368981968859));
#13166=CARTESIAN_POINT('',(-0.0272734036066698,-0.01905,-0.00852596508951852));
#13167=CARTESIAN_POINT('',(-0.0208795047268007,-0.01905,0.0195083804392755));
#13168=CARTESIAN_POINT('',(-0.04445,-0.01905,-0.0163741142744659));
#13169=CARTESIAN_POINT('',(-0.0336159690286092,-0.01905,0.0330879821496413));
#13170=CARTESIAN_POINT('',(-0.0756873977947511,-0.01905,-0.0195924397357713));
#13171=CARTESIAN_POINT('',(-0.088514596671861,-0.01905,-0.0196102294743793));
#13172=CARTESIAN_POINT('',(-0.0700491843423673,-0.01905,-0.0195846202309445));
#13173=CARTESIAN_POINT('',(-0.091694,-0.01905,-0.0113970226497178));
#13174=CARTESIAN_POINT('',(-0.091694,-0.01905,2.96612673233821E-18));
#13175=CARTESIAN_POINT('',(-0.091694,-0.01905,-0.0164352325278136));
#13176=CARTESIAN_POINT('',(3.19189119579733E-16,-0.01905,-1.38777878078145E-17));
#13177=CARTESIAN_POINT('',(-0.0915164525603819,0.0127,0.00570338029271849));
#13178=CARTESIAN_POINT('',(-0.0769960090813261,-0.01905,-0.00313833397676326));
#13179=CARTESIAN_POINT('',(-0.0676161860055227,-0.01905,-0.0143749984728879));
#13180=CARTESIAN_POINT('',(-0.0859101986599279,-0.01905,0.00754051963701013));
#13181=CARTESIAN_POINT('',(-0.0700535876705064,-0.01905,-0.0164096232843789));
#13182=CARTESIAN_POINT('',(-0.088519,-0.01905,-0.0164352325278136));
#13183=CARTESIAN_POINT('',(-0.0883476003249116,-0.01905,0.0055058948255191));
#13184=CARTESIAN_POINT('',(-0.060824218958642,-0.01905,0.0498498721585513));
#13185=CARTESIAN_POINT('',(-0.0718640073549873,-0.01905,0.0552185206601931));
#13186=CARTESIAN_POINT('',(-0.0558077629593298,-0.01905,0.0474103698766801));
#13187=CARTESIAN_POINT('',(-0.0689782445118739,-0.01905,0.0353867013512624));
#13188=CARTESIAN_POINT('',(-0.0809623969010059,-0.01905,0.0296422979041906));
#13189=CARTESIAN_POINT('',(-0.0558239163213733,-0.01905,0.0416920090399356));
#13190=CARTESIAN_POINT('',(7.63278329429795E-17,-0.01905,-6.24500451351651E-17));
#13191=CARTESIAN_POINT('',(-0.0831029862245386,-0.01905,0.0387515588920517));
#13192=CARTESIAN_POINT('',(-0.0852879503638897,-0.0127,0.0336712809190071));
#13193=CARTESIAN_POINT('',(-0.0782526635348036,-0.01905,0.0491531094668929));
#13194=CARTESIAN_POINT('',(-0.07613005752689,-0.01905,0.0537050527403789));
#13195=CARTESIAN_POINT('',(-0.0571962859073911,-0.01905,0.0445550889758391));
#13196=CARTESIAN_POINT('',(-0.0732525303030486,-0.01905,0.0523632397593522));
#13197=CARTESIAN_POINT('',(-0.0823347664870237,-0.01905,0.0325053778400941));
#13198=CARTESIAN_POINT('',(-0.211912886764909,-0.01905,0.0988166019602103));
#13199=CARTESIAN_POINT('',(-0.227177130641908,-0.0127,0.0785148074862355));
#13200=CARTESIAN_POINT('',(-0.224100289354548,0.0127,0.0765314674953238));
#13201=CARTESIAN_POINT('',(-0.229230049984526,-0.01905,0.049393722083252));
#13202=CARTESIAN_POINT('',(-0.236221528225695,-0.01905,0.0247421949444617));
#13203=CARTESIAN_POINT('',(-0.222569185977185,-0.01905,0.072879523537642));
#13204=CARTESIAN_POINT('',(-0.235760124194324,-0.01905,0.0147326928929192));
#13205=CARTESIAN_POINT('',(-0.23829940894553,-0.0127,0.0225874403715012));
#13206=CARTESIAN_POINT('',(-0.23962600568469,0.0127,0.0220265248969102));
#13207=CARTESIAN_POINT('',(-0.259877928370396,-0.01905,0.0313400811403984));
#13208=CARTESIAN_POINT('',(-0.242619405973268,-0.01905,0.0220370257493172));
#13209=CARTESIAN_POINT('',(-0.272207782031306,-0.01905,0.0379863808022081));
#13210=CARTESIAN_POINT('',(-0.253349244774283,-0.01905,0.0596145037944617));
#13211=CARTESIAN_POINT('',(-0.272751523624513,-0.01905,0.04320546085924));
#13212=CARTESIAN_POINT('',(-0.231135425512023,-0.01905,0.0784013440848926));
#13213=CARTESIAN_POINT('',(-0.239276056926763,-0.01905,0.0256084970940328));
#13214=CARTESIAN_POINT('',(-0.225623714678253,-0.01905,0.073745825687213));
#13215=CARTESIAN_POINT('',(-0.229085161126533,-0.01905,0.0759770831769887));
#13216=CARTESIAN_POINT('',(-0.241112883180985,-0.01905,0.0248318448984452));
#13217=CARTESIAN_POINT('',(-0.270701259239023,-0.01905,0.0407811999513362));
#13218=CARTESIAN_POINT('',(-0.22312099258239,-0.01905,0.0476611177841099));
#13219=CARTESIAN_POINT('',(-0.229041398095473,-0.01905,0.0267861279544888));
#13220=CARTESIAN_POINT('',(-0.216460128575049,-0.01905,0.0711469192384999));
#13221=CARTESIAN_POINT('',(-0.211912886764909,-0.01905,0.0988166019602104));
#13222=CARTESIAN_POINT('',(-0.213239742861861,-0.0127,0.0734512820746268));
#13223=CARTESIAN_POINT('',(-0.208715809572274,0.0127,0.0736186120121147));
#13224=CARTESIAN_POINT('',(-0.184288625416032,-0.01905,0.0859351973423541));
#13225=CARTESIAN_POINT('',(-0.205646447200176,-0.0127,0.0721873448323529));
#13226=CARTESIAN_POINT('',(-0.196338908042547,0.0127,0.0635756202304961));
#13227=CARTESIAN_POINT('',(-0.188745580657496,-0.01905,0.0510556871777361));
#13228=CARTESIAN_POINT('',(-0.184887380386575,-0.01905,0.044182018239207));
#13229=CARTESIAN_POINT('',(-0.195076524230039,-0.01905,0.0623347310661911));
#13230=CARTESIAN_POINT('',(-0.205954556414157,-0.01905,0.0311882499848641));
#13231=CARTESIAN_POINT('',(-0.224718196635978,-0.01905,0.0230093113431733));
#13232=CARTESIAN_POINT('',(-0.18638737676897,-0.01905,0.0397174458027855));
#13233=CARTESIAN_POINT('',(-0.225986869394406,-0.01905,0.0259198258049177));
#13234=CARTESIAN_POINT('',(-0.208316174923195,-0.01905,0.0704688632686027));
#13235=CARTESIAN_POINT('',(-0.213405599873981,-0.01905,0.0702806170889288));
#13236=CARTESIAN_POINT('',(-0.197845193370862,-0.01905,0.0607806730915139));
#13237=CARTESIAN_POINT('',(-0.187656049527398,-0.01905,0.0426279602645299));
#13238=CARTESIAN_POINT('',(-0.297429666158362,0.00635,-0.0291113474874526));
#13239=CARTESIAN_POINT('',(-0.301466918155146,0.00635,-0.0311372576987387));
#13240=CARTESIAN_POINT('',(-0.300793056957695,0.00635,-0.0324801343226914));
#13241=CARTESIAN_POINT('',(-0.301528384708775,0.00635,-0.0337903631725802));
#13242=CARTESIAN_POINT('',(-0.295914012396603,0.00635,-0.0339204356933373));
#13243=CARTESIAN_POINT('',(-0.290299640084432,0.00635,-0.0340505082140944));
#13244=CARTESIAN_POINT('',(-0.28732871313151,0.00635,-0.0317985291070472));
#13245=CARTESIAN_POINT('',(-0.215957546949539,0.03175,-0.02954655));
#13246=CARTESIAN_POINT('',(-0.106546971294067,0.009525,-0.0097006377317992));
#13247=CARTESIAN_POINT('',(-0.106546971294067,0.0127,-0.0097006377317992));
#13248=CARTESIAN_POINT('',(-0.106546971294067,0.009525,-0.0130960383203727));
#13249=CARTESIAN_POINT('',(-0.106546971294067,0.0127,-0.0130960383203727));
#13250=CARTESIAN_POINT('',(-0.108259306935718,0.009525,-0.0147937386146594));
#13251=CARTESIAN_POINT('',(-0.108259306935718,0.0127,-0.0147937386146594));
#13252=CARTESIAN_POINT('',(-0.111683978219021,0.009525,-0.0147937386146594));
#13253=CARTESIAN_POINT('',(-0.111683978219021,0.0127,-0.0147937386146594));
#13254=CARTESIAN_POINT('',(-0.106546971294067,0.009525,-0.0097006377317992));
#13255=CARTESIAN_POINT('',(-0.106546971294067,0.009525,-0.0097006377317992));
#13256=CARTESIAN_POINT('',(-0.106546971294067,0.009525,-0.0097006377317992));
#13257=CARTESIAN_POINT('',(-0.106546971294067,0.009525,-0.0147937386146594));
#13258=CARTESIAN_POINT('',(-0.111683978219021,0.009525,-0.0147937386146594));
#13259=CARTESIAN_POINT('',(-0.107973917662109,0.009525,-0.0058651313403349));
#13260=CARTESIAN_POINT('',(-0.107973917662109,0.0127,-0.0058651313403349));
#13261=CARTESIAN_POINT('',(-0.107022620083414,0.009525,-0.00670770919575061));
#13262=CARTESIAN_POINT('',(-0.107022620083414,0.0127,-0.00670770919575061));
#13263=CARTESIAN_POINT('',(-0.106546971294067,0.009525,-0.00798621132623871));
#13264=CARTESIAN_POINT('',(-0.106546971294067,0.0127,-0.00798621132623871));
#13265=CARTESIAN_POINT('',(-0.106546971294067,0.009525,-0.0097006377317992));
#13266=CARTESIAN_POINT('',(-0.106546971294067,0.0127,-0.0097006377317992));
#13267=CARTESIAN_POINT('',(-0.107973917662109,0.009525,-0.0058651313403349));
#13268=CARTESIAN_POINT('',(-0.107973917662109,0.009525,-0.0058651313403349));
#13269=CARTESIAN_POINT('',(-0.107973917662109,0.009525,-0.0058651313403349));
#13270=CARTESIAN_POINT('',(-0.106546971294067,0.009525,-0.00712899812345846));
#13271=CARTESIAN_POINT('',(-0.106546971294067,0.009525,-0.0097006377317992));
#13272=CARTESIAN_POINT('',(-0.111683978219021,0.009525,-0.00460126455721135));
#13273=CARTESIAN_POINT('',(-0.111683978219021,0.0127,-0.00460126455721135));
#13274=CARTESIAN_POINT('',(-0.110161902093108,0.009525,-0.00460126455721135));
#13275=CARTESIAN_POINT('',(-0.110161902093108,0.0127,-0.00460126455721135));
#13276=CARTESIAN_POINT('',(-0.108925215240805,0.009525,-0.0050225534849192));
#13277=CARTESIAN_POINT('',(-0.108925215240805,0.0127,-0.0050225534849192));
#13278=CARTESIAN_POINT('',(-0.107973917662109,0.009525,-0.0058651313403349));
#13279=CARTESIAN_POINT('',(-0.107973917662109,0.0127,-0.0058651313403349));
#13280=CARTESIAN_POINT('',(-0.111683978219021,0.009525,-0.00460126455721135));
#13281=CARTESIAN_POINT('',(-0.111683978219021,0.009525,-0.00460126455721135));
#13282=CARTESIAN_POINT('',(-0.111683978219021,0.009525,-0.00460126455721135));
#13283=CARTESIAN_POINT('',(-0.109400864030152,0.009525,-0.00460126455721135));
#13284=CARTESIAN_POINT('',(-0.107973917662109,0.009525,-0.0058651313403349));
#13285=CARTESIAN_POINT('',(-0.124291284591618,0.009525,-0.00508423102024118));
#13286=CARTESIAN_POINT('',(-0.124291284591618,0.0127,-0.00508423102024118));
#13287=CARTESIAN_POINT('',(-0.122819386799527,0.009525,-0.00508423102024119));
#13288=CARTESIAN_POINT('',(-0.122819386799527,0.0127,-0.00508423102024119));
#13289=CARTESIAN_POINT('',(-0.121688283524639,0.009525,-0.0055117922396767));
#13290=CARTESIAN_POINT('',(-0.121688283524639,0.0127,-0.0055117922396767));
#13291=CARTESIAN_POINT('',(-0.120897974766954,0.009525,-0.00636691467854772));
#13292=CARTESIAN_POINT('',(-0.120897974766954,0.0127,-0.00636691467854772));
#13293=CARTESIAN_POINT('',(-0.124291284591618,0.009525,-0.00508423102024118));
#13294=CARTESIAN_POINT('',(-0.124291284591618,0.009525,-0.00508423102024118));
#13295=CARTESIAN_POINT('',(-0.124291284591618,0.009525,-0.00508423102024118));
#13296=CARTESIAN_POINT('',(-0.122083437903481,0.009525,-0.00508423102024119));
#13297=CARTESIAN_POINT('',(-0.120897974766954,0.009525,-0.00636691467854772));
#13298=CARTESIAN_POINT('',(-0.120897974766954,0.009525,-0.00636691467854772));
#13299=CARTESIAN_POINT('',(-0.120897974766954,0.009525,-0.00636691467854772));
#13300=CARTESIAN_POINT('',(-0.127784951083925,0.009525,-0.00616620134326259));
#13301=CARTESIAN_POINT('',(-0.127784951083925,0.0127,-0.00616620134326259));
#13302=CARTESIAN_POINT('',(-0.126848288852594,0.009525,-0.00544488779458165));
#13303=CARTESIAN_POINT('',(-0.126848288852594,0.0127,-0.00544488779458165));
#13304=CARTESIAN_POINT('',(-0.125683733355159,0.009525,-0.00508423102024118));
#13305=CARTESIAN_POINT('',(-0.125683733355159,0.0127,-0.00508423102024118));
#13306=CARTESIAN_POINT('',(-0.124291284591618,0.009525,-0.00508423102024118));
#13307=CARTESIAN_POINT('',(-0.124291284591618,0.0127,-0.00508423102024118));
#13308=CARTESIAN_POINT('',(-0.127784951083925,0.009525,-0.00616620134326259));
#13309=CARTESIAN_POINT('',(-0.127784951083925,0.009525,-0.00616620134326259));
#13310=CARTESIAN_POINT('',(-0.127784951083925,0.009525,-0.00616620134326259));
#13311=CARTESIAN_POINT('',(-0.126379957736929,0.009525,-0.00508423102024118));
#13312=CARTESIAN_POINT('',(-0.124291284591618,0.009525,-0.00508423102024118));
#13313=CARTESIAN_POINT('',(-0.129189944430921,0.009525,-0.00970063773179918));
#13314=CARTESIAN_POINT('',(-0.129189944430921,0.0127,-0.00970063773179918));
#13315=CARTESIAN_POINT('',(-0.129189944430921,0.009525,-0.00806566035478905));
#13316=CARTESIAN_POINT('',(-0.129189944430921,0.0127,-0.00806566035478905));
#13317=CARTESIAN_POINT('',(-0.128721613315255,0.009525,-0.00688751489194352));
#13318=CARTESIAN_POINT('',(-0.128721613315255,0.0127,-0.00688751489194352));
#13319=CARTESIAN_POINT('',(-0.127784951083925,0.009525,-0.00616620134326259));
#13320=CARTESIAN_POINT('',(-0.127784951083925,0.0127,-0.00616620134326259));
#13321=CARTESIAN_POINT('',(-0.129189944430921,0.009525,-0.00970063773179918));
#13322=CARTESIAN_POINT('',(-0.129189944430921,0.009525,-0.00970063773179918));
#13323=CARTESIAN_POINT('',(-0.129189944430921,0.009525,-0.00970063773179918));
#13324=CARTESIAN_POINT('',(-0.129189944430921,0.009525,-0.00724817166628399));
#13325=CARTESIAN_POINT('',(-0.127784951083925,0.009525,-0.00616620134326259));
#13326=CARTESIAN_POINT('',(-0.127784951083925,0.009525,-0.0132319379744719));
#13327=CARTESIAN_POINT('',(-0.127784951083925,0.0127,-0.0132319379744719));
#13328=CARTESIAN_POINT('',(-0.128721613315255,0.009525,-0.0125085336618818));
#13329=CARTESIAN_POINT('',(-0.128721613315255,0.0127,-0.0125085336618818));
#13330=CARTESIAN_POINT('',(-0.129189944430921,0.009525,-0.0113314335809909));
#13331=CARTESIAN_POINT('',(-0.129189944430921,0.0127,-0.0113314335809909));
#13332=CARTESIAN_POINT('',(-0.129189944430921,0.009525,-0.00970063773179918));
#13333=CARTESIAN_POINT('',(-0.129189944430921,0.0127,-0.00970063773179918));
#13334=CARTESIAN_POINT('',(-0.127784951083925,0.009525,-0.0132319379744719));
#13335=CARTESIAN_POINT('',(-0.127784951083925,0.009525,-0.0132319379744719));
#13336=CARTESIAN_POINT('',(-0.127784951083925,0.009525,-0.0132319379744719));
#13337=CARTESIAN_POINT('',(-0.129189944430921,0.009525,-0.0121468315055867));
#13338=CARTESIAN_POINT('',(-0.129189944430921,0.009525,-0.00970063773179918));
#13339=CARTESIAN_POINT('',(-0.124291284591618,0.009525,-0.0143170444433572));
#13340=CARTESIAN_POINT('',(-0.124291284591618,0.0127,-0.0143170444433572));
#13341=CARTESIAN_POINT('',(-0.125683733355159,0.009525,-0.0143170444433572));
#13342=CARTESIAN_POINT('',(-0.125683733355159,0.0127,-0.0143170444433572));
#13343=CARTESIAN_POINT('',(-0.126848288852594,0.009525,-0.0139553422870621));
#13344=CARTESIAN_POINT('',(-0.126848288852594,0.0127,-0.0139553422870621));
#13345=CARTESIAN_POINT('',(-0.127784951083925,0.009525,-0.0132319379744719));
#13346=CARTESIAN_POINT('',(-0.127784951083925,0.0127,-0.0132319379744719));
#13347=CARTESIAN_POINT('',(-0.124291284591618,0.009525,-0.0143170444433572));
#13348=CARTESIAN_POINT('',(-0.124291284591618,0.009525,-0.0143170444433572));
#13349=CARTESIAN_POINT('',(-0.124291284591618,0.009525,-0.0143170444433572));
#13350=CARTESIAN_POINT('',(-0.126379957736929,0.009525,-0.0143170444433572));
#13351=CARTESIAN_POINT('',(-0.127784951083925,0.009525,-0.0132319379744719));
#13352=CARTESIAN_POINT('',(-0.120897974766954,0.009525,-0.0130312246391868));
#13353=CARTESIAN_POINT('',(-0.120897974766954,0.0127,-0.0130312246391868));
#13354=CARTESIAN_POINT('',(-0.121688283524639,0.009525,-0.0138884378419671));
#13355=CARTESIAN_POINT('',(-0.121688283524639,0.0127,-0.0138884378419671));
#13356=CARTESIAN_POINT('',(-0.122819386799527,0.009525,-0.0143170444433572));
#13357=CARTESIAN_POINT('',(-0.122819386799527,0.0127,-0.0143170444433572));
#13358=CARTESIAN_POINT('',(-0.124291284591618,0.009525,-0.0143170444433572));
#13359=CARTESIAN_POINT('',(-0.124291284591618,0.0127,-0.0143170444433572));
#13360=CARTESIAN_POINT('',(-0.120897974766954,0.009525,-0.0130312246391868));
#13361=CARTESIAN_POINT('',(-0.120897974766954,0.009525,-0.0130312246391868));
#13362=CARTESIAN_POINT('',(-0.120897974766954,0.009525,-0.0130312246391868));
#13363=CARTESIAN_POINT('',(-0.122083437903481,0.009525,-0.0143170444433572));
#13364=CARTESIAN_POINT('',(-0.124291284591618,0.009525,-0.0143170444433572));
#13365=CARTESIAN_POINT('',(-0.124811819364426,0.00952499999999997,-0.00988021497515733));
#13366=CARTESIAN_POINT('',(-0.127684594416282,0.009525,-0.0175660915582853));
#13367=CARTESIAN_POINT('',(-0.127684603846975,0.009525,-0.017566115565214));
#13368=CARTESIAN_POINT('',(-0.124811819364426,0.009525,-0.00988021497515733));
#13369=CARTESIAN_POINT('',(-0.125442242465334,0.00952499999999998,-0.0115316970832125));
#13370=CARTESIAN_POINT('',(-0.130093154439704,0.009525,-0.015982337897051));
#13371=CARTESIAN_POINT('',(-0.130093154439704,0.009525,-0.015982337897051));
#13372=CARTESIAN_POINT('',(-0.125442242465334,0.009525,-0.0115316970832125));
#13373=CARTESIAN_POINT('',(-0.131475118422376,0.009525,-0.0139256753397482));
#13374=CARTESIAN_POINT('',(-0.131475118422376,0.0127,-0.0139256753397482));
#13375=CARTESIAN_POINT('',(-0.131106608242504,0.009525,-0.0147219404318136));
#13376=CARTESIAN_POINT('',(-0.131106608242504,0.0127,-0.0147219404318136));
#13377=CARTESIAN_POINT('',(-0.130645953581613,0.009525,-0.0154074946175812));
#13378=CARTESIAN_POINT('',(-0.130645953581613,0.0127,-0.0154074946175812));
#13379=CARTESIAN_POINT('',(-0.130093154439704,0.009525,-0.015982337897051));
#13380=CARTESIAN_POINT('',(-0.130093154439704,0.0127,-0.015982337897051));
#13381=CARTESIAN_POINT('',(-0.131475118422378,0.009525,-0.0139256753397441));
#13382=CARTESIAN_POINT('',(-0.131475118422378,0.009525,-0.0139256753397441));
#13383=CARTESIAN_POINT('',(-0.131717677997168,0.009525,-0.0133511115172975));
#13384=CARTESIAN_POINT('',(-0.131115537991312,0.009525,-0.0149191844492126));
#13385=CARTESIAN_POINT('',(-0.130093154439704,0.009525,-0.015982337897051));
#13386=CARTESIAN_POINT('',(-0.130093154439704,0.009525,-0.00341580142068353));
#13387=CARTESIAN_POINT('',(-0.130093154439704,0.0127,-0.00341580142068353));
#13388=CARTESIAN_POINT('',(-0.130774743474109,0.009525,-0.00412666114981837));
#13389=CARTESIAN_POINT('',(-0.130774743474109,0.0127,-0.00412666114981837));
#13390=CARTESIAN_POINT('',(-0.131316251326597,0.009525,-0.00500373660973621));
#13391=CARTESIAN_POINT('',(-0.131316251326597,0.0127,-0.00500373660973621));
#13392=CARTESIAN_POINT('',(-0.131717677997168,0.009525,-0.00604702780043704));
#13393=CARTESIAN_POINT('',(-0.131717677997168,0.0127,-0.00604702780043704));
#13394=CARTESIAN_POINT('',(-0.130093154439704,0.009525,-0.00341580142068353));
#13395=CARTESIAN_POINT('',(-0.130093154439704,0.009525,-0.00341580142068353));
#13396=CARTESIAN_POINT('',(-0.130093154439704,0.009525,-0.00341580142068353));
#13397=CARTESIAN_POINT('',(-0.131115537991312,0.009525,-0.00448209101438579));
#13398=CARTESIAN_POINT('',(-0.131717677997168,0.009525,-0.00604702780043704));
#13399=CARTESIAN_POINT('',(-0.131717677997168,0.009525,-0.00604702780043704));
#13400=CARTESIAN_POINT('',(-0.131717677997168,0.009525,-0.00604702780043704));
#13401=CARTESIAN_POINT('',(-0.125447339446261,0.00952499999999998,-0.00784642057980079));
#13402=CARTESIAN_POINT('',(-0.127684594416282,0.009525,-0.00182891161358547));
#13403=CARTESIAN_POINT('',(-0.127684610797794,0.009525,-0.0018288688005769));
#13404=CARTESIAN_POINT('',(-0.125447339446261,0.009525,-0.00784642057980079));
#13405=CARTESIAN_POINT('',(-0.124811819364426,0.00952499999999997,-0.00951478819671341));
#13406=CARTESIAN_POINT('',(-0.124774251054648,0.009525,-0.00130831140018967));
#13407=CARTESIAN_POINT('',(-0.124774251054648,0.009525,-0.00130831140018967));
#13408=CARTESIAN_POINT('',(-0.124811819364426,0.009525,-0.00951478819671341));
#13409=CARTESIAN_POINT('',(-0.119245584503888,0.009525,-0.00387149012629434));
#13410=CARTESIAN_POINT('',(-0.119245584503888,0.0127,-0.00387149012629434));
#13411=CARTESIAN_POINT('',(-0.120461161617188,0.009525,-0.00216270430889123));
#13412=CARTESIAN_POINT('',(-0.120461161617188,0.0127,-0.00216270430889123));
#13413=CARTESIAN_POINT('',(-0.122304050467441,0.009525,-0.00130831140018967));
#13414=CARTESIAN_POINT('',(-0.122304050467441,0.0127,-0.00130831140018967));
#13415=CARTESIAN_POINT('',(-0.124774251054648,0.009525,-0.00130831140018967));
#13416=CARTESIAN_POINT('',(-0.124774251054648,0.0127,-0.00130831140018967));
#13417=CARTESIAN_POINT('',(-0.119245584503883,0.009525,-0.00387149012630194));
#13418=CARTESIAN_POINT('',(-0.119245584503883,0.009525,-0.00387149012630194));
#13419=CARTESIAN_POINT('',(-0.118552137660809,0.009525,-0.00508423102024119));
#13420=CARTESIAN_POINT('',(-0.120277017885915,0.009525,-0.00130831140018967));
#13421=CARTESIAN_POINT('',(-0.124774251054648,0.009525,-0.00130831140018967));
#13422=CARTESIAN_POINT('',(-0.108133861101165,0.009525,-0.0012487246287769));
#13423=CARTESIAN_POINT('',(-0.108133861101165,0.0127,-0.0012487246287769));
#13424=CARTESIAN_POINT('',(-0.109083067915951,0.009525,-0.000887022472481823));
#13425=CARTESIAN_POINT('',(-0.109083067915951,0.0127,-0.000887022472481823));
#13426=CARTESIAN_POINT('',(-0.110107542231469,0.009525,-0.000706171394334284));
#13427=CARTESIAN_POINT('',(-0.110107542231469,0.0127,-0.000706171394334284));
#13428=CARTESIAN_POINT('',(-0.111207284047718,0.009525,-0.000706171394334283));
#13429=CARTESIAN_POINT('',(-0.111207284047718,0.0127,-0.000706171394334283));
#13430=CARTESIAN_POINT('',(-0.108133861101165,0.009525,-0.0012487246287769));
#13431=CARTESIAN_POINT('',(-0.108133861101165,0.009525,-0.0012487246287769));
#13432=CARTESIAN_POINT('',(-0.108133861101165,0.009525,-0.0012487246287769));
#13433=CARTESIAN_POINT('',(-0.109557671323344,0.009525,-0.000706171394334284));
#13434=CARTESIAN_POINT('',(-0.111207284047718,0.009525,-0.000706171394334283));
#13435=CARTESIAN_POINT('',(-0.110425524896314,0.00952499999999998,-0.00730539297668468));
#13436=CARTESIAN_POINT('',(-0.10566571430633,0.009525,-0.00291401808247072));
#13437=CARTESIAN_POINT('',(-0.10566571430633,0.009525,-0.00291401808247072));
#13438=CARTESIAN_POINT('',(-0.110425524896314,0.009525,-0.00730539297668468));
#13439=CARTESIAN_POINT('',(-0.10401923772782,0.009525,-0.00572400477646255));
#13440=CARTESIAN_POINT('',(-0.10401923772782,0.0127,-0.00572400477646255));
#13441=CARTESIAN_POINT('',(-0.10442066439839,0.009525,-0.00459917379330213));
#13442=CARTESIAN_POINT('',(-0.10442066439839,0.0127,-0.00459917379330213));
#13443=CARTESIAN_POINT('',(-0.10496948992456,0.009525,-0.00366251156197152));
#13444=CARTESIAN_POINT('',(-0.10496948992456,0.0127,-0.00366251156197152));
#13445=CARTESIAN_POINT('',(-0.10566571430633,0.009525,-0.00291401808247072));
#13446=CARTESIAN_POINT('',(-0.10566571430633,0.0127,-0.00291401808247072));
#13447=CARTESIAN_POINT('',(-0.10401923772782,0.009525,-0.00572400477646255));
#13448=CARTESIAN_POINT('',(-0.10401923772782,0.009525,-0.00572400477646255));
#13449=CARTESIAN_POINT('',(-0.10401923772782,0.009525,-0.00572400477646255));
#13450=CARTESIAN_POINT('',(-0.104621377733675,0.009525,-0.00403675830172192));
#13451=CARTESIAN_POINT('',(-0.10566571430633,0.009525,-0.00291401808247072));
#13452=CARTESIAN_POINT('',(-0.10566571430633,0.009525,-0.0164809850894));
#13453=CARTESIAN_POINT('',(-0.10566571430633,0.0127,-0.0164809850894));
#13454=CARTESIAN_POINT('',(-0.10496948992456,0.009525,-0.0157324916098992));
#13455=CARTESIAN_POINT('',(-0.10496948992456,0.0127,-0.0157324916098992));
#13456=CARTESIAN_POINT('',(-0.10442066439839,0.009525,-0.0147958293785686));
#13457=CARTESIAN_POINT('',(-0.10442066439839,0.0127,-0.0147958293785686));
#13458=CARTESIAN_POINT('',(-0.10401923772782,0.009525,-0.0136709983954082));
#13459=CARTESIAN_POINT('',(-0.10401923772782,0.0127,-0.0136709983954082));
#13460=CARTESIAN_POINT('',(-0.10566571430633,0.009525,-0.0164809850894));
#13461=CARTESIAN_POINT('',(-0.10566571430633,0.009525,-0.0164809850894));
#13462=CARTESIAN_POINT('',(-0.10566571430633,0.009525,-0.0164809850894));
#13463=CARTESIAN_POINT('',(-0.104621377733675,0.009525,-0.0153582448701488));
#13464=CARTESIAN_POINT('',(-0.10401923772782,0.009525,-0.0136709983954082));
#13465=CARTESIAN_POINT('',(-0.10401923772782,0.009525,-0.0136709983954082));
#13466=CARTESIAN_POINT('',(-0.10401923772782,0.009525,-0.0136709983954082));
#13467=CARTESIAN_POINT('',(-0.110425524896315,0.00952499999999998,-0.0120896101951857));
#13468=CARTESIAN_POINT('',(-0.108133861101165,0.009525,-0.0181462785430939));
#13469=CARTESIAN_POINT('',(-0.108133861101165,0.009525,-0.0181462785430939));
#13470=CARTESIAN_POINT('',(-0.110425524896315,0.009525,-0.0120896101951857));
#13471=CARTESIAN_POINT('',(-0.111207284047718,0.009525,-0.0186888317775365));
#13472=CARTESIAN_POINT('',(-0.111207284047718,0.0127,-0.0186888317775365));
#13473=CARTESIAN_POINT('',(-0.110107542231469,0.009525,-0.0186888317775365));
#13474=CARTESIAN_POINT('',(-0.110107542231469,0.0127,-0.0186888317775365));
#13475=CARTESIAN_POINT('',(-0.109083067915951,0.009525,-0.0185079806993889));
#13476=CARTESIAN_POINT('',(-0.109083067915951,0.0127,-0.0185079806993889));
#13477=CARTESIAN_POINT('',(-0.108133861101165,0.009525,-0.0181462785430939));
#13478=CARTESIAN_POINT('',(-0.108133861101165,0.0127,-0.0181462785430939));
#13479=CARTESIAN_POINT('',(-0.111207284047718,0.009525,-0.0186888317775365));
#13480=CARTESIAN_POINT('',(-0.111207284047718,0.009525,-0.0186888317775365));
#13481=CARTESIAN_POINT('',(-0.111207284047718,0.009525,-0.0186888317775365));
#13482=CARTESIAN_POINT('',(-0.109557671323344,0.009525,-0.0186888317775365));
#13483=CARTESIAN_POINT('',(-0.108133861101165,0.009525,-0.0181462785430939));
#13484=CARTESIAN_POINT('',(-0.117736783555676,0.009525,-0.0157183020005508));
#13485=CARTESIAN_POINT('',(-0.117736783555676,0.0127,-0.0157183020005508));
#13486=CARTESIAN_POINT('',(-0.116513524025935,0.009525,-0.0176986551852079));
#13487=CARTESIAN_POINT('',(-0.116513524025935,0.0127,-0.0176986551852079));
#13488=CARTESIAN_POINT('',(-0.114337024189949,0.009525,-0.0186888317775365));
#13489=CARTESIAN_POINT('',(-0.114337024189949,0.0127,-0.0186888317775365));
#13490=CARTESIAN_POINT('',(-0.111207284047718,0.009525,-0.0186888317775365));
#13491=CARTESIAN_POINT('',(-0.111207284047718,0.0127,-0.0186888317775365));
#13492=CARTESIAN_POINT('',(-0.117736783555744,0.009525,-0.0157183020004402));
#13493=CARTESIAN_POINT('',(-0.117736783555744,0.009525,-0.0157183020004404));
#13494=CARTESIAN_POINT('',(-0.118389058075889,0.009525,-0.0143170444433572));
#13495=CARTESIAN_POINT('',(-0.116902524936434,0.009525,-0.0186888317775365));
#13496=CARTESIAN_POINT('',(-0.111207284047718,0.009525,-0.0186888317775365));
#13497=CARTESIAN_POINT('',(-0.113986029923622,0.009525,-0.0049560713900747));
#13498=CARTESIAN_POINT('',(-0.113986029923622,0.0127,-0.0049560713900747));
#13499=CARTESIAN_POINT('',(-0.11331704727543,0.009525,-0.00471953350149913));
#13500=CARTESIAN_POINT('',(-0.11331704727543,0.0127,-0.00471953350149913));
#13501=CARTESIAN_POINT('',(-0.11254969670723,0.009525,-0.00460126455721135));
#13502=CARTESIAN_POINT('',(-0.11254969670723,0.0127,-0.00460126455721135));
#13503=CARTESIAN_POINT('',(-0.111683978219021,0.009525,-0.00460126455721135));
#13504=CARTESIAN_POINT('',(-0.111683978219021,0.0127,-0.00460126455721135));
#13505=CARTESIAN_POINT('',(-0.113986029922778,0.009525,-0.00495607138977635));
#13506=CARTESIAN_POINT('',(-0.113986029922778,0.009525,-0.00495607138977632));
#13507=CARTESIAN_POINT('',(-0.115579071381898,0.009525,-0.00590590123656469));
#13508=CARTESIAN_POINT('',(-0.114174078034902,0.009525,-0.00460126455721135));
#13509=CARTESIAN_POINT('',(-0.111683978219021,0.009525,-0.00460126455721135));
#13510=CARTESIAN_POINT('',(-0.13637448688808,0.009525,0.0616753833623586));
#13511=CARTESIAN_POINT('',(-0.131847502817112,0.009525,-0.00969906965886726));
#13512=CARTESIAN_POINT('',(-0.131596398214306,0.009525,-0.0136995482630697));
#13513=CARTESIAN_POINT('',(-0.131717677997168,0.009525,-0.0134734212059868));
#13514=CARTESIAN_POINT('',(-0.126281823823388,0.009525,-0.0100120559594664));
#13515=CARTESIAN_POINT('',(-0.132721244673593,0.009525,-0.00976022450321197));
#13516=CARTESIAN_POINT('',(-0.126281823823388,0.009525,-0.00950839304695749));
#13517=CARTESIAN_POINT('',(-0.118575774340334,0.009525,-0.00310754618542252));
#13518=CARTESIAN_POINT('',(-0.113348871478875,0.009525,-0.00969750158593535));
#13519=CARTESIAN_POINT('',(-0.118574736551605,0.009525,-0.0162928372706615));
#13520=CARTESIAN_POINT('',(-0.111273552997524,0.009525,-0.00963977824010337));
#13521=CARTESIAN_POINT('',(-0.112404577855566,0.009525,0.00378090682660015));
#13522=CARTESIAN_POINT('',(-0.112404577855566,0.0127,0.00378090682660015));
#13523=CARTESIAN_POINT('',(-0.109554336858907,0.009525,0.00330660201356203));
#13524=CARTESIAN_POINT('',(-0.109554336858907,0.0127,0.00330660201356203));
#13525=CARTESIAN_POINT('',(-0.107182105653646,0.009525,0.00378720177935012));
#13526=CARTESIAN_POINT('',(-0.107182105653646,0.0127,0.00378720177935012));
#13527=CARTESIAN_POINT('',(-0.105287884239783,0.009525,0.00522270612396444));
#13528=CARTESIAN_POINT('',(-0.105287884239783,0.0127,0.00522270612396444));
#13529=CARTESIAN_POINT('',(-0.112404577855566,0.009525,0.00378090682660015));
#13530=CARTESIAN_POINT('',(-0.105287884239783,0.009525,0.00522270612396444));
#13531=CARTESIAN_POINT('',(-0.11757753482251,0.009525,0.00643484122089172));
#13532=CARTESIAN_POINT('',(-0.11757753482251,0.0127,0.00643484122089172));
#13533=CARTESIAN_POINT('',(-0.116319168869476,0.009525,0.00503003187900016));
#13534=CARTESIAN_POINT('',(-0.116319168869476,0.0127,0.00503003187900016));
#13535=CARTESIAN_POINT('',(-0.114594849880494,0.009525,0.00414538708090297));
#13536=CARTESIAN_POINT('',(-0.114594849880494,0.0127,0.00414538708090297));
#13537=CARTESIAN_POINT('',(-0.112404577855566,0.009525,0.00378090682660015));
#13538=CARTESIAN_POINT('',(-0.112404577855566,0.0127,0.00378090682660015));
#13539=CARTESIAN_POINT('',(-0.11757753482251,0.009525,0.00643484122089172));
#13540=CARTESIAN_POINT('',(-0.119342718074513,0.009525,0.00983105783316732));
#13541=CARTESIAN_POINT('',(-0.119342718074513,0.0127,0.00983105783316732));
#13542=CARTESIAN_POINT('',(-0.119002874686212,0.009525,0.00850125909674511));
#13543=CARTESIAN_POINT('',(-0.119002874686212,0.0127,0.00850125909674511));
#13544=CARTESIAN_POINT('',(-0.118414480268877,0.009525,0.00736918689265324));
#13545=CARTESIAN_POINT('',(-0.118414480268877,0.0127,0.00736918689265324));
#13546=CARTESIAN_POINT('',(-0.11757753482251,0.009525,0.00643484122089172));
#13547=CARTESIAN_POINT('',(-0.11757753482251,0.0127,0.00643484122089172));
#13548=CARTESIAN_POINT('',(-0.11934271807457,0.009525,0.00983105783338896));
#13549=CARTESIAN_POINT('',(-0.122279911910538,0.009525,0.0137698374880438));
#13550=CARTESIAN_POINT('',(-0.122279911910538,0.0127,0.0137698374880438));
#13551=CARTESIAN_POINT('',(-0.12363493465133,0.009525,0.0127214966355623));
#13552=CARTESIAN_POINT('',(-0.12363493465133,0.0127,0.0127214966355623));
#13553=CARTESIAN_POINT('',(-0.125136304202262,0.009525,0.0120482888576331));
#13554=CARTESIAN_POINT('',(-0.125136304202262,0.0127,0.0120482888576331));
#13555=CARTESIAN_POINT('',(-0.126784020563333,0.009525,0.0117502141542561));
#13556=CARTESIAN_POINT('',(-0.126784020563333,0.0127,0.0117502141542561));
#13557=CARTESIAN_POINT('',(-0.122279911910538,0.009525,0.0137698374880438));
#13558=CARTESIAN_POINT('',(-0.129113624778243,0.00952499999999998,0.0226575497437024));
#13559=CARTESIAN_POINT('',(-0.119600764555417,0.009525,0.0167266952570709));
#13560=CARTESIAN_POINT('',(-0.111732245635058,0.009525,0.00782115437540887));
#13561=CARTESIAN_POINT('',(-0.111732245635058,0.0127,0.00782115437540887));
#13562=CARTESIAN_POINT('',(-0.11508571297266,0.009525,0.00837920041448267));
#13563=CARTESIAN_POINT('',(-0.11508571297266,0.0127,0.00837920041448267));
#13564=CARTESIAN_POINT('',(-0.116421990509382,0.009525,0.0107041272463821));
#13565=CARTESIAN_POINT('',(-0.116421990509382,0.0127,0.0107041272463821));
#13566=CARTESIAN_POINT('',(-0.115741078245223,0.009525,0.0147959348711072));
#13567=CARTESIAN_POINT('',(-0.115741078245223,0.0127,0.0147959348711072));
#13568=CARTESIAN_POINT('',(-0.111732245635058,0.009525,0.00782115437540887));
#13569=CARTESIAN_POINT('',(-0.105205108760246,0.009525,0.0123114256033778));
#13570=CARTESIAN_POINT('',(-0.105205108760246,0.0127,0.0123114256033778));
#13571=CARTESIAN_POINT('',(-0.105807084622814,0.009525,0.00869397067708352));
#13572=CARTESIAN_POINT('',(-0.105807084622814,0.0127,0.00869397067708352));
#13573=CARTESIAN_POINT('',(-0.107982796914418,0.009525,0.00719721360109388));
#13574=CARTESIAN_POINT('',(-0.107982796914418,0.0127,0.00719721360109388));
#13575=CARTESIAN_POINT('',(-0.111732245635058,0.009525,0.00782115437540887));
#13576=CARTESIAN_POINT('',(-0.111732245635058,0.0127,0.00782115437540887));
#13577=CARTESIAN_POINT('',(-0.105205108760246,0.009525,0.0123114256033778));
#13578=CARTESIAN_POINT('',(-0.105836704521041,0.009525,0.0164637420914059));
#13579=CARTESIAN_POINT('',(-0.105836704521041,0.0127,0.0164637420914059));
#13580=CARTESIAN_POINT('',(-0.105147943318593,0.009525,0.0153042054679787));
#13581=CARTESIAN_POINT('',(-0.105147943318593,0.0127,0.0153042054679787));
#13582=CARTESIAN_POINT('',(-0.104937411398328,0.009525,0.0139200999719693));
#13583=CARTESIAN_POINT('',(-0.104937411398328,0.0127,0.0139200999719693));
#13584=CARTESIAN_POINT('',(-0.105205108760246,0.009525,0.0123114256033778));
#13585=CARTESIAN_POINT('',(-0.105205108760246,0.0127,0.0123114256033778));
#13586=CARTESIAN_POINT('',(-0.105836704521041,0.009525,0.0164637420914059));
#13587=CARTESIAN_POINT('',(-0.107122583865967,0.009525,0.0179437675030101));
#13588=CARTESIAN_POINT('',(-0.107122583865967,0.0127,0.0179437675030101));
#13589=CARTESIAN_POINT('',(-0.106602130523804,0.009525,0.0175240894361732));
#13590=CARTESIAN_POINT('',(-0.106602130523804,0.0127,0.0175240894361732));
#13591=CARTESIAN_POINT('',(-0.106173504075495,0.009525,0.0170307476323051));
#13592=CARTESIAN_POINT('',(-0.106173504075495,0.0127,0.0170307476323051));
#13593=CARTESIAN_POINT('',(-0.105836704521041,0.009525,0.0164637420914059));
#13594=CARTESIAN_POINT('',(-0.105836704521041,0.0127,0.0164637420914059));
#13595=CARTESIAN_POINT('',(-0.107122583865967,0.009525,0.0179437675030102));
#13596=CARTESIAN_POINT('',(-0.101741272530859,0.009525,0.0116142008812136));
#13597=CARTESIAN_POINT('',(-0.101741272530859,0.0127,0.0116142008812136));
#13598=CARTESIAN_POINT('',(-0.101332862453062,0.009525,0.014068460494834));
#13599=CARTESIAN_POINT('',(-0.101332862453062,0.0127,0.014068460494834));
#13600=CARTESIAN_POINT('',(-0.101462106640479,0.009525,0.0161448374299865));
#13601=CARTESIAN_POINT('',(-0.101462106640479,0.0127,0.0161448374299865));
#13602=CARTESIAN_POINT('',(-0.102129005093111,0.009525,0.0178433316866712));
#13603=CARTESIAN_POINT('',(-0.102129005093111,0.0127,0.0178433316866712));
#13604=CARTESIAN_POINT('',(-0.101741272530859,0.009525,0.0116142008812136));
#13605=CARTESIAN_POINT('',(-0.105287884239783,0.009525,0.00522270612396444));
#13606=CARTESIAN_POINT('',(-0.105287884239783,0.0127,0.00522270612396444));
#13607=CARTESIAN_POINT('',(-0.103393662825919,0.009525,0.00665821046857876));
#13608=CARTESIAN_POINT('',(-0.103393662825919,0.0127,0.00665821046857876));
#13609=CARTESIAN_POINT('',(-0.102211458922944,0.009525,0.00878870872099515));
#13610=CARTESIAN_POINT('',(-0.102211458922944,0.0127,0.00878870872099515));
#13611=CARTESIAN_POINT('',(-0.101741272530859,0.009525,0.0116142008812136));
#13612=CARTESIAN_POINT('',(-0.101741272530859,0.0127,0.0116142008812136));
#13613=CARTESIAN_POINT('',(-0.100952170268351,0.009525,0.0385124213669576));
#13614=CARTESIAN_POINT('',(-0.100952170268351,0.0127,0.0385124213669576));
#13615=CARTESIAN_POINT('',(-0.0997810526015777,0.009525,0.0372408850082901));
#13616=CARTESIAN_POINT('',(-0.0997810526015777,0.0127,0.0372408850082901));
#13617=CARTESIAN_POINT('',(-0.0995316718160647,0.009525,0.0355470437360804));
#13618=CARTESIAN_POINT('',(-0.0995316718160647,0.0127,0.0355470437360804));
#13619=CARTESIAN_POINT('',(-0.100204027911812,0.009525,0.0334308975503285));
#13620=CARTESIAN_POINT('',(-0.100204027911812,0.0127,0.0334308975503285));
#13621=CARTESIAN_POINT('',(-0.100952170268351,0.0127,0.0385124213669576));
#13622=CARTESIAN_POINT('',(-0.099195493768191,0.0127,0.0366051168289563));
#13623=CARTESIAN_POINT('',(-0.100204027911812,0.0127,0.0334308975503285));
#13624=CARTESIAN_POINT('',(-0.100952170268351,0.0127,0.0385124213669576));
#13625=CARTESIAN_POINT('',(-0.100204027911812,0.0127,0.0334308975503285));
#13626=CARTESIAN_POINT('',(-0.100952170268351,0.009525,0.0385124213669576));
#13627=CARTESIAN_POINT('',(-0.100952170268351,0.009525,0.0385124213669576));
#13628=CARTESIAN_POINT('',(-0.100952170268351,0.009525,0.0385124213669576));
#13629=CARTESIAN_POINT('',(-0.099195493768191,0.009525,0.0366051168289563));
#13630=CARTESIAN_POINT('',(-0.100204027911812,0.009525,0.0334308975503285));
#13631=CARTESIAN_POINT('',(-0.100204027911812,0.009525,0.0334308975503285));
#13632=CARTESIAN_POINT('',(-0.100204027911812,0.009525,0.0334308975503285));
#13633=CARTESIAN_POINT('',(-0.10896242008715,0.009525,0.0423210963890095));
#13634=CARTESIAN_POINT('',(-0.10896242008715,0.0127,0.0423210963890095));
#13635=CARTESIAN_POINT('',(-0.104781935437708,0.009525,0.0409928448928909));
#13636=CARTESIAN_POINT('',(-0.104781935437708,0.0127,0.0409928448928909));
#13637=CARTESIAN_POINT('',(-0.102111852164775,0.009525,0.039723286552207));
#13638=CARTESIAN_POINT('',(-0.102111852164775,0.0127,0.039723286552207));
#13639=CARTESIAN_POINT('',(-0.100952170268351,0.009525,0.0385124213669576));
#13640=CARTESIAN_POINT('',(-0.100952170268351,0.0127,0.0385124213669576));
#13641=CARTESIAN_POINT('',(-0.10896242008715,0.0127,0.0423210963890095));
#13642=CARTESIAN_POINT('',(-0.102691693112987,0.0127,0.0403287191448317));
#13643=CARTESIAN_POINT('',(-0.100952170268351,0.0127,0.0385124213669576));
#13644=CARTESIAN_POINT('',(-0.10896242008715,0.0127,0.0423210963890095));
#13645=CARTESIAN_POINT('',(-0.10896242008715,0.009525,0.0423210963890095));
#13646=CARTESIAN_POINT('',(-0.10896242008715,0.009525,0.0423210963890095));
#13647=CARTESIAN_POINT('',(-0.10896242008715,0.009525,0.0423210963890095));
#13648=CARTESIAN_POINT('',(-0.102691693112987,0.009525,0.0403287191448317));
#13649=CARTESIAN_POINT('',(-0.100952170268351,0.009525,0.0385124213669576));
#13650=CARTESIAN_POINT('',(-0.11429043203408,0.009525,0.0437177905065564));
#13651=CARTESIAN_POINT('',(-0.11429043203408,0.0127,0.0437177905065564));
#13652=CARTESIAN_POINT('',(-0.112882466720938,0.009525,0.0434678806419623));
#13653=CARTESIAN_POINT('',(-0.112882466720938,0.0127,0.0434678806419623));
#13654=CARTESIAN_POINT('',(-0.111106462738628,0.009525,0.0430023159361133));
#13655=CARTESIAN_POINT('',(-0.111106462738628,0.0127,0.0430023159361133));
#13656=CARTESIAN_POINT('',(-0.10896242008715,0.009525,0.0423210963890095));
#13657=CARTESIAN_POINT('',(-0.10896242008715,0.0127,0.0423210963890095));
#13658=CARTESIAN_POINT('',(-0.11429043203408,0.0127,0.0437177905065564));
#13659=CARTESIAN_POINT('',(-0.112178484064366,0.0127,0.0433429257096652));
#13660=CARTESIAN_POINT('',(-0.10896242008715,0.0127,0.0423210963890095));
#13661=CARTESIAN_POINT('',(-0.11429043203408,0.0127,0.0437177905065564));
#13662=CARTESIAN_POINT('',(-0.11429043203408,0.009525,0.0437177905065564));
#13663=CARTESIAN_POINT('',(-0.11429043203408,0.009525,0.0437177905065564));
#13664=CARTESIAN_POINT('',(-0.11429043203408,0.009525,0.0437177905065564));
#13665=CARTESIAN_POINT('',(-0.112178484064366,0.009525,0.0433429257096652));
#13666=CARTESIAN_POINT('',(-0.10896242008715,0.009525,0.0423210963890095));
#13667=CARTESIAN_POINT('',(-0.117796000999014,0.009525,0.0438180868027667));
#13668=CARTESIAN_POINT('',(-0.117796000999014,0.0127,0.0438180868027667));
#13669=CARTESIAN_POINT('',(-0.116866920335533,0.009525,0.0440011324698874));
#13670=CARTESIAN_POINT('',(-0.116866920335533,0.0127,0.0440011324698874));
#13671=CARTESIAN_POINT('',(-0.115698397347222,0.009525,0.0439677003711506));
#13672=CARTESIAN_POINT('',(-0.115698397347222,0.0127,0.0439677003711506));
#13673=CARTESIAN_POINT('',(-0.11429043203408,0.009525,0.0437177905065564));
#13674=CARTESIAN_POINT('',(-0.11429043203408,0.0127,0.0437177905065564));
#13675=CARTESIAN_POINT('',(-0.117796000999014,0.0127,0.0438180868027667));
#13676=CARTESIAN_POINT('',(-0.116402380003793,0.0127,0.0440926553034477));
#13677=CARTESIAN_POINT('',(-0.11429043203408,0.0127,0.0437177905065564));
#13678=CARTESIAN_POINT('',(-0.117796000999014,0.0127,0.0438180868027667));
#13679=CARTESIAN_POINT('',(-0.117796000999014,0.009525,0.0438180868027667));
#13680=CARTESIAN_POINT('',(-0.117796000999014,0.009525,0.0438180868027667));
#13681=CARTESIAN_POINT('',(-0.117796000999014,0.009525,0.0438180868027667));
#13682=CARTESIAN_POINT('',(-0.116402380003793,0.009525,0.0440926553034477));
#13683=CARTESIAN_POINT('',(-0.11429043203408,0.009525,0.0437177905065564));
#13684=CARTESIAN_POINT('',(-0.119963270066281,0.009525,0.0426310223821565));
#13685=CARTESIAN_POINT('',(-0.119963270066281,0.0127,0.0426310223821565));
#13686=CARTESIAN_POINT('',(-0.119447504684917,0.009525,0.0432393529954426));
#13687=CARTESIAN_POINT('',(-0.119447504684917,0.0127,0.0432393529954426));
#13688=CARTESIAN_POINT('',(-0.118725081662495,0.009525,0.0436350411356459));
#13689=CARTESIAN_POINT('',(-0.118725081662495,0.0127,0.0436350411356459));
#13690=CARTESIAN_POINT('',(-0.117796000999014,0.009525,0.0438180868027667));
#13691=CARTESIAN_POINT('',(-0.117796000999014,0.0127,0.0438180868027667));
#13692=CARTESIAN_POINT('',(-0.119963270066281,0.0127,0.0426310223821565));
#13693=CARTESIAN_POINT('',(-0.119189621994235,0.0127,0.0435435183020856));
#13694=CARTESIAN_POINT('',(-0.117796000999014,0.0127,0.0438180868027667));
#13695=CARTESIAN_POINT('',(-0.119963270066281,0.0127,0.0426310223821565));
#13696=CARTESIAN_POINT('',(-0.119963270066281,0.009525,0.0426310223821565));
#13697=CARTESIAN_POINT('',(-0.119963270066281,0.009525,0.0426310223821565));
#13698=CARTESIAN_POINT('',(-0.119963270066281,0.009525,0.0426310223821565));
#13699=CARTESIAN_POINT('',(-0.119189621994235,0.009525,0.0435435183020856));
#13700=CARTESIAN_POINT('',(-0.117796000999014,0.009525,0.0438180868027667));
#13701=CARTESIAN_POINT('',(-0.12124593348765,0.009525,0.0401164722877034));
#13702=CARTESIAN_POINT('',(-0.12124593348765,0.0127,0.0401164722877034));
#13703=CARTESIAN_POINT('',(-0.120906589921435,0.009525,0.0411845084040527));
#13704=CARTESIAN_POINT('',(-0.120906589921435,0.0127,0.0411845084040527));
#13705=CARTESIAN_POINT('',(-0.120479035447645,0.009525,0.0420226917688704));
#13706=CARTESIAN_POINT('',(-0.120479035447645,0.0127,0.0420226917688704));
#13707=CARTESIAN_POINT('',(-0.119963270066281,0.009525,0.0426310223821565));
#13708=CARTESIAN_POINT('',(-0.119963270066281,0.0127,0.0426310223821565));
#13709=CARTESIAN_POINT('',(-0.12124593348765,0.0127,0.0401164722877034));
#13710=CARTESIAN_POINT('',(-0.120736918138327,0.0127,0.0417185264622274));
#13711=CARTESIAN_POINT('',(-0.119963270066281,0.0127,0.0426310223821565));
#13712=CARTESIAN_POINT('',(-0.12124593348765,0.0127,0.0401164722877034));
#13713=CARTESIAN_POINT('',(-0.12124593348765,0.009525,0.0401164722877034));
#13714=CARTESIAN_POINT('',(-0.12124593348765,0.009525,0.0401164722877034));
#13715=CARTESIAN_POINT('',(-0.12124593348765,0.009525,0.0401164722877034));
#13716=CARTESIAN_POINT('',(-0.120736918138327,0.009525,0.0417185264622274));
#13717=CARTESIAN_POINT('',(-0.119963270066281,0.009525,0.0426310223821565));
#13718=CARTESIAN_POINT('',(-0.121633824107417,0.009525,0.0373110477284258));
#13719=CARTESIAN_POINT('',(-0.121633824107417,0.0127,0.0373110477284258));
#13720=CARTESIAN_POINT('',(-0.121715840134457,0.009525,0.0381093094422055));
#13721=CARTESIAN_POINT('',(-0.121715840134457,0.0127,0.0381093094422055));
#13722=CARTESIAN_POINT('',(-0.121586543261202,0.009525,0.0390444509619647));
#13723=CARTESIAN_POINT('',(-0.121586543261202,0.0127,0.0390444509619647));
#13724=CARTESIAN_POINT('',(-0.12124593348765,0.009525,0.0401164722877034));
#13725=CARTESIAN_POINT('',(-0.12124593348765,0.0127,0.0401164722877034));
#13726=CARTESIAN_POINT('',(-0.121633824107417,0.0127,0.0373110477284258));
#13727=CARTESIAN_POINT('',(-0.121756848147978,0.0127,0.0385084402990953));
#13728=CARTESIAN_POINT('',(-0.12124593348765,0.0127,0.0401164722877034));
#13729=CARTESIAN_POINT('',(-0.121633824107417,0.0127,0.0373110477284258));
#13730=CARTESIAN_POINT('',(-0.121633824107417,0.009525,0.0373110477284258));
#13731=CARTESIAN_POINT('',(-0.121633824107417,0.009525,0.0373110477284258));
#13732=CARTESIAN_POINT('',(-0.121633824107417,0.009525,0.0373110477284258));
#13733=CARTESIAN_POINT('',(-0.121756848147978,0.009525,0.0385084402990953));
#13734=CARTESIAN_POINT('',(-0.12124593348765,0.009525,0.0401164722877034));
#13735=CARTESIAN_POINT('',(-0.120531228870711,0.009525,0.0350850601881156));
#13736=CARTESIAN_POINT('',(-0.120531228870711,0.0127,0.0350850601881156));
#13737=CARTESIAN_POINT('',(-0.121184276334808,0.009525,0.0357707901678761));
#13738=CARTESIAN_POINT('',(-0.121184276334808,0.0127,0.0357707901678761));
#13739=CARTESIAN_POINT('',(-0.121551808080376,0.009525,0.0365127860146461));
#13740=CARTESIAN_POINT('',(-0.121551808080376,0.0127,0.0365127860146461));
#13741=CARTESIAN_POINT('',(-0.121633824107417,0.009525,0.0373110477284258));
#13742=CARTESIAN_POINT('',(-0.121633824107417,0.0127,0.0373110477284258));
#13743=CARTESIAN_POINT('',(-0.120531228870711,0.0127,0.0350850601881156));
#13744=CARTESIAN_POINT('',(-0.121510800066856,0.0127,0.0361136551577563));
#13745=CARTESIAN_POINT('',(-0.121633824107417,0.0127,0.0373110477284258));
#13746=CARTESIAN_POINT('',(-0.120531228870711,0.0127,0.0350850601881156));
#13747=CARTESIAN_POINT('',(-0.120531228870711,0.009525,0.0350850601881156));
#13748=CARTESIAN_POINT('',(-0.120531228870711,0.009525,0.0350850601881156));
#13749=CARTESIAN_POINT('',(-0.120531228870711,0.009525,0.0350850601881156));
#13750=CARTESIAN_POINT('',(-0.121510800066856,0.009525,0.0361136551577563));
#13751=CARTESIAN_POINT('',(-0.121633824107417,0.009525,0.0373110477284258));
#13752=CARTESIAN_POINT('',(-0.117588775690501,0.009525,0.0331399384725444));
#13753=CARTESIAN_POINT('',(-0.117588775690501,0.0127,0.0331399384725444));
#13754=CARTESIAN_POINT('',(-0.118897363679878,0.009525,0.0337509563031647));
#13755=CARTESIAN_POINT('',(-0.118897363679878,0.0127,0.0337509563031647));
#13756=CARTESIAN_POINT('',(-0.119878181406615,0.009525,0.0343993302083551));
#13757=CARTESIAN_POINT('',(-0.119878181406615,0.0127,0.0343993302083551));
#13758=CARTESIAN_POINT('',(-0.120531228870711,0.009525,0.0350850601881156));
#13759=CARTESIAN_POINT('',(-0.120531228870711,0.0127,0.0350850601881156));
#13760=CARTESIAN_POINT('',(-0.117588775690501,0.0127,0.0331399384725444));
#13761=CARTESIAN_POINT('',(-0.119551657674567,0.0127,0.0340564652184749));
#13762=CARTESIAN_POINT('',(-0.120531228870711,0.0127,0.0350850601881156));
#13763=CARTESIAN_POINT('',(-0.117588775690501,0.0127,0.0331399384725444));
#13764=CARTESIAN_POINT('',(-0.117588775690501,0.009525,0.0331399384725444));
#13765=CARTESIAN_POINT('',(-0.117588775690501,0.009525,0.0331399384725444));
#13766=CARTESIAN_POINT('',(-0.117588775690501,0.009525,0.0331399384725444));
#13767=CARTESIAN_POINT('',(-0.119551657674567,0.009525,0.0340564652184749));
#13768=CARTESIAN_POINT('',(-0.120531228870711,0.009525,0.0350850601881156));
#13769=CARTESIAN_POINT('',(-0.112487541312312,0.009525,0.0312262734490223));
#13770=CARTESIAN_POINT('',(-0.112487541312312,0.0127,0.0312262734490223));
#13771=CARTESIAN_POINT('',(-0.114579776241727,0.009525,0.0318910323007499));
#13772=CARTESIAN_POINT('',(-0.114579776241727,0.0127,0.0318910323007499));
#13773=CARTESIAN_POINT('',(-0.116280187701124,0.009525,0.032528920641924));
#13774=CARTESIAN_POINT('',(-0.116280187701124,0.0127,0.032528920641924));
#13775=CARTESIAN_POINT('',(-0.117588775690501,0.009525,0.0331399384725444));
#13776=CARTESIAN_POINT('',(-0.117588775690501,0.0127,0.0331399384725444));
#13777=CARTESIAN_POINT('',(-0.112487541312312,0.0127,0.0312262734490223));
#13778=CARTESIAN_POINT('',(-0.115625893706435,0.0127,0.0322234117266138));
#13779=CARTESIAN_POINT('',(-0.117588775690501,0.0127,0.0331399384725444));
#13780=CARTESIAN_POINT('',(-0.112487541312312,0.0127,0.0312262734490223));
#13781=CARTESIAN_POINT('',(-0.112487541312312,0.009525,0.0312262734490223));
#13782=CARTESIAN_POINT('',(-0.112487541312312,0.009525,0.0312262734490223));
#13783=CARTESIAN_POINT('',(-0.112487541312312,0.009525,0.0312262734490223));
#13784=CARTESIAN_POINT('',(-0.115625893706435,0.009525,0.0322234117266138));
#13785=CARTESIAN_POINT('',(-0.117588775690501,0.009525,0.0331399384725444));
#13786=CARTESIAN_POINT('',(-0.107181401370179,0.009525,0.0298332380129507));
#13787=CARTESIAN_POINT('',(-0.107181401370179,0.0127,0.0298332380129507));
#13788=CARTESIAN_POINT('',(-0.108602681812515,0.009525,0.0300895722079178));
#13789=CARTESIAN_POINT('',(-0.108602681812515,0.0127,0.0300895722079178));
#13790=CARTESIAN_POINT('',(-0.11037139512656,0.009525,0.030553917353275));
#13791=CARTESIAN_POINT('',(-0.11037139512656,0.0127,0.030553917353275));
#13792=CARTESIAN_POINT('',(-0.112487541312312,0.009525,0.0312262734490223));
#13793=CARTESIAN_POINT('',(-0.112487541312312,0.0127,0.0312262734490223));
#13794=CARTESIAN_POINT('',(-0.107181401370179,0.0127,0.0298332380129507));
#13795=CARTESIAN_POINT('',(-0.109313322033684,0.0127,0.0302177393054013));
#13796=CARTESIAN_POINT('',(-0.112487541312312,0.0127,0.0312262734490223));
#13797=CARTESIAN_POINT('',(-0.107181401370179,0.0127,0.0298332380129507));
#13798=CARTESIAN_POINT('',(-0.107181401370179,0.009525,0.0298332380129507));
#13799=CARTESIAN_POINT('',(-0.107181401370179,0.009525,0.0298332380129507));
#13800=CARTESIAN_POINT('',(-0.107181401370179,0.009525,0.0298332380129507));
#13801=CARTESIAN_POINT('',(-0.109313322033684,0.009525,0.0302177393054013));
#13802=CARTESIAN_POINT('',(-0.112487541312312,0.009525,0.0312262734490223));
#13803=CARTESIAN_POINT('',(-0.103676782060747,0.009525,0.0297299528096985));
#13804=CARTESIAN_POINT('',(-0.103676782060747,0.0127,0.0297299528096985));
#13805=CARTESIAN_POINT('',(-0.104591914491365,0.009525,0.0295424754168996));
#13806=CARTESIAN_POINT('',(-0.104591914491365,0.0127,0.0295424754168996));
#13807=CARTESIAN_POINT('',(-0.105760120927842,0.009525,0.0295769038179836));
#13808=CARTESIAN_POINT('',(-0.105760120927842,0.0127,0.0295769038179836));
#13809=CARTESIAN_POINT('',(-0.107181401370179,0.009525,0.0298332380129507));
#13810=CARTESIAN_POINT('',(-0.107181401370179,0.0127,0.0298332380129507));
#13811=CARTESIAN_POINT('',(-0.103676782060747,0.0127,0.0297299528096985));
#13812=CARTESIAN_POINT('',(-0.105049480706674,0.0127,0.0294487367205001));
#13813=CARTESIAN_POINT('',(-0.107181401370179,0.0127,0.0298332380129507));
#13814=CARTESIAN_POINT('',(-0.103676782060747,0.0127,0.0297299528096985));
#13815=CARTESIAN_POINT('',(-0.103676782060747,0.009525,0.0297299528096985));
#13816=CARTESIAN_POINT('',(-0.103676782060747,0.009525,0.0297299528096985));
#13817=CARTESIAN_POINT('',(-0.103676782060747,0.009525,0.0297299528096985));
#13818=CARTESIAN_POINT('',(-0.105049480706674,0.009525,0.0294487367205001));
#13819=CARTESIAN_POINT('',(-0.107181401370179,0.009525,0.0298332380129507));
#13820=CARTESIAN_POINT('',(-0.10150951299348,0.009525,0.0309170172303087));
#13821=CARTESIAN_POINT('',(-0.10150951299348,0.0127,0.0309170172303087));
#13822=CARTESIAN_POINT('',(-0.102039226607707,0.009525,0.0303131183427008));
#13823=CARTESIAN_POINT('',(-0.102039226607707,0.0127,0.0303131183427008));
#13824=CARTESIAN_POINT('',(-0.102761649630129,0.009525,0.0299174302024974));
#13825=CARTESIAN_POINT('',(-0.102761649630129,0.0127,0.0299174302024974));
#13826=CARTESIAN_POINT('',(-0.103676782060747,0.009525,0.0297299528096985));
#13827=CARTESIAN_POINT('',(-0.103676782060747,0.0127,0.0297299528096985));
#13828=CARTESIAN_POINT('',(-0.10150951299348,0.0127,0.0309170172303087));
#13829=CARTESIAN_POINT('',(-0.10230408341482,0.0127,0.0300111688988969));
#13830=CARTESIAN_POINT('',(-0.103676782060747,0.0127,0.0297299528096985));
#13831=CARTESIAN_POINT('',(-0.10150951299348,0.0127,0.0309170172303087));
#13832=CARTESIAN_POINT('',(-0.10150951299348,0.009525,0.0309170172303087));
#13833=CARTESIAN_POINT('',(-0.10150951299348,0.009525,0.0309170172303087));
#13834=CARTESIAN_POINT('',(-0.10150951299348,0.009525,0.0309170172303087));
#13835=CARTESIAN_POINT('',(-0.10230408341482,0.009525,0.0300111688988969));
#13836=CARTESIAN_POINT('',(-0.103676782060747,0.009525,0.0297299528096985));
#13837=CARTESIAN_POINT('',(-0.119121217834619,0.00952499999999821,0.00760490480398218));
#13838=CARTESIAN_POINT('',(-0.103792667267265,0.009525,0.0445483182090813));
#13839=CARTESIAN_POINT('',(-0.103792667971451,0.009525,0.0445483381083297));
#13840=CARTESIAN_POINT('',(-0.119121217834619,0.009525,0.00760490480398218));
#13841=CARTESIAN_POINT('',(-0.105668566694332,0.00952500000000061,0.0452725655385703));
#13842=CARTESIAN_POINT('',(-0.105668531209564,0.009525,0.0452726651052997));
#13843=CARTESIAN_POINT('',(-0.114464747980182,0.00952499999999981,0.0210875733965975));
#13844=CARTESIAN_POINT('',(-0.100367050586469,0.009525,0.0426635740253935));
#13845=CARTESIAN_POINT('',(-0.100367050586469,0.009525,0.0426635740253935));
#13846=CARTESIAN_POINT('',(-0.114464747980182,0.009525,0.0210875733965975));
#13847=CARTESIAN_POINT('',(-0.0976912904343425,0.009525,0.0401483508515239));
#13848=CARTESIAN_POINT('',(-0.0976912904343425,0.0127,0.0401483508515239));
#13849=CARTESIAN_POINT('',(-0.0983946259513647,0.009525,0.0411176972388075));
#13850=CARTESIAN_POINT('',(-0.0983946259513647,0.0127,0.0411176972388075));
#13851=CARTESIAN_POINT('',(-0.0992865460020735,0.009525,0.0419561049634307));
#13852=CARTESIAN_POINT('',(-0.0992865460020735,0.0127,0.0419561049634307));
#13853=CARTESIAN_POINT('',(-0.100367050586469,0.009525,0.0426635740253935));
#13854=CARTESIAN_POINT('',(-0.100367050586469,0.0127,0.0426635740253935));
#13855=CARTESIAN_POINT('',(-0.0976912904343425,0.009525,0.0401483508515239));
#13856=CARTESIAN_POINT('',(-0.0976912904343425,0.009525,0.0401483508515239));
#13857=CARTESIAN_POINT('',(-0.0976912904343425,0.009525,0.0401483508515239));
#13858=CARTESIAN_POINT('',(-0.0987462937098757,0.009525,0.0416023704324493));
#13859=CARTESIAN_POINT('',(-0.100367050586469,0.009525,0.0426635740253935));
#13860=CARTESIAN_POINT('',(-0.0963366482486105,0.009525,0.0367892771343075));
#13861=CARTESIAN_POINT('',(-0.0963366482486105,0.0127,0.0367892771343075));
#13862=CARTESIAN_POINT('',(-0.0965364075220764,0.009525,0.0380593132251682));
#13863=CARTESIAN_POINT('',(-0.0965364075220764,0.0127,0.0380593132251682));
#13864=CARTESIAN_POINT('',(-0.0969879549173204,0.009525,0.0391790044642403));
#13865=CARTESIAN_POINT('',(-0.0969879549173204,0.0127,0.0391790044642403));
#13866=CARTESIAN_POINT('',(-0.0976912904343425,0.009525,0.0401483508515239));
#13867=CARTESIAN_POINT('',(-0.0976912904343425,0.0127,0.0401483508515239));
#13868=CARTESIAN_POINT('',(-0.0963366482486105,0.009525,0.0367892771343075));
#13869=CARTESIAN_POINT('',(-0.0963366482486105,0.009525,0.0367892771343075));
#13870=CARTESIAN_POINT('',(-0.0963366482486105,0.009525,0.0367892771343075));
#13871=CARTESIAN_POINT('',(-0.0966362871588093,0.009525,0.0386943312705985));
#13872=CARTESIAN_POINT('',(-0.0976912904343425,0.009525,0.0401483508515239));
#13873=CARTESIAN_POINT('',(-0.0968385185824947,0.009525,0.0323615854545495));
#13874=CARTESIAN_POINT('',(-0.0968385185824947,0.0127,0.0323615854545495));
#13875=CARTESIAN_POINT('',(-0.0963041790864394,0.009525,0.0340433438168608));
#13876=CARTESIAN_POINT('',(-0.0963041790864394,0.0127,0.0340433438168608));
#13877=CARTESIAN_POINT('',(-0.0961368889751446,0.009525,0.0355192410434468));
#13878=CARTESIAN_POINT('',(-0.0961368889751446,0.0127,0.0355192410434468));
#13879=CARTESIAN_POINT('',(-0.0963366482486105,0.009525,0.0367892771343075));
#13880=CARTESIAN_POINT('',(-0.0963366482486105,0.0127,0.0367892771343075));
#13881=CARTESIAN_POINT('',(-0.0968385185824947,0.009525,0.0323615854545495));
#13882=CARTESIAN_POINT('',(-0.0968385185824947,0.009525,0.0323615854545495));
#13883=CARTESIAN_POINT('',(-0.0968385185824947,0.009525,0.0323615854545495));
#13884=CARTESIAN_POINT('',(-0.0960370093384117,0.009525,0.0348842229980164));
#13885=CARTESIAN_POINT('',(-0.0963366482486105,0.009525,0.0367892771343075));
#13886=CARTESIAN_POINT('',(-0.0996024123837221,0.009525,0.0279089148024851));
#13887=CARTESIAN_POINT('',(-0.0996024123837221,0.0127,0.0279089148024851));
#13888=CARTESIAN_POINT('',(-0.098400517428569,0.009525,0.0288608459528436));
#13889=CARTESIAN_POINT('',(-0.098400517428569,0.0127,0.0288608459528436));
#13890=CARTESIAN_POINT('',(-0.0974792194948265,0.009525,0.0303450695035317));
#13891=CARTESIAN_POINT('',(-0.0974792194948265,0.0127,0.0303450695035317));
#13892=CARTESIAN_POINT('',(-0.0968385185824947,0.009525,0.0323615854545495));
#13893=CARTESIAN_POINT('',(-0.0968385185824947,0.0127,0.0323615854545495));
#13894=CARTESIAN_POINT('',(-0.0996024123837221,0.009525,0.0279089148024851));
#13895=CARTESIAN_POINT('',(-0.0996024123837221,0.009525,0.0279089148024851));
#13896=CARTESIAN_POINT('',(-0.0996024123837221,0.009525,0.0279089148024851));
#13897=CARTESIAN_POINT('',(-0.0977995699509924,0.009525,0.0293368115280229));
#13898=CARTESIAN_POINT('',(-0.0968385185824947,0.009525,0.0323615854545495));
#13899=CARTESIAN_POINT('',(-0.104932352104738,0.00952499999999998,0.0345795107271813));
#13900=CARTESIAN_POINT('',(-0.103684532250949,0.009525,0.0261324573573744));
#13901=CARTESIAN_POINT('',(-0.103684532250949,0.009525,0.0261324573573744));
#13902=CARTESIAN_POINT('',(-0.104932352104738,0.009525,0.0345795107271813));
#13903=CARTESIAN_POINT('',(-0.108548394861163,0.009525,0.0262661525905266));
#13904=CARTESIAN_POINT('',(-0.108548394861163,0.0127,0.0262661525905266));
#13905=CARTESIAN_POINT('',(-0.106825338077352,0.009525,0.0259446486220433));
#13906=CARTESIAN_POINT('',(-0.106825338077352,0.0127,0.0259446486220433));
#13907=CARTESIAN_POINT('',(-0.105204050540614,0.009525,0.0259000835443259));
#13908=CARTESIAN_POINT('',(-0.105204050540614,0.0127,0.0259000835443259));
#13909=CARTESIAN_POINT('',(-0.103684532250949,0.009525,0.0261324573573744));
#13910=CARTESIAN_POINT('',(-0.103684532250949,0.0127,0.0261324573573744));
#13911=CARTESIAN_POINT('',(-0.108548394861163,0.009525,0.0262661525905266));
#13912=CARTESIAN_POINT('',(-0.108548394861163,0.009525,0.0262661525905266));
#13913=CARTESIAN_POINT('',(-0.108548394861163,0.009525,0.0262661525905266));
#13914=CARTESIAN_POINT('',(-0.105963809685447,0.009525,0.0257838966378016));
#13915=CARTESIAN_POINT('',(-0.103684532250949,0.009525,0.0261324573573744));
#13916=CARTESIAN_POINT('',(-0.100701488963717,0.00952499999999971,0.06827840069625));
#13917=CARTESIAN_POINT('',(-0.113655617580347,0.009525,0.0275499177873347));
#13918=CARTESIAN_POINT('',(-0.113655646481356,0.009525,0.0275498271929317));
#13919=CARTESIAN_POINT('',(-0.100701488963717,0.009525,0.06827840069625));
#13920=CARTESIAN_POINT('',(-0.10035277049103,0.00952499999999967,0.0693062790046163));
#13921=CARTESIAN_POINT('',(-0.118424413502439,0.009525,0.0293809927103819));
#13922=CARTESIAN_POINT('',(-0.118424413502439,0.009525,0.0293809927103819));
#13923=CARTESIAN_POINT('',(-0.10035277049103,0.009525,0.0693062790046163));
#13924=CARTESIAN_POINT('',(-0.122434725912284,0.009525,0.032004337497244));
#13925=CARTESIAN_POINT('',(-0.122434725912284,0.0127,0.032004337497244));
#13926=CARTESIAN_POINT('',(-0.121334342203201,0.009525,0.0309658760313745));
#13927=CARTESIAN_POINT('',(-0.121334342203201,0.0127,0.0309658760313745));
#13928=CARTESIAN_POINT('',(-0.11999757139992,0.009525,0.0300914277690872));
#13929=CARTESIAN_POINT('',(-0.11999757139992,0.0127,0.0300914277690872));
#13930=CARTESIAN_POINT('',(-0.118424413502439,0.009525,0.0293809927103819));
#13931=CARTESIAN_POINT('',(-0.118424413502439,0.0127,0.0293809927103819));
#13932=CARTESIAN_POINT('',(-0.122434725912284,0.009525,0.032004337497244));
#13933=CARTESIAN_POINT('',(-0.122434725912284,0.009525,0.032004337497244));
#13934=CARTESIAN_POINT('',(-0.122434725912284,0.009525,0.032004337497244));
#13935=CARTESIAN_POINT('',(-0.12078415034866,0.009525,0.0304466452984398));
#13936=CARTESIAN_POINT('',(-0.118424413502439,0.009525,0.0293809927103819));
#13937=CARTESIAN_POINT('',(-0.124727664884621,0.009525,0.0357865773758618));
#13938=CARTESIAN_POINT('',(-0.124727664884621,0.0127,0.0357865773758618));
#13939=CARTESIAN_POINT('',(-0.124299422612146,0.009525,0.0343035455893194));
#13940=CARTESIAN_POINT('',(-0.124299422612146,0.0127,0.0343035455893194));
#13941=CARTESIAN_POINT('',(-0.123535109621366,0.009525,0.0330427989631135));
#13942=CARTESIAN_POINT('',(-0.123535109621366,0.0127,0.0330427989631135));
#13943=CARTESIAN_POINT('',(-0.122434725912284,0.009525,0.032004337497244));
#13944=CARTESIAN_POINT('',(-0.122434725912284,0.0127,0.032004337497244));
#13945=CARTESIAN_POINT('',(-0.124727664884621,0.009525,0.0357865773758618));
#13946=CARTESIAN_POINT('',(-0.124727664884621,0.009525,0.0357865773758618));
#13947=CARTESIAN_POINT('',(-0.124727664884621,0.009525,0.0357865773758618));
#13948=CARTESIAN_POINT('',(-0.124085301475908,0.009525,0.0335620296960482));
#13949=CARTESIAN_POINT('',(-0.122434725912284,0.009525,0.032004337497244));
#13950=CARTESIAN_POINT('',(-0.124384285881773,0.009525,0.0411136105652948));
#13951=CARTESIAN_POINT('',(-0.124384285881773,0.0127,0.0411136105652948));
#13952=CARTESIAN_POINT('',(-0.125041447489481,0.009525,0.0390452868922153));
#13953=CARTESIAN_POINT('',(-0.125041447489481,0.0127,0.0390452868922153));
#13954=CARTESIAN_POINT('',(-0.125155907157097,0.009525,0.0372696091624043));
#13955=CARTESIAN_POINT('',(-0.125155907157097,0.0127,0.0372696091624043));
#13956=CARTESIAN_POINT('',(-0.124727664884621,0.009525,0.0357865773758618));
#13957=CARTESIAN_POINT('',(-0.124727664884621,0.0127,0.0357865773758618));
#13958=CARTESIAN_POINT('',(-0.124384285881773,0.009525,0.0411136105652948));
#13959=CARTESIAN_POINT('',(-0.124384285881773,0.009525,0.0411136105652948));
#13960=CARTESIAN_POINT('',(-0.124384285881773,0.009525,0.0411136105652948));
#13961=CARTESIAN_POINT('',(-0.125370028293335,0.009525,0.0380111250556755));
#13962=CARTESIAN_POINT('',(-0.124727664884621,0.009525,0.0357865773758618));
#13963=CARTESIAN_POINT('',(-0.121672543049127,0.009525,0.045536782040303));
#13964=CARTESIAN_POINT('',(-0.121672543049127,0.0127,0.045536782040303));
#13965=CARTESIAN_POINT('',(-0.122848534143249,0.009525,0.0445766205422564));
#13966=CARTESIAN_POINT('',(-0.122848534143249,0.0127,0.0445766205422564));
#13967=CARTESIAN_POINT('',(-0.123752448420798,0.009525,0.043102230050587));
#13968=CARTESIAN_POINT('',(-0.123752448420798,0.0127,0.043102230050587));
#13969=CARTESIAN_POINT('',(-0.124384285881773,0.009525,0.0411136105652948));
#13970=CARTESIAN_POINT('',(-0.124384285881773,0.0127,0.0411136105652948));
#13971=CARTESIAN_POINT('',(-0.121672543049127,0.009525,0.045536782040303));
#13972=CARTESIAN_POINT('',(-0.121672543049127,0.009525,0.045536782040303));
#13973=CARTESIAN_POINT('',(-0.121672543049127,0.009525,0.045536782040303));
#13974=CARTESIAN_POINT('',(-0.12343652969031,0.009525,0.0440965397932331));
#13975=CARTESIAN_POINT('',(-0.124384285881773,0.009525,0.0411136105652948));
#13976=CARTESIAN_POINT('',(-0.117686068207244,0.009525,0.0473436284614926));
#13977=CARTESIAN_POINT('',(-0.117686068207244,0.0127,0.0473436284614926));
#13978=CARTESIAN_POINT('',(-0.11916772700771,0.009525,0.0470992256787461));
#13979=CARTESIAN_POINT('',(-0.11916772700771,0.0127,0.0470992256787461));
#13980=CARTESIAN_POINT('',(-0.120496551955005,0.009525,0.0464969435383495));
#13981=CARTESIAN_POINT('',(-0.120496551955005,0.0127,0.0464969435383495));
#13982=CARTESIAN_POINT('',(-0.121672543049127,0.009525,0.045536782040303));
#13983=CARTESIAN_POINT('',(-0.121672543049127,0.0127,0.045536782040303));
#13984=CARTESIAN_POINT('',(-0.117686068207244,0.009525,0.0473436284614926));
#13985=CARTESIAN_POINT('',(-0.117686068207244,0.009525,0.0473436284614926));
#13986=CARTESIAN_POINT('',(-0.117686068207244,0.009525,0.0473436284614926));
#13987=CARTESIAN_POINT('',(-0.119908556407943,0.009525,0.0469770242873728));
#13988=CARTESIAN_POINT('',(-0.121672543049127,0.009525,0.045536782040303));
#13989=CARTESIAN_POINT('',(-0.112894219247108,0.009525,0.0472525577136567));
#13990=CARTESIAN_POINT('',(-0.112894219247108,0.0127,0.0472525577136567));
#13991=CARTESIAN_POINT('',(-0.114607126420066,0.009525,0.0475576743282938));
#13992=CARTESIAN_POINT('',(-0.114607126420066,0.0127,0.0475576743282938));
#13993=CARTESIAN_POINT('',(-0.116204409406779,0.009525,0.0475880312442391));
#13994=CARTESIAN_POINT('',(-0.116204409406779,0.0127,0.0475880312442391));
#13995=CARTESIAN_POINT('',(-0.117686068207244,0.009525,0.0473436284614926));
#13996=CARTESIAN_POINT('',(-0.117686068207244,0.0127,0.0473436284614926));
#13997=CARTESIAN_POINT('',(-0.112894219247108,0.009525,0.0472525577136567));
#13998=CARTESIAN_POINT('',(-0.112894219247108,0.009525,0.0472525577136567));
#13999=CARTESIAN_POINT('',(-0.112894219247108,0.009525,0.0472525577136567));
#14000=CARTESIAN_POINT('',(-0.115463580006546,0.009525,0.0477102326356124));
#14001=CARTESIAN_POINT('',(-0.117686068207244,0.009525,0.0473436284614926));
#14002=CARTESIAN_POINT('',(-0.119924958710562,0.00952499999999974,0.00791096092241565));
#14003=CARTESIAN_POINT('',(-0.10779624313012,0.009525,0.0459914742366131));
#14004=CARTESIAN_POINT('',(-0.107796282057856,0.009525,0.0459913520331114));
#14005=CARTESIAN_POINT('',(-0.119924958710562,0.009525,0.00791096092241565));
#14006=CARTESIAN_POINT('',(-0.125887687481374,0.0095249999999968,-0.0110883394327167));
#14007=CARTESIAN_POINT('',(-0.125887687481374,0.009525,-0.0110883394327167));
#14008=CARTESIAN_POINT('',(-0.100204027911812,0.009525,0.0334308975503285));
#14009=CARTESIAN_POINT('',(-0.100204027911812,0.0127,0.0334308975503285));
#14010=CARTESIAN_POINT('',(-0.100544637685364,0.009525,0.0323588762245898));
#14011=CARTESIAN_POINT('',(-0.100544637685364,0.0127,0.0323588762245898));
#14012=CARTESIAN_POINT('',(-0.100979799379253,0.009525,0.0315209161179165));
#14013=CARTESIAN_POINT('',(-0.100979799379253,0.0127,0.0315209161179165));
#14014=CARTESIAN_POINT('',(-0.10150951299348,0.009525,0.0309170172303087));
#14015=CARTESIAN_POINT('',(-0.10150951299348,0.0127,0.0309170172303087));
#14016=CARTESIAN_POINT('',(-0.100204027911812,0.0127,0.0334308975503285));
#14017=CARTESIAN_POINT('',(-0.10071494257214,0.0127,0.0318228655617204));
#14018=CARTESIAN_POINT('',(-0.10150951299348,0.0127,0.0309170172303087));
#14019=CARTESIAN_POINT('',(-0.100204027911812,0.009525,0.0334308975503285));
#14020=CARTESIAN_POINT('',(-0.10071494257214,0.009525,0.0318228655617204));
#14021=CARTESIAN_POINT('',(-0.10150951299348,0.009525,0.0309170172303087));
#14022=CARTESIAN_POINT('',(-0.13637448688808,0.009525,0.0616753833623586));
#14023=CARTESIAN_POINT('',(-0.104458446582841,0.009525,0.0662733817042703));
#14024=CARTESIAN_POINT('',(-0.104458446582841,0.0127,0.0662733817042703));
#14025=CARTESIAN_POINT('',(-0.10125610679893,0.009525,0.0647801061390184));
#14026=CARTESIAN_POINT('',(-0.10125610679893,0.0127,0.0647801061390184));
#14027=CARTESIAN_POINT('',(-0.1002937760985,0.009525,0.0626634732890745));
#14028=CARTESIAN_POINT('',(-0.1002937760985,0.0127,0.0626634732890745));
#14029=CARTESIAN_POINT('',(-0.10157145448155,0.009525,0.0599234831544386));
#14030=CARTESIAN_POINT('',(-0.10157145448155,0.0127,0.0599234831544386));
#14031=CARTESIAN_POINT('',(-0.104458446582841,0.009525,0.0662733817042703));
#14032=CARTESIAN_POINT('',(-0.109110517322831,0.009525,0.0670273930910171));
#14033=CARTESIAN_POINT('',(-0.109110517322831,0.0127,0.0670273930910171));
#14034=CARTESIAN_POINT('',(-0.107828217416814,0.009525,0.0673729700418497));
#14035=CARTESIAN_POINT('',(-0.107828217416814,0.0127,0.0673729700418497));
#14036=CARTESIAN_POINT('',(-0.106277527170151,0.009525,0.0671216329129341));
#14037=CARTESIAN_POINT('',(-0.106277527170151,0.0127,0.0671216329129341));
#14038=CARTESIAN_POINT('',(-0.104458446582841,0.009525,0.0662733817042703));
#14039=CARTESIAN_POINT('',(-0.104458446582841,0.0127,0.0662733817042703));
#14040=CARTESIAN_POINT('',(-0.109110517322831,0.009525,0.0670273930910171));
#14041=CARTESIAN_POINT('',(-0.111967043511387,0.009525,0.0645080390187272));
#14042=CARTESIAN_POINT('',(-0.111967043511387,0.0127,0.0645080390187272));
#14043=CARTESIAN_POINT('',(-0.111344992625033,0.009525,0.0658420314494213));
#14044=CARTESIAN_POINT('',(-0.111344992625033,0.0127,0.0658420314494213));
#14045=CARTESIAN_POINT('',(-0.110392817228848,0.009525,0.0666818161401846));
#14046=CARTESIAN_POINT('',(-0.110392817228848,0.0127,0.0666818161401846));
#14047=CARTESIAN_POINT('',(-0.109110517322831,0.009525,0.0670273930910171));
#14048=CARTESIAN_POINT('',(-0.109110517322831,0.0127,0.0670273930910171));
#14049=CARTESIAN_POINT('',(-0.111967043511387,0.009525,0.0645080390187272));
#14050=CARTESIAN_POINT('',(-0.111634080777357,0.009525,0.0590999584270329));
#14051=CARTESIAN_POINT('',(-0.111634080777357,0.0127,0.0590999584270329));
#14052=CARTESIAN_POINT('',(-0.112773227552745,0.009525,0.0607384646031334));
#14053=CARTESIAN_POINT('',(-0.112773227552745,0.0127,0.0607384646031334));
#14054=CARTESIAN_POINT('',(-0.112884215130755,0.009525,0.0625411581336981));
#14055=CARTESIAN_POINT('',(-0.112884215130755,0.0127,0.0625411581336981));
#14056=CARTESIAN_POINT('',(-0.111967043511387,0.009525,0.0645080390187272));
#14057=CARTESIAN_POINT('',(-0.111967043511387,0.0127,0.0645080390187272));
#14058=CARTESIAN_POINT('',(-0.111634080777357,0.009525,0.0590999584270329));
#14059=CARTESIAN_POINT('',(-0.104576126762216,0.009525,0.0541478104524051));
#14060=CARTESIAN_POINT('',(-0.104576126762216,0.0127,0.0541478104524051));
#14061=CARTESIAN_POINT('',(-0.108142282663589,0.009525,0.0558107362593898));
#14062=CARTESIAN_POINT('',(-0.108142282663589,0.0127,0.0558107362593898));
#14063=CARTESIAN_POINT('',(-0.110494934001969,0.009525,0.0574614522509324));
#14064=CARTESIAN_POINT('',(-0.110494934001969,0.0127,0.0574614522509324));
#14065=CARTESIAN_POINT('',(-0.111634080777357,0.009525,0.0590999584270329));
#14066=CARTESIAN_POINT('',(-0.111634080777357,0.0127,0.0590999584270329));
#14067=CARTESIAN_POINT('',(-0.104576126762216,0.009525,0.0541478104524051));
#14068=CARTESIAN_POINT('',(-0.0963924007415287,0.009525,0.0530791974895719));
#14069=CARTESIAN_POINT('',(-0.0963924007415287,0.0127,0.0530791974895719));
#14070=CARTESIAN_POINT('',(-0.0986951450706496,0.009525,0.0523213040364434));
#14071=CARTESIAN_POINT('',(-0.0986951450706496,0.0127,0.0523213040364434));
#14072=CARTESIAN_POINT('',(-0.101423053744212,0.009525,0.0526775083573878));
#14073=CARTESIAN_POINT('',(-0.101423053744212,0.0127,0.0526775083573878));
#14074=CARTESIAN_POINT('',(-0.104576126762216,0.009525,0.0541478104524051));
#14075=CARTESIAN_POINT('',(-0.104576126762216,0.0127,0.0541478104524051));
#14076=CARTESIAN_POINT('',(-0.0963924007415287,0.009525,0.0530791974895719));
#14077=CARTESIAN_POINT('',(-0.091003211178083,0.009525,0.0583658152590658));
#14078=CARTESIAN_POINT('',(-0.091003211178083,0.0127,0.0583658152590658));
#14079=CARTESIAN_POINT('',(-0.0922932598912592,0.009525,0.055599296865865));
#14080=CARTESIAN_POINT('',(-0.0922932598912592,0.0127,0.055599296865865));
#14081=CARTESIAN_POINT('',(-0.0940896564124078,0.009525,0.0538370909427004));
#14082=CARTESIAN_POINT('',(-0.0940896564124078,0.0127,0.0538370909427004));
#14083=CARTESIAN_POINT('',(-0.0963924007415287,0.009525,0.0530791974895719));
#14084=CARTESIAN_POINT('',(-0.0963924007415287,0.0127,0.0530791974895719));
#14085=CARTESIAN_POINT('',(-0.091003211178083,0.009525,0.0583658152590658));
#14086=CARTESIAN_POINT('',(-0.0904094353320183,0.009525,0.0596391716701829));
#14087=CARTESIAN_POINT('',(-0.090486565976467,0.009525,0.0594737644693793));
#14088=CARTESIAN_POINT('',(-0.095341228327368,0.009525,0.0497307752588542));
#14089=CARTESIAN_POINT('',(-0.095341228327368,0.0127,0.0497307752588542));
#14090=CARTESIAN_POINT('',(-0.0919908830927565,0.009525,0.0508998564522292));
#14091=CARTESIAN_POINT('',(-0.0919908830927565,0.0127,0.0508998564522292));
#14092=CARTESIAN_POINT('',(-0.0894109091862094,0.009525,0.0534247496753808));
#14093=CARTESIAN_POINT('',(-0.0894109091862094,0.0127,0.0534247496753808));
#14094=CARTESIAN_POINT('',(-0.0876013066077266,0.009525,0.0573054549283091));
#14095=CARTESIAN_POINT('',(-0.0876013066077266,0.0127,0.0573054549283091));
#14096=CARTESIAN_POINT('',(-0.095341228327368,0.009525,0.0497307752588542));
#14097=CARTESIAN_POINT('',(-0.106187804058678,0.009525,0.0506915573365159));
#14098=CARTESIAN_POINT('',(-0.106187804058678,0.0127,0.0506915573365159));
#14099=CARTESIAN_POINT('',(-0.102307098805749,0.009525,0.0488819547580331));
#14100=CARTESIAN_POINT('',(-0.102307098805749,0.0127,0.0488819547580331));
#14101=CARTESIAN_POINT('',(-0.0986915735619795,0.009525,0.0485616940654792));
#14102=CARTESIAN_POINT('',(-0.0986915735619795,0.0127,0.0485616940654792));
#14103=CARTESIAN_POINT('',(-0.095341228327368,0.009525,0.0497307752588542));
#14104=CARTESIAN_POINT('',(-0.095341228327368,0.0127,0.0497307752588542));
#14105=CARTESIAN_POINT('',(-0.106187804058678,0.009525,0.0506915573365159));
#14106=CARTESIAN_POINT('',(-0.115128618016462,0.009525,0.0575425017801867));
#14107=CARTESIAN_POINT('',(-0.115128618016462,0.0127,0.0575425017801867));
#14108=CARTESIAN_POINT('',(-0.113727146099885,0.009525,0.0551011350761198));
#14109=CARTESIAN_POINT('',(-0.113727146099885,0.0127,0.0551011350761198));
#14110=CARTESIAN_POINT('',(-0.110746874780624,0.009525,0.0528174869282296));
#14111=CARTESIAN_POINT('',(-0.110746874780624,0.0127,0.0528174869282296));
#14112=CARTESIAN_POINT('',(-0.106187804058678,0.009525,0.0506915573365159));
#14113=CARTESIAN_POINT('',(-0.106187804058678,0.0127,0.0506915573365159));
#14114=CARTESIAN_POINT('',(-0.115128618016462,0.009525,0.0575425017801867));
#14115=CARTESIAN_POINT('',(-0.114975007833287,0.009525,0.0660421692731648));
#14116=CARTESIAN_POINT('',(-0.114975007833287,0.0127,0.0660421692731648));
#14117=CARTESIAN_POINT('',(-0.116478886538648,0.009525,0.0628170909819129));
#14118=CARTESIAN_POINT('',(-0.116478886538648,0.0127,0.0628170909819129));
#14119=CARTESIAN_POINT('',(-0.116530089933039,0.009525,0.0599838684842535));
#14120=CARTESIAN_POINT('',(-0.116530089933039,0.0127,0.0599838684842535));
#14121=CARTESIAN_POINT('',(-0.115128618016462,0.009525,0.0575425017801867));
#14122=CARTESIAN_POINT('',(-0.115128618016462,0.0127,0.0575425017801867));
#14123=CARTESIAN_POINT('',(-0.114975007833287,0.009525,0.0660421692731648));
#14124=CARTESIAN_POINT('',(-0.11003729436911,0.009525,0.0706500028023449));
#14125=CARTESIAN_POINT('',(-0.11003729436911,0.0127,0.0706500028023449));
#14126=CARTESIAN_POINT('',(-0.112231678344019,0.009525,0.069931549292724));
#14127=CARTESIAN_POINT('',(-0.112231678344019,0.0127,0.069931549292724));
#14128=CARTESIAN_POINT('',(-0.113877582832079,0.009525,0.0683956047829973));
#14129=CARTESIAN_POINT('',(-0.113877582832079,0.0127,0.0683956047829973));
#14130=CARTESIAN_POINT('',(-0.114975007833287,0.009525,0.0660421692731648));
#14131=CARTESIAN_POINT('',(-0.114975007833287,0.0127,0.0660421692731648));
#14132=CARTESIAN_POINT('',(-0.11003729436911,0.009525,0.0706500028023449));
#14133=CARTESIAN_POINT('',(-0.102777848875676,0.009525,0.0698774351178784));
#14134=CARTESIAN_POINT('',(-0.102777848875676,0.0127,0.0698774351178784));
#14135=CARTESIAN_POINT('',(-0.105423095229722,0.009525,0.071110933750477));
#14136=CARTESIAN_POINT('',(-0.105423095229722,0.0127,0.071110933750477));
#14137=CARTESIAN_POINT('',(-0.107842910394201,0.009525,0.0713684563119658));
#14138=CARTESIAN_POINT('',(-0.107842910394201,0.0127,0.0713684563119658));
#14139=CARTESIAN_POINT('',(-0.11003729436911,0.009525,0.0706500028023449));
#14140=CARTESIAN_POINT('',(-0.11003729436911,0.0127,0.0706500028023449));
#14141=CARTESIAN_POINT('',(-0.102777848875676,0.009525,0.0698774351178784));
#14142=CARTESIAN_POINT('',(-0.097877923486971,0.009525,0.0651357109760123));
#14143=CARTESIAN_POINT('',(-0.097877923486971,0.0127,0.0651357109760123));
#14144=CARTESIAN_POINT('',(-0.0986698328637876,0.009525,0.0671428853221367));
#14145=CARTESIAN_POINT('',(-0.0986698328637876,0.0127,0.0671428853221367));
#14146=CARTESIAN_POINT('',(-0.100303141326689,0.009525,0.0687234600360921));
#14147=CARTESIAN_POINT('',(-0.100303141326689,0.0127,0.0687234600360921));
#14148=CARTESIAN_POINT('',(-0.102777848875676,0.009525,0.0698774351178784));
#14149=CARTESIAN_POINT('',(-0.102777848875676,0.0127,0.0698774351178784));
#14150=CARTESIAN_POINT('',(-0.097877923486971,0.009525,0.0651357109760123));
#14151=CARTESIAN_POINT('',(-0.0983017367182072,0.009525,0.0586686963409366));
#14152=CARTESIAN_POINT('',(-0.0983017367182072,0.0127,0.0586686963409366));
#14153=CARTESIAN_POINT('',(-0.0972272851872331,0.009525,0.0609728650848627));
#14154=CARTESIAN_POINT('',(-0.0972272851872331,0.0127,0.0609728650848627));
#14155=CARTESIAN_POINT('',(-0.0970860141101543,0.009525,0.063128536629888));
#14156=CARTESIAN_POINT('',(-0.0970860141101543,0.0127,0.063128536629888));
#14157=CARTESIAN_POINT('',(-0.097877923486971,0.009525,0.0651357109760123));
#14158=CARTESIAN_POINT('',(-0.097877923486971,0.0127,0.0651357109760123));
#14159=CARTESIAN_POINT('',(-0.0983017367182072,0.009525,0.0586686963409366));
#14160=CARTESIAN_POINT('',(-0.108246990137921,0.01016,0.0633109435580218));
#14161=CARTESIAN_POINT('',(-0.0997805211707248,0.009525,0.0563258182133412));
#14162=CARTESIAN_POINT('',(0.,0.0127,0.));
#14163=CARTESIAN_POINT('',(-0.126281823823388,0.009525,-0.0100120559594664));
#14164=CARTESIAN_POINT('',(-0.132721244673593,0.009525,-0.00976022450321197));
#14165=CARTESIAN_POINT('',(-0.131717677997168,0.009525,-0.0134734212059868));
#14166=CARTESIAN_POINT('',(-0.126281823823388,0.009525,-0.00950839304695749));
#14167=CARTESIAN_POINT('',(-0.131596398214306,0.009525,-0.0136995482630697));
#14168=CARTESIAN_POINT('',(-0.111273552997524,0.009525,-0.00963977824010337));
#14169=CARTESIAN_POINT('',(-0.120518044483016,0.009525,0.00949571626408047));
#14170=CARTESIAN_POINT('',(-0.131847502817112,0.009525,-0.00969906965886726));
#14171=CARTESIAN_POINT('',(-0.118574736551605,0.009525,-0.0162928372706615));
#14172=CARTESIAN_POINT('',(-0.118575774340334,0.009525,-0.00310754618542252));
#14173=CARTESIAN_POINT('',(-0.113348871478875,0.009525,-0.00969750158593535));
#14174=CARTESIAN_POINT('',(-0.101146413713665,0.009525,0.0574005987096733));
#14175=CARTESIAN_POINT('',(-0.088724884680089,0.009525,0.0586522789896498));
#14176=CARTESIAN_POINT('',(-0.0890478023645463,0.009525,0.0588028579788659));
#14177=CARTESIAN_POINT('',(-0.101005900446743,0.009525,0.0573350762972352));
#14178=CARTESIAN_POINT('',(-0.117198006074533,0.009525,0.0157117674102764));
#14179=CARTESIAN_POINT('',(-0.118253286157314,0.009525,0.0158873751651833));
#14180=CARTESIAN_POINT('',(-0.129300957085855,0.009525,0.00995689936383726));
#14181=CARTESIAN_POINT('',(-0.126686244483046,0.009525,0.0220087324494761));
#14182=CARTESIAN_POINT('',(-0.127279012726134,0.009525,0.0221073742243444));
#14183=CARTESIAN_POINT('',(-0.106126087810499,0.009525,0.0191795473626281));
#14184=CARTESIAN_POINT('',(-0.105531211533883,0.009525,0.0196104472694503));
#14185=MECHANICAL_DESIGN_GEOMETRIC_PRESENTATION_REPRESENTATION('',(#7998),
#14186);
#14186=(
GEOMETRIC_REPRESENTATION_CONTEXT(3)
GLOBAL_UNCERTAINTY_ASSIGNED_CONTEXT((#14187))
GLOBAL_UNIT_ASSIGNED_CONTEXT((#14190,#14189,#14188))
REPRESENTATION_CONTEXT('mirror plate','TOP_LEVEL_ASSEMBLY_PART')
);
#14187=UNCERTAINTY_MEASURE_WITH_UNIT(LENGTH_MEASURE(2.E-5),#14190,
'DISTANCE_ACCURACY_VALUE','Maximum Tolerance applied to model');
#14188=(
NAMED_UNIT(*)
SI_UNIT($,.STERADIAN.)
SOLID_ANGLE_UNIT()
);
#14189=(
NAMED_UNIT(*)
PLANE_ANGLE_UNIT()
SI_UNIT($,.RADIAN.)
);
#14190=(
LENGTH_UNIT()
NAMED_UNIT(*)
SI_UNIT($,.METRE.)
);
#14191=PRODUCT_DEFINITION_SHAPE('','',#14192);
#14192=PRODUCT_DEFINITION('','',#14194,#14193);
#14193=PRODUCT_DEFINITION_CONTEXT('',#14200,'design');
#14194=PRODUCT_DEFINITION_FORMATION_WITH_SPECIFIED_SOURCE('','',#14196,
 .NOT_KNOWN.);
#14195=PRODUCT_RELATED_PRODUCT_CATEGORY('','',(#14196));
#14196=PRODUCT('mirror plate','mirror plate','mirror plate',(#14198));
#14197=PRODUCT_CATEGORY('','');
#14198=PRODUCT_CONTEXT('',#14200,'mechanical');
#14199=APPLICATION_PROTOCOL_DEFINITION('international standard',
'ap242_managed_model_based_3d_engineering',2020,#14200);
#14200=APPLICATION_CONTEXT('managed model based 3d engineering');
ENDSEC;
END-ISO-10303-21;
